"","Region","year","RptArea","Log_rfharv","Gui_Nonpelharv","gui_pDSRinNonpel","gui_var_pDSRinNonpel","GuiDSR","var_GuiDSR","sqrt_GuiDSR","GuiDSR_UPRLWR95","blank","PRIV_rfharv","var_PRIV_rfharv","priv_pDSR","priv_var_pDSR","Priv_DSR","var_PrivDSR","sqrt_PrivDSR","PrivDSR_UPRLWR95","blank2","TotalDSRharv","var_totalDSRharv","sqrt_totalDSR","TotalDSR_UPRLWR95"
"1","SC",1998,"AFOGNAK",416,87,NA,NA,0,0,0,0,NA,113.501596084661,3943.57521179245,NA,NA,NA,NA,NA,NA,NA,NA,NA,NA,NA
"2","SC",1999,"AFOGNAK",506,87,NA,NA,0,0,0,0,NA,138.057229852978,5834.51150452161,NA,NA,NA,NA,NA,NA,NA,NA,NA,NA,NA
"3","SC",2000,"AFOGNAK",1412,188,NA,NA,0,0,0,0,NA,385.25060978736,45433.1512172934,NA,NA,NA,NA,NA,NA,NA,NA,NA,NA,NA
"4","SC",2001,"AFOGNAK",535,58,NA,NA,0,0,0,0,NA,145.969600733879,6522.45408997836,NA,NA,NA,NA,NA,NA,NA,NA,NA,NA,NA
"5","SC",2002,"AFOGNAK",345,54,NA,NA,0,0,0,0,NA,94.129929445212,2712.3245630524,NA,NA,NA,NA,NA,NA,NA,NA,NA,NA,NA
"6","SC",2003,"AFOGNAK",567,83,NA,NA,0,0,0,0,NA,154.700492740392,7326.0450447482,NA,NA,NA,NA,NA,NA,NA,NA,NA,NA,NA
"7","SC",2004,"AFOGNAK",468,130,NA,NA,0,0,0,0,NA,127.689295595244,4991.08737742482,NA,NA,NA,NA,NA,NA,NA,NA,NA,NA,NA
"8","SC",2005,"AFOGNAK",1385,206,NA,NA,0,0,0,0,NA,377.883919656866,43712.2351183465,NA,NA,NA,NA,NA,NA,NA,NA,NA,NA,NA
"9","SC",2006,"AFOGNAK",925,159,NA,NA,NA,0,0,0,NA,252.37734706325,19497.8593090671,NA,NA,NA,NA,NA,NA,NA,NA,NA,NA,NA
"10","SC",2007,"AFOGNAK",2488,304,NA,NA,NA,0,0,0,NA,678.826853506341,141060.110229208,NA,NA,NA,NA,NA,NA,NA,NA,NA,NA,NA
"11","SC",2008,"AFOGNAK",2670,601,NA,NA,NA,0,0,0,NA,728.48380179338,162452.346797263,NA,NA,NA,NA,NA,NA,NA,NA,NA,NA,NA
"12","SC",2009,"AFOGNAK",3763,557,NA,NA,NA,0,0,0,NA,1026.69833189082,322679.892423215,NA,NA,NA,NA,NA,NA,NA,NA,NA,NA,NA
"13","SC",2010,"AFOGNAK",3032,1061,NA,NA,NA,0,0,0,NA,827.252017617052,209489.307321405,NA,NA,NA,NA,NA,NA,NA,NA,NA,NA,NA
"14","SC",2011,"AFOGNAK",3052,487,NA,NA,NA,0,0,0,NA,852.740819584886,200039.386792782,NA,NA,NA,NA,NA,NA,NA,NA,NA,NA,NA
"15","SC",2012,"AFOGNAK",3025,564,NA,NA,NA,0,0,0,NA,1110.75418994413,261396.564199334,NA,NA,NA,NA,NA,NA,NA,NA,NA,NA,NA
"16","SC",2013,"AFOGNAK",2487,473,NA,NA,NA,0,0,0,NA,731.128956927867,125971.007753653,NA,NA,NA,NA,NA,NA,NA,NA,NA,NA,NA
"17","SC",2014,"AFOGNAK",2843,580,NA,NA,NA,0,0,0,NA,1234.160730187,268862.961985166,NA,NA,NA,NA,NA,NA,NA,NA,NA,NA,NA
"18","SC",2015,"AFOGNAK",3919,630,NA,NA,NA,0,0,0,NA,1736.49589725294,1075446.44057946,NA,NA,NA,NA,NA,NA,NA,NA,NA,NA,NA
"19","SC",2016,"AFOGNAK",5287,760,NA,NA,NA,0,0,0,NA,467.586544220403,63684.1140884378,NA,NA,NA,NA,NA,NA,NA,NA,NA,NA,NA
"20","SC",2017,"AFOGNAK",4756,539,NA,NA,NA,0,0,0,NA,537.74758244483,89663.7846843908,NA,NA,NA,NA,NA,NA,NA,NA,NA,NA,NA
"21","SC",2018,"AFOGNAK",5694,602,NA,NA,NA,0,0,0,NA,1496.40161725067,412259.260321395,NA,NA,NA,NA,NA,NA,NA,NA,NA,NA,NA
"22","SC",2019,"AFOGNAK",6782,1020,NA,NA,NA,0,0,0,NA,4435.37642585551,3560251.27696312,NA,NA,NA,NA,NA,NA,NA,NA,NA,NA,NA
"23","SC",2020,"AFOGNAK",5835,831,NA,NA,NA,0,0,0,NA,1752.41998205205,564645.391568006,NA,NA,NA,NA,NA,NA,NA,NA,NA,NA,NA
"24","SC",2021,"AFOGNAK",9007,1077,NA,NA,NA,NA,NA,NA,NA,1406.68271488962,336808.639803129,NA,NA,NA,NA,NA,NA,NA,NA,NA,NA,NA
"25","SC",1998,"CI",994,271,NA,NA,0,0,0,0,NA,692.475895164088,44240.1365971878,NA,NA,0,0,0,0,NA,0,0,0,0
"26","SC",1999,"CI",911,102,NA,NA,0,0,0,0,NA,634.653461262057,37160.4054962316,NA,NA,0,0,0,0,NA,0,0,0,0
"27","SC",2000,"CI",1400,175,NA,NA,0,0,0,0,NA,975.318162202941,87760.635979345,NA,NA,0,0,0,0,NA,0,0,0,0
"28","SC",2001,"CI",763,69,NA,NA,0,0,0,0,NA,531.548398400603,26067.1029017649,NA,NA,0,0,0,0,NA,0,0,0,0
"29","SC",2002,"CI",2378,271,NA,NA,0,0,0,0,NA,1656.64756408471,253202.15113746,NA,NA,0,0,0,0,NA,0,0,0,0
"30","SC",2003,"CI",4623,376,NA,NA,0,0,0,0,NA,3220.63990276014,956954.914935001,NA,NA,0,0,0,0,NA,0,0,0,0
"31","SC",2004,"CI",4736,266,NA,NA,0,0,0,0,NA,3299.36201156652,1004308.36009356,NA,NA,0,0,0,0,NA,0,0,0,0
"32","SC",2005,"CI",3615,155,NA,NA,0,0,0,0,NA,2518.41082597402,585140.682204681,NA,NA,0,0,0,0,NA,0,0,0,0
"33","SC",2006,"CI",2463,213,NA,NA,NA,0,0,0,NA,1715.86330964703,271626.735472134,NA,NA,0,0,0,0,NA,NA,0,0,0
"34","SC",2007,"CI",2559,194,NA,NA,NA,0,0,0,NA,1782.74226934095,293213.702682988,NA,NA,0,0,0,0,NA,NA,0,0,0
"35","SC",2008,"CI",2163,157,NA,NA,NA,0,0,0,NA,1506.86656060354,209486.832098596,NA,NA,0,0,0,0,NA,NA,0,0,0
"36","SC",2009,"CI",2918,256,NA,NA,NA,0,0,0,NA,2032.84171236299,381253.874198261,NA,NA,0,0,0,0,NA,NA,0,0,0
"37","SC",2010,"CI",4422,1173,NA,NA,NA,0,0,0,NA,3080.612080901,875550.432568129,NA,NA,0,0,0,0,NA,NA,0,0,0
"38","SC",2011,"CI",3046,476,NA,NA,NA,0,0,0,NA,2195.28867313916,347241.009711714,NA,NA,0,0,0,0,NA,NA,0,0,0
"39","SC",2012,"CI",4677,568,NA,NA,NA,0,0,0,NA,5339.94120805369,1729256.16045698,NA,NA,0,0,0,0,NA,NA,0,0,0
"40","SC",2013,"CI",4808,428,NA,NA,NA,0,0,0,NA,3482.43547188506,863231.705073926,NA,NA,0,0,0,0,NA,NA,0,0,0
"41","SC",2014,"CI",4731,362,NA,NA,NA,0,0,0,NA,3444.65020993195,609818.572969687,NA,NA,0,0,0,0,NA,NA,0,0,0
"42","SC",2015,"CI",6321,457,NA,NA,NA,0,0,0,NA,4002.37573740735,811336.580709056,NA,NA,0,0,0,0,NA,NA,0,0,0
"43","SC",2016,"CI",10123,779,NA,NA,NA,0,0,0,NA,6323.03048716606,1298638.7245063,NA,NA,0,0,0,0,NA,NA,0,0,0
"44","SC",2017,"CI",8376,923,NA,NA,NA,0,0,0,NA,3322.49026093348,525119.785217767,NA,NA,0,0,0,0,NA,NA,0,0,0
"45","SC",2018,"CI",13009,1031,NA,NA,NA,0,0,0,NA,10029.600289296,5460886.09676424,NA,NA,0,0,0,0,NA,NA,0,0,0
"46","SC",2019,"CI",16061,985,NA,NA,NA,0,0,0,NA,11565.4935365356,7400162.77937075,NA,NA,NA,NA,NA,NA,NA,NA,NA,NA,NA
"47","SC",2020,"CI",9784,650,NA,NA,NA,0,0,0,NA,10340.8130081301,6856537.92502457,NA,NA,NA,NA,NA,NA,NA,NA,NA,NA,NA
"48","SC",2021,"CI",14326,1101,NA,NA,NA,NA,NA,NA,NA,7068.2694391332,3061133.83121908,NA,NA,NA,NA,NA,NA,NA,NA,NA,NA,NA
"49","SC",1998,"EASTSIDE",157,82,NA,NA,0,0,0,0,NA,22.1083155336663,350.741043579169,NA,NA,NA,NA,NA,NA,NA,NA,NA,NA,NA
"50","SC",1999,"EASTSIDE",121,21,NA,NA,0,0,0,0,NA,16.687051745013,206.217044614773,NA,NA,NA,NA,NA,NA,NA,NA,NA,NA,NA
"51","SC",2000,"EASTSIDE",423,43,NA,NA,0,0,0,0,NA,58.3357263482687,2520.19736192041,NA,NA,NA,NA,NA,NA,NA,NA,NA,NA,NA
"52","SC",2001,"EASTSIDE",298,67,NA,NA,0,0,0,0,NA,41.0970365290404,1250.79560344036,NA,NA,NA,NA,NA,NA,NA,NA,NA,NA,NA
"53","SC",2002,"EASTSIDE",319,50,NA,NA,0,0,0,0,NA,43.9931364186708,1433.29367372747,NA,NA,NA,NA,NA,NA,NA,NA,NA,NA,NA
"54","SC",2003,"EASTSIDE",1012,48,NA,NA,0,0,0,0,NA,139.564432776473,14424.9674844582,NA,NA,NA,NA,NA,NA,NA,NA,NA,NA,NA
"55","SC",2004,"EASTSIDE",730,58,NA,NA,0,0,0,0,NA,100.673948544294,7505.84407316527,NA,NA,NA,NA,NA,NA,NA,NA,NA,NA,NA
"56","SC",2005,"EASTSIDE",1242,168,NA,NA,0,0,0,0,NA,171.283622043853,21726.8621821695,NA,NA,NA,NA,NA,NA,NA,NA,NA,NA,NA
"57","SC",2006,"EASTSIDE",1516,160,NA,NA,NA,0,0,0,NA,209.070830127602,32370.7096570023,NA,NA,NA,NA,NA,NA,NA,NA,NA,NA,NA
"58","SC",2007,"EASTSIDE",3481,171,NA,NA,NA,0,0,0,NA,480.063034085871,170671.837576007,NA,NA,NA,NA,NA,NA,NA,NA,NA,NA,NA
"59","SC",2008,"EASTSIDE",2311,213,NA,NA,NA,0,0,0,NA,318.708897377894,75223.5298635378,NA,NA,NA,NA,NA,NA,NA,NA,NA,NA,NA
"60","SC",2009,"EASTSIDE",2296,49,NA,NA,NA,0,0,0,NA,316.640254599587,74250.1927371049,NA,NA,NA,NA,NA,NA,NA,NA,NA,NA,NA
"61","SC",2010,"EASTSIDE",2555,892,NA,NA,NA,0,0,0,NA,352.358819905028,91946.5898962746,NA,NA,NA,NA,NA,NA,NA,NA,NA,NA,NA
"62","SC",2011,"EASTSIDE",1928,75,NA,NA,NA,0,0,0,NA,51.4612042209808,1649.96208496157,NA,NA,NA,NA,NA,NA,NA,NA,NA,NA,NA
"63","SC",2012,"EASTSIDE",3433,223,NA,NA,NA,0,0,0,NA,276.3989021043,25117.984568883,NA,NA,NA,NA,NA,NA,NA,NA,NA,NA,NA
"64","SC",2013,"EASTSIDE",2207,126,NA,NA,NA,0,0,0,NA,351.779886148008,93936.2648939072,NA,NA,NA,NA,NA,NA,NA,NA,NA,NA,NA
"65","SC",2014,"EASTSIDE",3551,166,NA,NA,NA,0,0,0,NA,250.879498184219,23714.5514360069,NA,NA,NA,NA,NA,NA,NA,NA,NA,NA,NA
"66","SC",2015,"EASTSIDE",2787,152,NA,NA,NA,0,0,0,NA,932.19872110182,360398.183163205,NA,NA,NA,NA,NA,NA,NA,NA,NA,NA,NA
"67","SC",2016,"EASTSIDE",3561,169,NA,NA,NA,0,0,0,NA,418.190684713376,86017.5798102307,NA,NA,NA,NA,NA,NA,NA,NA,NA,NA,NA
"68","SC",2017,"EASTSIDE",3933,56,NA,NA,NA,0,0,0,NA,1353.80317164179,628325.573566688,NA,NA,NA,NA,NA,NA,NA,NA,NA,NA,NA
"69","SC",2018,"EASTSIDE",3914,224,NA,NA,NA,0,0,0,NA,302.279627163782,37596.4489918866,NA,NA,NA,NA,NA,NA,NA,NA,NA,NA,NA
"70","SC",2019,"EASTSIDE",5680,116,NA,NA,NA,0,0,0,NA,1827.15456034954,1939226.08965312,NA,NA,NA,NA,NA,NA,NA,NA,NA,NA,NA
"71","SC",2020,"EASTSIDE",1507,71,NA,NA,NA,0,0,0,NA,285.07252075142,20342.545329166,NA,NA,NA,NA,NA,NA,NA,NA,NA,NA,NA
"72","SC",2021,"EASTSIDE",2885,187,NA,NA,NA,NA,NA,NA,NA,450.569516204791,34555.2892761411,NA,NA,NA,NA,NA,NA,NA,NA,NA,NA,NA
"73","SC",1998,"NG",5169,1242,NA,NA,0,0,0,0,NA,2556.22095591302,380846.865218316,NA,NA,0,0,0,0,NA,0,0,0,0
"74","SC",1999,"NG",9276,1138,NA,NA,0,0,0,0,NA,4587.25199981604,1226475.28434982,NA,NA,0,0,0,0,NA,0,0,0,0
"75","SC",2000,"NG",13107,2404,NA,NA,0,0,0,0,NA,6481.79301008936,2448747.01585511,NA,NA,0,0,0,0,NA,0,0,0,0
"76","SC",2001,"NG",20907,2450,NA,NA,0,0,0,0,NA,10339.1200474508,6230469.28501396,NA,NA,0,0,0,0,NA,0,0,0,0
"77","SC",2002,"NG",17318,2230,NA,NA,0,0,0,0,NA,8564.25508115721,4274967.24517582,NA,NA,0,0,0,0,NA,0,0,0,0
"78","SC",2003,"NG",17020,3447,NA,NA,0,0,0,0,NA,8416.8854071657,4129109.80704342,NA,NA,0,0,0,0,NA,0,0,0,0
"79","SC",2004,"NG",19434,3475,NA,NA,0,0,0,0,NA,9610.67867231835,5383462.81587312,NA,NA,0,0,0,0,NA,0,0,0,0
"80","SC",2005,"NG",22792,4171,NA,NA,0,0,0,0,NA,11271.3074148132,7404610.07061186,NA,NA,0,0,0,0,NA,0,0,0,0
"81","SC",2006,"NG",19998,4131,NA,NA,NA,0,0,0,NA,9889.59308886603,5700467.17192204,NA,NA,0,0,0,0,NA,NA,0,0,0
"82","SC",2007,"NG",23861,4118,NA,NA,NA,0,0,0,NA,11799.9590305747,8115487.29826043,NA,NA,0,0,0,0,NA,NA,0,0,0
"83","SC",2008,"NG",25596,4729,NA,NA,NA,0,0,0,NA,12657.9670318339,9338594.62884355,NA,NA,0,0,0,0,NA,NA,0,0,0
"84","SC",2009,"NG",21909,3321,NA,NA,NA,0,0,0,NA,10834.6382130196,6841989.94512548,NA,NA,0,0,0,0,NA,NA,0,0,0
"85","SC",2010,"NG",27027,6189,NA,NA,NA,0,0,0,NA,13365.6381844576,10411972.3031119,NA,NA,0,0,0,0,NA,NA,0,0,0
"86","SC",2011,"NG",30322,5609,NA,NA,NA,0,0,0,NA,21882.4050102823,8183614.27568271,NA,NA,0,0,0,0,NA,NA,0,0,0
"87","SC",2012,"NG",27771,5715,NA,NA,NA,0,0,0,NA,13248.802237331,2524598.6215632,NA,NA,0,0,0,0,NA,NA,0,0,0
"88","SC",2013,"NG",30558,5301,NA,NA,NA,0,0,0,NA,17157.239835729,3987660.00851041,NA,NA,0,0,0,0,NA,NA,0,0,0
"89","SC",2014,"NG",37025,5089,NA,NA,NA,0,0,0,NA,21744.197040285,6732768.26814203,NA,NA,0,0,0,0,NA,NA,0,0,0
"90","SC",2015,"NG",45883,6139,NA,NA,NA,0,0,0,NA,24091.1398132316,7216831.48034125,NA,NA,0,0,0,0,NA,NA,0,0,0
"91","SC",2016,"NG",56991,7838,NA,NA,NA,0,0,0,NA,21657.0417034909,6461271.99837842,NA,NA,0,0,0,0,NA,NA,0,0,0
"92","SC",2017,"NG",38626,6291,NA,NA,NA,0,0,0,NA,15237.511532832,3824430.67665073,NA,NA,0,0,0,0,NA,NA,0,0,0
"93","SC",2018,"NG",50115,8269,NA,NA,NA,0,0,0,NA,18807.337515014,5909265.1225643,NA,NA,0,0,0,0,NA,NA,0,0,0
"94","SC",2019,"NG",64565,9526,NA,NA,NA,0,0,0,NA,30264.4725707348,14426596.2526484,NA,NA,NA,NA,NA,NA,NA,NA,NA,NA,NA
"95","SC",2020,"NG",43363,6211,NA,NA,NA,0,0,0,NA,14406.7675572619,3787465.83049275,NA,NA,NA,NA,NA,NA,NA,NA,NA,NA,NA
"96","SC",2021,"NG",83097,9825,NA,NA,NA,NA,NA,NA,NA,24593.025482509,11012636.5777569,NA,NA,NA,NA,NA,NA,NA,NA,NA,NA,NA
"97","SC",1998,"NORTHEAS",1488,511,NA,NA,0,0,0,0,NA,1158.75150780327,130721.746578884,NA,NA,0,0,0,0,NA,0,0,0,0
"98","SC",1999,"NORTHEAS",1866,177,NA,NA,0,0,0,0,NA,1453.11176986619,205572.613990248,NA,NA,0,0,0,0,NA,0,0,0,0
"99","SC",2000,"NORTHEAS",2115,250,NA,NA,0,0,0,0,NA,1647.01575201876,264096.546945604,NA,NA,0,0,0,0,NA,0,0,0,0
"100","SC",2001,"NORTHEAS",2081,227,NA,NA,0,0,0,0,NA,1620.53890305013,255673.749126705,NA,NA,0,0,0,0,NA,0,0,0,0
"101","SC",2002,"NORTHEAS",2262,210,NA,NA,0,0,0,0,NA,1761.48918726545,302083.622520652,NA,NA,0,0,0,0,NA,0,0,0,0
"102","SC",2003,"NORTHEAS",2743,266,NA,NA,0,0,0,0,NA,2136.05872708626,444215.383744285,NA,NA,0,0,0,0,NA,0,0,0,0
"103","SC",2004,"NORTHEAS",3291,223,NA,NA,0,0,0,0,NA,2562.80323399231,639436.972915372,NA,NA,0,0,0,0,NA,0,0,0,0
"104","SC",2005,"NORTHEAS",4641,316,NA,NA,0,0,0,0,NA,3614.08988421704,1271642.74034333,NA,NA,0,0,0,0,NA,0,0,0,0
"105","SC",2006,"NORTHEAS",3693,174,NA,NA,NA,0,0,0,NA,2875.85303650367,805194.119965873,NA,NA,0,0,0,0,NA,NA,0,0,0
"106","SC",2007,"NORTHEAS",5080,428,NA,NA,NA,0,0,0,NA,3955.95272825309,1523594.5272364,NA,NA,0,0,0,0,NA,NA,0,0,0
"107","SC",2008,"NORTHEAS",6260,407,NA,NA,NA,0,0,0,NA,4874.85513363471,2313612.62692701,NA,NA,0,0,0,0,NA,NA,0,0,0
"108","SC",2009,"NORTHEAS",6369,282,NA,NA,NA,0,0,0,NA,4959.73679650471,2394883.97070247,NA,NA,0,0,0,0,NA,NA,0,0,0
"109","SC",2010,"NORTHEAS",8141,1433,NA,NA,NA,0,0,0,NA,6339.64786628118,3912888.64697792,NA,NA,0,0,0,0,NA,NA,0,0,0
"110","SC",2011,"NORTHEAS",6904,293,NA,NA,NA,0,0,0,NA,6000.52273540995,2122890.10283591,NA,NA,0,0,0,0,NA,NA,0,0,0
"111","SC",2012,"NORTHEAS",6813,556,NA,NA,NA,0,0,0,NA,4938.4793337446,2023168.10524286,NA,NA,0,0,0,0,NA,NA,0,0,0
"112","SC",2013,"NORTHEAS",9965,638,NA,NA,NA,0,0,0,NA,8625.83003952569,4761147.93639947,NA,NA,0,0,0,0,NA,NA,0,0,0
"113","SC",2014,"NORTHEAS",11896,1536,NA,NA,NA,0,0,0,NA,5411.00740009867,1633143.85857633,NA,NA,0,0,0,0,NA,NA,0,0,0
"114","SC",2015,"NORTHEAS",12377,578,NA,NA,NA,0,0,0,NA,10776.4774069028,10110394.0207914,NA,NA,0,0,0,0,NA,NA,0,0,0
"115","SC",2016,"NORTHEAS",13580,719,NA,NA,NA,0,0,0,NA,14147.366319692,22590691.391821,NA,NA,0,0,0,0,NA,NA,0,0,0
"116","SC",2017,"NORTHEAS",6719,241,NA,NA,NA,0,0,0,NA,3758.28257093225,1035822.31493221,NA,NA,0,0,0,0,NA,NA,0,0,0
"117","SC",2018,"NORTHEAS",8479,316,NA,NA,NA,0,0,0,NA,8690.77890841813,6090869.30855337,NA,NA,0,0,0,0,NA,NA,0,0,0
"118","SC",2019,"NORTHEAS",9881,435,NA,NA,NA,0,0,0,NA,10303.6600721829,5030013.85985713,NA,NA,NA,NA,NA,NA,NA,NA,NA,NA,NA
"119","SC",2020,"NORTHEAS",4479,296,NA,NA,NA,0,0,0,NA,5425.96958456973,2642689.71023513,NA,NA,NA,NA,NA,NA,NA,NA,NA,NA,NA
"120","SC",2021,"NORTHEAS",9680,701,NA,NA,NA,NA,NA,NA,NA,6922.74712522418,2666714.99015296,NA,NA,NA,NA,NA,NA,NA,NA,NA,NA,NA
"121","SC",1998,"PWSI",3821,1723,NA,NA,0,0,0,0,NA,9768.35508061479,8755809.36950131,NA,NA,0,0,0,0,NA,0,0,0,0
"122","SC",1999,"PWSI",4514,1905,NA,NA,0,0,0,0,NA,11540.0038822023,12219834.714957,NA,NA,0,0,0,0,NA,0,0,0,0
"123","SC",2000,"PWSI",6011,2620,NA,NA,0,0,0,0,NA,15367.0720726447,21668840.7650194,NA,NA,0,0,0,0,NA,0,0,0,0
"124","SC",2001,"PWSI",7036,2827,NA,NA,0,0,0,0,NA,17987.4761442569,29688884.7474288,NA,NA,0,0,0,0,NA,0,0,0,0
"125","SC",2002,"PWSI",7398,2518,NA,NA,0,0,0,0,NA,18912.926167597,32822440.9876515,NA,NA,0,0,0,0,NA,0,0,0,0
"126","SC",2003,"PWSI",11932,3187,NA,NA,0,0,0,0,NA,30504.059885343,85382469.4861944,NA,NA,0,0,0,0,NA,0,0,0,0
"127","SC",2004,"PWSI",10310,2872,NA,NA,0,0,0,0,NA,26357.4302227528,63746970.8695646,NA,NA,0,0,0,0,NA,0,0,0,0
"128","SC",2005,"PWSI",10930,2754,NA,NA,0,0,0,0,NA,27942.455124606,71644448.8578174,NA,NA,0,0,0,0,NA,0,0,0,0
"129","SC",2006,"PWSI",7578,2985,NA,NA,NA,0,0,0,NA,19373.0946874899,34439070.7081555,NA,NA,0,0,0,0,NA,NA,0,0,0
"130","SC",2007,"PWSI",12404,3115,NA,NA,NA,0,0,0,NA,31710.7240041732,92271108.3507866,NA,NA,0,0,0,0,NA,NA,0,0,0
"131","SC",2008,"PWSI",9522,2623,NA,NA,NA,0,0,0,NA,24342.9147023329,54374913.1749479,NA,NA,0,0,0,0,NA,NA,0,0,0
"132","SC",2009,"PWSI",8197,2224,NA,NA,NA,0,0,0,NA,20955.5630975659,40295086.4991799,NA,NA,0,0,0,0,NA,NA,0,0,0
"133","SC",2010,"PWSI",11909,3828,NA,NA,NA,0,0,0,NA,30445.2605744678,85053622.0002798,NA,NA,0,0,0,0,NA,NA,0,0,0
"134","SC",2011,"PWSI",11367,3175,NA,NA,NA,0,0,0,NA,58599.9872813991,100066036.134332,NA,NA,0,0,0,0,NA,NA,0,0,0
"135","SC",2012,"PWSI",13580,4267,NA,NA,NA,0,0,0,NA,31117.1540904279,29413124.019686,NA,NA,0,0,0,0,NA,NA,0,0,0
"136","SC",2013,"PWSI",14209,3334,NA,NA,NA,0,0,0,NA,46247.9431333989,49601334.7875974,NA,NA,0,0,0,0,NA,NA,0,0,0
"137","SC",2014,"PWSI",14913,4184,NA,NA,NA,0,0,0,NA,37953.4695998231,47097436.3869558,NA,NA,0,0,0,0,NA,NA,0,0,0
"138","SC",2015,"PWSI",20073,5220,NA,NA,NA,0,0,0,NA,52130.4467541129,59819505.5901026,NA,NA,0,0,0,0,NA,NA,0,0,0
"139","SC",2016,"PWSI",28893,6695,NA,NA,NA,0,0,0,NA,64825.5486313337,114245520.833818,NA,NA,0,0,0,0,NA,NA,0,0,0
"140","SC",2017,"PWSI",16300,4734,NA,NA,NA,0,0,0,NA,33515.7747846135,29331655.3806163,NA,NA,0,0,0,0,NA,NA,0,0,0
"141","SC",2018,"PWSI",12107,3366,NA,NA,NA,0,0,0,NA,22239.0090393105,18423976.8258652,NA,NA,0,0,0,0,NA,NA,0,0,0
"142","SC",2019,"PWSI",15083,3663,NA,NA,NA,0,0,0,NA,32001.722103821,26016565.5488536,NA,NA,NA,NA,NA,NA,NA,NA,NA,NA,NA
"143","SC",2020,"PWSI",9001,2287,NA,NA,NA,0,0,0,NA,18605.8843262001,9865637.98516963,NA,NA,NA,NA,NA,NA,NA,NA,NA,NA,NA
"144","SC",2021,"PWSI",16848,3647,NA,NA,NA,NA,NA,NA,NA,26712.1147279763,21799295.2685851,NA,NA,NA,NA,NA,NA,NA,NA,NA,NA,NA
"145","SC",1998,"PWSO",7091,1652,NA,NA,0,0,0,0,NA,1471.20399853039,494154.907787815,NA,NA,0,0,0,0,NA,0,0,0,0
"146","SC",1999,"PWSO",4594,1341,NA,NA,0,0,0,0,NA,953.139355415123,207410.206538899,NA,NA,0,0,0,0,NA,0,0,0,0
"147","SC",2000,"PWSO",9244,2206,NA,NA,0,0,0,0,NA,1917.8973011444,839784.81191828,NA,NA,0,0,0,0,NA,0,0,0,0
"148","SC",2001,"PWSO",11235,3024,NA,NA,0,0,0,0,NA,2330.97968177817,1240492.93667428,NA,NA,0,0,0,0,NA,0,0,0,0
"149","SC",2002,"PWSO",9018,2386,NA,NA,0,0,0,0,NA,1871.00799023369,799224.160636753,NA,NA,0,0,0,0,NA,0,0,0,0
"150","SC",2003,"PWSO",9696,2448,NA,NA,0,0,0,0,NA,2011.67592296583,923917.846117396,NA,NA,0,0,0,0,NA,0,0,0,0
"151","SC",2004,"PWSO",12216,2976,NA,NA,0,0,0,0,NA,2534.51248710299,1466581.45947665,NA,NA,0,0,0,0,NA,0,0,0,0
"152","SC",2005,"PWSO",9664,2177,NA,NA,0,0,0,0,NA,2005.0367285006,917829.441964197,NA,NA,0,0,0,0,NA,0,0,0,0
"153","SC",2006,"PWSO",9129,2934,NA,NA,NA,0,0,0,NA,1894.03769603497,819020.092953157,NA,NA,0,0,0,0,NA,NA,0,0,0
"154","SC",2007,"PWSO",12198,3859,NA,NA,NA,0,0,0,NA,2530.7779402163,1462262.69433278,NA,NA,0,0,0,0,NA,NA,0,0,0
"155","SC",2008,"PWSO",13387,3569,NA,NA,NA,0,0,0,NA,2777.46550956514,1761224.30055801,NA,NA,0,0,0,0,NA,NA,0,0,0
"156","SC",2009,"PWSO",13724,3376,NA,NA,NA,0,0,0,NA,2847.38452627713,1851013.39263593,NA,NA,0,0,0,0,NA,NA,0,0,0
"157","SC",2010,"PWSO",13038,4523,NA,NA,NA,0,0,0,NA,2705.05679492868,1670590.83943948,NA,NA,0,0,0,0,NA,NA,0,0,0
"158","SC",2011,"PWSO",15590,4260,NA,NA,NA,0,0,0,NA,3693.2731282159,1342172.62098087,NA,NA,0,0,0,0,NA,NA,0,0,0
"159","SC",2012,"PWSO",16566,5165,NA,NA,NA,0,0,0,NA,2004.04318026045,375586.443758186,NA,NA,0,0,0,0,NA,NA,0,0,0
"160","SC",2013,"PWSO",19818,5595,NA,NA,NA,0,0,0,NA,6885.76450428396,4343369.56720538,NA,NA,0,0,0,0,NA,NA,0,0,0
"161","SC",2014,"PWSO",21309,5557,NA,NA,NA,0,0,0,NA,7356.72564483206,3862984.94697562,NA,NA,0,0,0,0,NA,NA,0,0,0
"162","SC",2015,"PWSO",24516,6130,NA,NA,NA,0,0,0,NA,2612.96377469114,501421.427867282,NA,NA,0,0,0,0,NA,NA,0,0,0
"163","SC",2016,"PWSO",29349,7689,NA,NA,NA,0,0,0,NA,3728.73607259894,690520.60458105,NA,NA,0,0,0,0,NA,NA,0,0,0
"164","SC",2017,"PWSO",28647,7729,NA,NA,NA,0,0,0,NA,7308.86216164331,5936209.98069122,NA,NA,0,0,0,0,NA,NA,0,0,0
"165","SC",2018,"PWSO",27142,5333,NA,NA,NA,0,0,0,NA,4727.74485742032,2237274.06117763,NA,NA,0,0,0,0,NA,NA,0,0,0
"166","SC",2019,"PWSO",33682,7623,NA,NA,NA,0,0,0,NA,6995.35203031944,5326815.95621287,NA,NA,NA,NA,NA,NA,NA,NA,NA,NA,NA
"167","SC",2020,"PWSO",29279,5450,NA,NA,NA,0,0,0,NA,6546.10194239786,3018032.51046166,NA,NA,NA,NA,NA,NA,NA,NA,NA,NA,NA
"168","SC",2021,"PWSO",38638,5963,NA,NA,NA,NA,NA,NA,NA,8140.88169550459,4846611.7748931,NA,NA,NA,NA,NA,NA,NA,NA,NA,NA,NA
"169","SC",1998,"SKMA",27,5,NA,NA,0,0,0,0,NA,7.92150114760534,23.0192672260885,NA,NA,NA,NA,NA,NA,NA,NA,NA,NA,NA
"170","SC",1999,"SKMA",88,15,NA,NA,0,0,0,0,NA,25.8182259625656,244.52840246753,NA,NA,NA,NA,NA,NA,NA,NA,NA,NA,NA
"171","SC",2000,"SKMA",65,60,NA,NA,0,0,0,0,NA,19.0702805405314,133.410705116905,NA,NA,NA,NA,NA,NA,NA,NA,NA,NA,NA
"172","SC",2001,"SKMA",27,19,NA,NA,0,0,0,0,NA,7.92150114760534,23.0192672260885,NA,NA,NA,NA,NA,NA,NA,NA,NA,NA,NA
"173","SC",2002,"SKMA",99,11,NA,NA,0,0,0,0,NA,29.0455042078862,309.481259372967,NA,NA,NA,NA,NA,NA,NA,NA,NA,NA,NA
"174","SC",2003,"SKMA",144,40,NA,NA,0,0,0,0,NA,42.2480061205618,654.770267764295,NA,NA,NA,NA,NA,NA,NA,NA,NA,NA,NA
"175","SC",2004,"SKMA",200,41,NA,NA,0,0,0,0,NA,58.6777862785581,1263.05993010088,NA,NA,NA,NA,NA,NA,NA,NA,NA,NA,NA
"176","SC",2005,"SKMA",287,159,NA,NA,0,0,0,0,NA,84.2026233097309,2600.92458456198,NA,NA,NA,NA,NA,NA,NA,NA,NA,NA,NA
"177","SC",2006,"SKMA",303,112,NA,NA,NA,0,0,0,NA,88.8968462120155,2899.00672806579,NA,NA,NA,NA,NA,NA,NA,NA,NA,NA,NA
"178","SC",2007,"SKMA",1148,179,NA,NA,NA,0,0,0,NA,336.810493238924,41614.7933529917,NA,NA,NA,NA,NA,NA,NA,NA,NA,NA,NA
"179","SC",2008,"SKMA",1130,88,NA,NA,NA,0,0,0,NA,331.529492473853,40320.0306186452,NA,NA,NA,NA,NA,NA,NA,NA,NA,NA,NA
"180","SC",2009,"SKMA",810,89,NA,NA,NA,0,0,0,NA,237.64503442816,20717.3405034796,NA,NA,NA,NA,NA,NA,NA,NA,NA,NA,NA
"181","SC",2010,"SKMA",644,244,NA,NA,NA,0,0,0,NA,188.942471816957,13095.9105792579,NA,NA,NA,NA,NA,NA,NA,NA,NA,NA,NA
"182","SC",2011,"SKMA",689,137,NA,NA,NA,0,0,0,NA,161.994954591322,13094.4023311972,NA,NA,NA,NA,NA,NA,NA,NA,NA,NA,NA
"183","SC",2012,"SKMA",918,350,NA,NA,NA,0,0,0,NA,591,113950.990644289,NA,NA,NA,NA,NA,NA,NA,NA,NA,NA,NA
"184","SC",2013,"SKMA",1035,167,NA,NA,NA,0,0,0,NA,209.797297297297,18918.407507864,NA,NA,NA,NA,NA,NA,NA,NA,NA,NA,NA
"185","SC",2014,"SKMA",653,96,NA,NA,NA,0,0,0,NA,219.902635104958,18177.0150373466,NA,NA,NA,NA,NA,NA,NA,NA,NA,NA,NA
"186","SC",2015,"SKMA",619,72,NA,NA,NA,0,0,0,NA,281.780946948089,62212.4072839494,NA,NA,NA,NA,NA,NA,NA,NA,NA,NA,NA
"187","SC",2016,"SKMA",804,91,NA,NA,NA,0,0,0,NA,94.4187898089173,4384.85633984141,NA,NA,NA,NA,NA,NA,NA,NA,NA,NA,NA
"188","SC",2017,"SKMA",666,59,NA,NA,NA,0,0,0,NA,229.248134328358,18017.1171281788,NA,NA,NA,NA,NA,NA,NA,NA,NA,NA,NA
"189","SC",2018,"SKMA",671,72,NA,NA,NA,0,0,0,NA,107.642453798768,4325.82548085818,NA,NA,NA,NA,NA,NA,NA,NA,NA,NA,NA
"190","SC",2019,"SKMA",716,128,NA,NA,NA,0,0,0,NA,230.324412889132,30814.6911022494,NA,NA,NA,NA,NA,NA,NA,NA,NA,NA,NA
"191","SC",2020,"SKMA",302,47,NA,NA,NA,0,0,0,NA,57.128003494976,816.944726512398,NA,NA,NA,NA,NA,NA,NA,NA,NA,NA,NA
"192","SC",2021,"SKMA",1622,194,NA,NA,NA,NA,NA,NA,NA,253.318459370596,10922.5639907573,NA,NA,NA,NA,NA,NA,NA,NA,NA,NA,NA
"193","SC",1998,"WKMA",148,31,NA,NA,0,0,0,0,NA,42.6866041625117,681.090329904363,NA,NA,NA,NA,NA,NA,NA,NA,NA,NA,NA
"194","SC",1999,"WKMA",228,5,NA,NA,0,0,0,0,NA,65.7604442503559,1616.40794876499,NA,NA,NA,NA,NA,NA,NA,NA,NA,NA,NA
"195","SC",2000,"WKMA",386,78,NA,NA,0,0,0,0,NA,111.331278423848,4632.93164693346,NA,NA,NA,NA,NA,NA,NA,NA,NA,NA,NA
"196","SC",2001,"WKMA",1182,24,NA,NA,0,0,0,0,NA,340.915987297898,43442.6427171888,NA,NA,NA,NA,NA,NA,NA,NA,NA,NA,NA
"197","SC",2002,"WKMA",880,69,NA,NA,0,0,0,0,NA,253.812240966286,24079.4535919439,NA,NA,NA,NA,NA,NA,NA,NA,NA,NA,NA
"198","SC",2003,"WKMA",1107,149,NA,NA,0,0,0,0,NA,319.284262215544,38104.5226301576,NA,NA,NA,NA,NA,NA,NA,NA,NA,NA,NA
"199","SC",2004,"WKMA",810,94,NA,NA,0,0,0,0,NA,233.622630889422,20400.9936746828,NA,NA,NA,NA,NA,NA,NA,NA,NA,NA,NA
"200","SC",2005,"WKMA",1266,133,NA,NA,0,0,0,0,NA,365.143519390134,49836.633162719,NA,NA,NA,NA,NA,NA,NA,NA,NA,NA,NA
"201","SC",2006,"WKMA",737,155,NA,NA,NA,0,0,0,NA,212.567751809264,16889.4792459744,NA,NA,NA,NA,NA,NA,NA,NA,NA,NA,NA
"202","SC",2007,"WKMA",1645,337,NA,NA,NA,0,0,0,NA,474.455836806296,84142.0498529699,NA,NA,NA,NA,NA,NA,NA,NA,NA,NA,NA
"203","SC",2008,"WKMA",1196,296,NA,NA,NA,0,0,0,NA,344.95390931327,44477.8353424251,NA,NA,NA,NA,NA,NA,NA,NA,NA,NA,NA
"204","SC",2009,"WKMA",1849,332,NA,NA,NA,0,0,0,NA,533.294129030298,106305.346099679,NA,NA,NA,NA,NA,NA,NA,NA,NA,NA,NA
"205","SC",2010,"WKMA",1266,473,NA,NA,NA,0,0,0,NA,365.143519390134,49836.633162719,NA,NA,NA,NA,NA,NA,NA,NA,NA,NA,NA
"206","SC",2011,"WKMA",1366,249,NA,NA,NA,0,0,0,NA,321.168516649849,51469.3443018351,NA,NA,NA,NA,NA,NA,NA,NA,NA,NA,NA
"207","SC",2012,"WKMA",1747,425,NA,NA,NA,0,0,0,NA,1124.70261437908,412684.875481518,NA,NA,NA,NA,NA,NA,NA,NA,NA,NA,NA
"208","SC",2013,"WKMA",1983,357,NA,NA,NA,0,0,0,NA,401.959459459459,69446.3308275021,NA,NA,NA,NA,NA,NA,NA,NA,NA,NA,NA
"209","SC",2014,"WKMA",2396,639,NA,NA,NA,0,0,0,NA,806.870924519875,244720.207028088,NA,NA,NA,NA,NA,NA,NA,NA,NA,NA,NA
"210","SC",2015,"WKMA",2031,367,NA,NA,NA,0,0,0,NA,924.551055333714,669754.368953018,NA,NA,NA,NA,NA,NA,NA,NA,NA,NA,NA
"211","SC",2016,"WKMA",3337,693,NA,NA,NA,0,0,0,NA,295.126971451387,25370.2591946919,NA,NA,NA,NA,NA,NA,NA,NA,NA,NA,NA
"212","SC",2017,"WKMA",2899,598,NA,NA,NA,0,0,0,NA,997.883395522388,341376.22709592,NA,NA,NA,NA,NA,NA,NA,NA,NA,NA,NA
"213","SC",2018,"WKMA",4291,708,NA,NA,NA,0,0,0,NA,688.366273100616,176905.356555074,NA,NA,NA,NA,NA,NA,NA,NA,NA,NA,NA
"214","SC",2019,"WKMA",6954,1310,NA,NA,NA,0,0,0,NA,4547.86311787072,3743126.05375538,NA,NA,NA,NA,NA,NA,NA,NA,NA,NA,NA
"215","SC",2020,"WKMA",4035,579,NA,NA,NA,0,0,0,NA,763.283093053735,145836.37674786,NA,NA,NA,NA,NA,NA,NA,NA,NA,NA,NA
"216","SC",2021,"WKMA",7924,1031,NA,NA,NA,NA,NA,NA,NA,1237.54344762799,260682.472630994,NA,NA,NA,NA,NA,NA,NA,NA,NA,NA,NA
"217","SE",1998,"CSEO",9366,4902,0.879665017,0.004259682,4312.117913334,102358.471625928,319.935105335329,627.072806457245,NA,1419.55665614784,224247.084726638,0.354628448,0.001141421,503.415173817777,30757.6976998931,175.378726474716,343.742303890442,NA,4815.53308715178,133116.169325821,364.850886425977,715.107737394915
"218","SE",1999,"CSEO",9636,5800,0.879665017,0.004259682,5102.0570986,143295.70248,378.544188279255,741.94660902734,NA,1460.47917346152,237362.485825007,0.354628448,0.001141421,517.92746262098,32556.604217176,180.434487327606,353.651595162108,NA,5619.98456122098,175852.306697176,419.347477275321,821.92105545963
"219","SE",2000,"CSEO",16855,11078,0.879665017,0.004259682,9744.929058326,522757.052217288,723.019399613377,1417.11802324222,NA,2554.62603452614,726233.055647466,0.354628448,0.001141421,905.943065844398,99610.0208504558,315.610552501743,618.596682903417,NA,10650.8721241704,622367.073067744,788.902448384934,1546.24879883447
"220","SE",2001,"CSEO",15083,11046,0.879665017,0.004259682,9716.779777782,519741.333671112,720.930879953905,1413.02452470965,NA,2286.05306904525,581559.240911473,0.354628448,0.001141421,810.699451921154,79766.5813508323,282.429781274625,553.562371298264,NA,10527.4792297032,599507.915021944,774.278964599933,1517.58677061587
"221","SE",2002,"CSEO",14004,8798,0.879665017,0.004259682,7739.292819566,329719.850312328,574.212373876015,1125.45625279699,NA,2122.51456466948,501328.856231431,0.354628448,0.001141421,752.704045926132,68762.193394828,262.225462903258,513.961907290386,NA,8491.99686549213,398482.043707156,631.254341535293,1237.25850940917
"222","SE",2003,"CSEO",15272,8561,0.879665017,0.004259682,7530.812210537,312195.165010722,558.744275148052,1095.13877929018,NA,2314.69883116483,596225.202401773,0.354628448,0.001141421,820.858054083397,81778.1625071572,285.968813871648,560.49887518843,NA,8351.6702646204,393973.327517879,627.672946300762,1230.23897474949
"223","SE",2004,"CSEO",21796,12007,0.879665017,0.004259682,10562.137859119,614110.043300418,783.651735977416,1535.95740251574,NA,3303.50810136646,1214428.91038436,0.354628448,0.001141421,1171.51795094301,166570.893660209,408.130976109641,799.936713174897,NA,11733.655810062,780680.936960626,883.561507174586,1731.78055406219
"224","SE",2005,"CSEO",27304,14418,0.879665017,0.004259682,12683.010215106,885497.258805768,941.008639070741,1844.37693257865,NA,4138.32745456551,1905772.47191312,0.354628448,0.001141421,1467.56864252836,261395.47654471,511.268497508609,1002.08625511687,NA,14150.5788576344,1146892.73535048,1070.93077990619,2099.02432861613
"225","SE",2006,"CSEO",33748,13609,0.965051258,1.57237e-05,13133.382570122,2912.1059873797,53.9639322824023,105.769307273508,NA,5115.01153445198,2911485.15300989,0.405405405,0.000466251,2073.65332270418,492069.066251578,701.476347606659,1374.89364130905,NA,15207.0358928262,494981.172238958,703.548983539141,1378.95600773672
"226","SE",2007,"CSEO",38443,14388,0.956864808,2.17234e-05,13767.370857504,4497.0597451296,67.0601203781323,131.437835941139,NA,5826.60864107317,3777922.47883726,0.356741573,0.000646414,2078.59353187184,505183.052764143,710.762303983648,1393.09411580795,NA,15845.9643893758,509680.112509273,713.918841682493,1399.28092969769
"227","SE",2008,"CSEO",52901,15276,0.919354839,3.51882e-05,14044.064520564,8211.3837923232,90.6166860590432,177.608704675725,NA,8017.9336607812,7153955.95984754,0.365019011,0.000441486,2926.69821512196,984725.364904239,992.33329325597,1944.9732547817,NA,16970.762735686,992936.748696563,996.462116036813,1953.06574743215
"228","SE",2009,"CSEO",31717,9427,0.959098497,3.27724e-05,9041.421531219,2912.4284253196,53.9669197316245,105.775162673984,NA,4807.18326532575,2571595.77342618,0.384615385,0.000608448,1848.91664235882,396038.890508928,629.316208681238,1233.45976901523,NA,10890.3381735778,398951.318934247,631.625932759452,1237.98682820853
"229","SE",2010,"CSEO",43813,13028,0.911933069,3.53794e-05,11880.664022932,6004.9025406496,77.4913062262445,151.882960203439,NA,6640.51204097856,4907095.18265662,0.320132013,0.0002397,2125.8404870292,514647.362285334,717.389268309287,1406.0829658862,NA,14006.5045099612,520652.264825983,721.562377640342,1414.26226017507
"230","SE",2011,"CSEO",58843,12339,0.875067313,5.89033e-05,10797.455575107,8968.0816749393,94.6999560450759,185.611913848349,NA,9637.96803839231,7141508.80309229,0.380952381,0.000330754,3671.60687222745,1069495.40426598,1034.16410896239,2026.96165356629,NA,14469.0624473345,1078463.48594092,1038.49096574834,2035.44229286674
"231","SE",2012,"CSEO",57675,14295,0.901669759,4.11422e-05,12889.369204905,8407.286171955,91.6912546099954,179.714859035591,NA,6152.58763969815,1027468.70625185,0.346786248,0.00033911,2133.6327830621,136749.316034299,369.796316956103,724.800781233962,NA,15023.0019879671,145156.602206254,380.994228573418,746.748688003899
"232","SE",2013,"CSEO",60735,12452,0.841133005,5.48781e-05,10473.78817826,8508.9758441424,92.2441100783264,180.79845575352,NA,9629.98716381418,3833914.13233448,0.314814815,0.000235231,3031.66262742854,402689.36274858,634.578098226357,1243.77307252366,NA,13505.4508056885,411198.338592722,641.247486227215,1256.84507300534
"233","SE",2014,"CSEO",73709,13508,0.780102041,8.75665e-05,10537.618369828,15977.914593256,126.403776024516,247.751401008051,NA,12999.0528964621,10006306.8184141,0.297169811,0.000197224,3862.92609242065,918955.403632201,958.621616505804,1878.89836835138,NA,14400.5444622487,934933.318225457,966.919499351139,1895.16221872823
"234","SE",2015,"CSEO",80105,16888,0.863247863,4.38851e-05,14578.529910344,12516.2299338944,111.875957801015,219.276877289989,NA,8154.54599031177,3137762.11054326,0.345829428,0.000212225,2820.08197542921,390048.208590945,624.538396410457,1224.0952569645,NA,17398.6118857732,402564.438524839,634.479659662025,1243.58013293757
"235","SE",2016,"CSEO",54908,12620,0.867232901,5.14937e-05,10944.47921062,8201.11323428,90.5599979807862,177.497596042341,NA,8439.77214221996,2423165.61916061,0.379692833,0.000201133,3204.52099455398,364153.696129887,603.451486144402,1182.76491284303,NA,14149.000205174,372354.809364167,610.208824390607,1196.00929580559
"236","SE",2017,"CSEO",57388,11329,0.796583851,8.3914e-05,9024.498447979,10770.046467274,103.778834389648,203.40651540371,NA,14552.0829034384,13249322.287968,0.40052356,0.000314685,5828.45204990028,2196252.68945889,1481.9759409177,2904.67284419868,NA,14852.9504978793,2207022.73592616,1485.6051749796,2911.78614296001
"237","SE",2018,"CSEO",55460,10517,0.765291607,8.52089e-05,8048.571830819,9424.7254276721,97.0810250650049,190.27880912741,NA,6239.04732072004,1305580.49638512,0.324427481,0.000279203,2024.118406101,148649.210016055,385.550528486286,755.679035833121,NA,10072.69023692,158073.935443727,397.585129807098,779.266854421911
"238","SE",2019,"CSEO",59842,8780,0.901604278074866,9.49828734817617e-05,7916.08556149733,7322.07774411144,NA,NA,NA,9834.2503043694,3923387.55156857,0.324832214765101,0.000294779901903092,3194.48130692268,443645.465243369,NA,NA,NA,11110.56686842,450967.542987481,671.541169986979,1316.22069317448
"239","SE",2020,"CSEO",24728,824,0.00735294117647059,2.28446805399873e-06,6.05882352941177,1.55109898143184,1.2454312431571,2.44104523658792,NA,5579.58251293176,3148769.52383551,0.00810810810810811,2.17950316829684e-05,45.2398582129602,954.149383976485,30.8893085707091,60.5430447985899,NA,51.298681742372,955.700482957917,30.9144057513308,60.5922352726084
"240","SE",2021,"CSEO",56521,2821,0.015625,1.67456280620577e-06,44.078125,13.3262394688606,NA,NA,NA,6300.38324569167,1468791.0672019,0.00851063829787234,1.79919132913329e-05,53.6202829420568,846.998237033221,29.103234133567,57.0423389017914,NA,97.6984079420568,860.324476502082,29.3312883539418,57.4893251737259
"241","SE",2022,"CSEO",67729,3398,0.0564516129032258,5.55246828977902e-06,191.822580645161,64.1110420709776,8.0069371217075,15.6935967585467,NA,11225.9394255958,5308381.62346721,0.0260869565217391,4.4262068329568e-05,292.850593711194,9425.45098753122,97.0847618709096,190.286133266983,NA,484.673174356356,9489.5620296022,97.4143830735595,190.932190824177
"242","SE",1998,"EWYKT",1305,606,0.988211472,0.000515239,598.856152032,189.214309404,13.7555192342565,26.9608176991427,NA,340.03895326402,27091.9385422038,0.328283627,0.022094531,111.629220898796,6072.99874084545,77.9294471996655,152.741716511344,NA,710.485372930796,6262.21305024945,79.1341459184937,155.102926000248
"243","SE",1999,"EWYKT",663,116,0.988211472,0.000515239,114.632530752,6.933055984,2.63306968840553,5.16081658927484,NA,172.755422232985,6992.71962129621,0.328283627,0.022094531,56.7127765945608,1567.5060457214,39.5917421405197,77.5998145954186,NA,171.345307346561,1574.4391017054,39.6792023824245,77.7712366695521
"244","SE",2000,"EWYKT",1199,142,0.988211472,0.000515239,140.326029024,10.389279196,3.22324048063436,6.31755134204334,NA,312.41893100656,22869.5397543845,0.328283627,0.022094531,102.562019814296,5126.49495036077,71.5995457413018,140.335109652952,NA,242.888048838296,5136.88422955677,71.6720603133242,140.477238214115
"245","SE",2001,"EWYKT",1043,152,0.988211472,0.000515239,150.208143744,11.904081856,3.45022924687621,6.76244932387738,NA,271.770596363504,17305.6404052776,0.328283627,0.022094531,89.2178370861642,3879.2769379369,62.2838417082384,122.076329748147,NA,239.425980830164,3891.1810197929,62.3793316715793,122.263490076295
"246","SE",2002,"EWYKT",893,102,0.988211472,0.000515239,100.797570144,5.360546556,2.31528541566693,4.53795941470719,NA,232.68565920672,12685.9202293225,0.328283627,0.022094531,76.3868921552681,2843.70856146472,53.3264339841389,104.519810608912,NA,177.184462299268,2849.06910802072,53.3766719459046,104.618277013973
"247","SE",2003,"EWYKT",1627,443,0.988211472,0.000515239,437.777682096,101.115138511,10.0556023445142,19.7089805952479,NA,423.94128502725,42110.8651847656,0.328283627,0.022094531,139.172982683786,9439.68003044904,97.1580157807324,190.429710930235,NA,576.950664779787,9540.79516896004,97.676994061857,191.44690836124
"248","SE",2004,"EWYKT",1501,378,0.988211472,0.000515239,373.543936416,73.619409276,8.58017536394216,16.8171437133266,NA,391.109937815551,35841.026777366,0.328283627,0.022094531,128.394988941834,8034.21690000061,89.6337932924888,175.682234853278,NA,501.938925357834,8107.83630927661,90.0435245271786,176.48530807327
"249","SE",2005,"EWYKT",1676,284,0.988211472,0.000515239,280.652058048,41.557116784,6.44648096126871,12.6351026840867,NA,436.709031165133,44685.5478683669,0.328283627,0.022094531,143.364424694546,10016.8275339852,100.084102303938,196.164840515719,NA,424.016482742546,10058.3846507692,100.291498397268,196.571336858645
"250","SE",2006,"EWYKT",2529,440,1,0,440,0,0,0,NA,658.972040463378,101745.852995527,0.560606061,0.003789645,369.423719913307,34007.81260361,184.412072824992,361.447662736983,NA,809.423719913307,34007.81260361,184.412072824992,361.447662736983
"251","SE",2007,"EWYKT",2290,334,1,0,334,0,0,0,NA,596.696707260235,83423.81051903,0.639344262,0.003843053,381.494615941125,35789.3167967902,189.180645936074,370.794066034705,NA,715.494615941125,35789.3167967902,189.180645936074,370.794066034705
"252","SE",2008,"EWYKT",2857,401,1,0,401,0,0,0,NA,744.437769712878,129849.277997606,0.277227723,0.002003725,206.3787878127,11350.2153600533,106.537389493329,208.813283406925,NA,607.3787878127,11350.2153600533,106.537389493329,208.813283406925
"253","SE",2009,"EWYKT",2494,301,1,0,301,0,0,0,NA,649.852221793461,98949.1246706861,0.448717949,0.003212599,291.600356116255,21597.7781710763,146.961825557103,288.045178091922,NA,592.600356116255,21597.7781710763,146.961825557103,288.045178091922
"254","SE",2010,"EWYKT",2435,503,1,0,503,0,0,0,NA,634.478813178459,94322.8662543993,0.425925926,0.001518714,270.240976030416,17866.0122538493,133.663803080151,261.981054037095,NA,773.240976030416,17866.0122538493,133.663803080151,261.981054037095
"255","SE",2011,"EWYKT",2848,485,0.976851852,0.000105174,473.77314822,24.73955415,4.97388722731025,9.74881896552808,NA,1436.43668122271,404683.388629028,0.375757576,0.001430267,539.751965413729,60668.714795277,246.310200347604,482.767992681304,NA,1013.52511363373,60693.454349427,246.360415548901,482.866414475845
"256","SE",2012,"EWYKT",3241,514,0.926829268,0.000237122,476.390243752,62.646683912,7.91496581875121,15.5133330047524,NA,535.144277011863,48300.3406377392,0.287937743,0.000800897,154.088235302163,4272.53558731459,65.3646356014824,128.114685778906,NA,630.478479054163,4335.18227122659,65.8421010541628,129.050518066159
"257","SE",2013,"EWYKT",3884,452,1,0,452,0,0,0,NA,591.36648814078,87012.2978025348,0.277777778,0.000657762,164.268469059409,7001.17405396878,83.6730186736966,163.999116600445,NA,616.268469059409,7001.17405396878,83.6730186736966,163.999116600445
"258","SE",2014,"EWYKT",4695,675,1,0,675,0,0,0,NA,1023.13978494624,234030.602065489,0.16745283,0.00032958,171.327652474839,6984.46456001641,83.5731090723351,163.803293781777,NA,846.327652474839,6984.46456001641,83.5731090723351,163.803293781777
"259","SE",2015,"EWYKT",5729,1014,1,0,1014,0,0,0,NA,2397.56789359728,1115072.92742745,0.3514377,0.000730542,842.595746119672,142734.942107779,377.80278202758,740.493452774056,NA,1856.59574611967,142734.942107779,377.80278202758,740.493452774056
"260","SE",2016,"EWYKT",7499,1262,1,0,1262,0,0,0,NA,2107.86743084974,521828.911830426,0.258964143,0.000383037,545.862082787614,36896.8669252339,192.085571881997,376.487720888714,NA,1807.86208278761,36896.8669252339,192.085571881997,376.487720888714
"261","SE",2017,"EWYKT",6324,797,0.988416988,4.43754e-05,787.768339436,28.1876534586,5.30920459754566,10.4060410111895,NA,1256.04884004884,191271.467619989,0.169590643,0.000275058,213.014130423287,5987.71443026897,77.3803232758107,151.665433620589,NA,1000.78246985929,6015.90208372757,77.5622465103195,152.022003160226
"262","SE",2018,"EWYKT",8659,977,0.94980695,0.000184782,927.96139015,176.379777678,13.2808048580649,26.0303775218072,NA,1971.37950630439,502872.733877008,0.18895966,0.000326072,372.511201242245,19386.6481280372,139.235944095041,272.902450426279,NA,1300.47259139224,19563.0279057152,139.867894478023,274.141073176924
"263","SE",2019,"EWYKT",7908,739,0.993150684931507,2.33759517236622e-05,733.938356164384,12.7660981312781,NA,NA,NA,3002.49447353112,1226769.44460753,0.125827814569536,0.000243352158518121,377.797317861532,21915.3478001127,148.038332198498,290.155131109055,NA,1111.73567402592,21928.113898244,148.081443463535,290.239629188528
"264","SE",2020,"EWYKT",4059,76,0.00735294117647059,2.28446805399873e-06,0.558823529411765,0.0131950874798967,0.114869871941674,0.225144949005682,NA,914.638387715931,109543.02664472,0.0112359550561798,0.000126246686024492,10.2768358170329,133.272242592228,11.5443597740294,22.6269451570976,NA,10.8356593464447,133.285437679708,11.5449312548715,22.6280652595481
"265","SE",2021,"EWYKT",7343,118,0.0144717800289436,2.0670069002518e-05,1.70767004341534,0.287810040791061,NA,NA,NA,1513.75077974157,303380.239712913,0.00338983050847458,1.1490950876185e-05,5.13135857539516,33.303095691974,5.770883441205,11.3109315447618,NA,6.8390286188105,33.5909057327651,5.79576619031212,11.3597017330118
"266","SE",2022,"EWYKT",6780,191,1,0,191,0,0,0,NA,2639.47063688999,966272.62260717,0.0177777777777778,3.88902636861063e-05,46.9239224335999,613.909355946464,24.7771942710724,48.563300771302,NA,237.9239224336,613.909355946464,24.7771942710724,48.563300771302
"267","SE",1998,"NSEI",5285,2741,0.826924654,0.01161425,2266.600476614,87258.80100425,295.396007089212,578.976173894856,NA,3144.40151429046,781648.066122264,0.377191022,0.012598581,1186.04002075357,245620.581320387,495.601232161894,971.378415037311,NA,3452.64049736757,332879.382324637,576.957002145426,1130.83572420503
"268","SE",1999,"NSEI",6363,2506,0.826924654,0.01161425,2072.273182924,72937.908113,270.070191085577,529.337574527731,NA,3785.77612780137,1133039.68373943,0.377191022,0.012598581,1427.9607667086,356039.857118531,596.690755013459,1169.51387982638,NA,3500.2339496326,428977.765231531,654.963941932326,1283.72932618736
"269","SE",2000,"NSEI",9746,4164,0.826924654,0.01161425,3443.314259256,201378.272868,448.751905698461,879.553735168983,NA,5798.55007725163,2658116.97277721,0.377191022,0.012598581,2187.16102975672,835271.350839629,913.931808637619,1791.30634492973,NA,5630.47528901272,1036649.62370763,1018.15992049758,1995.59344417525
"270","SE",2001,"NSEI",7242,3333,0.826924654,0.01161425,2756.139871782,129021.41406825,359.195509532413,704.02319868353,NA,4308.75227369755,1467703.45107877,0.377191022,0.012598581,1625.2226736608,461202.669698049,679.119039416544,1331.07331725643,NA,4381.3625454428,590224.083766299,768.260427046909,1505.79043701194
"271","SE",2002,"NSEI",4958,1838,0.826924654,0.01161425,1519.887514052,39235.770377,198.08021197737,388.237215475646,NA,2949.847248411,687914.271302955,0.377191022,0.012598581,1112.65589837203,216166.214104844,464.936785063135,911.276098723745,NA,2632.54341242403,255401.984481844,505.373114126428,990.531303687799
"272","SE",2003,"NSEI",6069,2518,0.826924654,0.01161425,2082.196278772,73638.108017,271.363424243209,531.87231151669,NA,3610.85577866203,1030755.23560437,0.377191022,0.012598581,1361.98238144814,323898.581908058,569.12088514485,1115.47693488391,NA,3444.17866022014,397536.689925058,630.505106977777,1235.79000967644
"273","SE",2004,"NSEI",6052,2724,0.826924654,0.01161425,2252.542757496,86179.779108,293.563926782566,575.38529649383,NA,3600.74133670499,1024988.78405915,0.377191022,0.012598581,1358.1673047494,322086.565423813,567.526708995985,1112.35234963213,NA,3610.7100622454,408266.344531813,638.957232161757,1252.35617503704
"274","SE",2005,"NSEI",7678,3213,0.826924654,0.01161425,2656.908913302,119898.18840825,346.263177956089,678.675828793934,NA,4568.15796153684,1649747.54215939,0.377191022,0.012598581,1723.06817016952,518407.155214129,720.004968881555,1411.20973900785,NA,4379.97708347152,638305.343622379,798.940137696423,1565.92266988499
"275","SE",2006,"NSEI",6437,2961,0.928774929,0.000189006,2750.102564769,1657.114074126,40.7076660363377,79.7870254312218,NA,3829.80369867317,1159546.82935267,0.342105263,0.001190843,1310.19600157296,154556.139963802,393.136286755371,770.547122040528,NA,4060.29856634196,156213.254037928,395.238224413995,774.666919851431
"276","SE",2007,"NSEI",7499,3335,0.966666667,8.97555e-05,3223.833334445,998.2808659875,31.5955830138882,61.9273427072209,NA,4461.65883740098,1573721.87507113,0.43062201,0.001178782,1921.28849649587,317143.992938117,563.155389691084,1103.78456379452,NA,5145.12183094087,318142.273804104,564.041021384176,1105.52040191298
"277","SE",2008,"NSEI",10923,4095,0.947265625,9.77563e-05,3879.052734375,1639.2778386075,40.4879962286046,79.356472608065,NA,6498.82644098292,3338913.29750725,0.575581395,0.001428582,3740.60358876383,1171267.45730453,1082.25110640023,2121.21216854446,NA,7619.65632313884,1172906.73514314,1083.0081879391,2122.69604836064
"278","SE",2009,"NSEI",9325,3331,0.875420875,0.000368443,2916.026934625,4088.081781523,63.938108992392,125.318693625088,NA,5548.06889702149,2433430.54662668,0.561085973,0.001119402,3112.94363535634,803266.822559438,896.25153978079,1756.65301797035,NA,6028.97056998134,807354.904340961,898.529300769296,1761.11742950782
"279","SE",2010,"NSEI",11942,4469,0.912144703,0.000207608,4076.374677707,4146.338879288,64.3920715561163,126.208460249988,NA,7105.09799123117,3990941.92530611,0.540342298,0.000608756,3839.18497609703,1198395.49615291,1094.712517583,2145.63653446268,NA,7915.55965380403,1202541.8350322,1096.60468493993,2149.34518248226
"280","SE",2011,"NSEI",13281,4956,0.866666667,0.000454943,4295.200001652,11174.280849648,105.708471040158,207.18860323871,NA,7853.14412595882,2883554.54717307,0.425287356,0.000704375,3339.84290161596,567017.822924854,753.005858493049,1475.89148264638,NA,7635.04290326796,578192.103774502,760.389442177166,1490.36330666725
"281","SE",2012,"NSEI",15243,6060,0.876923077,0.000333114,5314.15384662,12233.1452904,110.603550080456,216.782958157694,NA,15088.8378409091,11116596.9906183,0.344357977,0.000440108,5195.9616741765,1423326.15644901,1193.03233671557,2338.34337996251,NA,10510.1155207965,1435559.30173941,1198.14828036408,2348.3706295136
"282","SE",2013,"NSEI",14770,5187,0.700315457,0.000664157,3632.536275459,17869.123496133,133.675440886249,262.003864137048,NA,8172.23880597015,2814788.85737179,0.266531027,0.000199076,2178.15520184448,213814.934435965,462.40126993334,906.306489069346,NA,5810.69147730348,231684.057932098,481.335701908864,943.417975741373
"283","SE",2014,"NSEI",19857,6286,0.769470405,0.00055433,4836.89096583,21903.68253668,147.998927484898,290.077897870399,NA,12419.1199241513,9528568.36911342,0.341050757,0.000200299,4235.55025140559,1141122.91339179,1068.23354814937,2093.73775437276,NA,9072.44121723559,1163026.59592847,1078.43710800791,2113.73673169551
"284","SE",2015,"NSEI",22095,8119,0.871910112,0.000251538,7079.038199328,16580.922381618,128.766930465931,252.383183713225,NA,9668.88570014844,4304414.60669642,0.3125,0.000176826,3021.52678129639,437645.115624231,661.547515772096,1296.63313091331,NA,10100.5649806244,454226.038005849,673.96293518698,1320.96735296648
"285","SE",2016,"NSEI",25877,9231,0.670781893,0.000455327,6191.987654283,38799.033370047,196.9747023606,386.070416626776,NA,14189.2918187014,6762576.62555134,0.308924485,0.00016297,4383.41966760704,679295.845006255,824.194057856677,1615.42035339909,NA,10575.40732189,718094.878376302,847.404790154211,1660.91338870225
"286","SE",2017,"NSEI",24305,5102,0.725978648,0.000710477,3703.943062096,18494.003342708,135.992659150073,266.545611934144,NA,16806.2283606367,14540377.8749319,0.23880597,0.000159734,4013.42766570335,876652.256250931,936.297098281806,1835.14231263234,NA,7717.37072779935,895146.259593639,946.121693860594,1854.39851996676
"287","SE",2018,"NSEI",34673,6405,0.829545455,0.000268311,5313.238639275,11007.197171775,104.91519037668,205.633773138293,NA,15349.2690105927,8197994.46042361,0.326173429,0.000174988,5006.52370582847,914839.033686769,956.472181344951,1874.6854754361,NA,10319.7623451035,925846.230858544,962.209036986529,1885.9297124936
"288","SE",2019,"NSEI",36293,6197,0.523291925465838,0.000387958765486927,3242.8400621118,14898.7063708702,NA,NA,NA,23183.36121673,24125308.8190178,0.247876857749469,9.90089862675086e-05,5746.61873047395,1537932.62810547,1240.13411698311,2430.66286928689,NA,8989.45879258575,1552831.33447634,1246.12653228969,2442.4080032878
"289","SE",2020,"NSEI",17585,283,0.363636363636364,0.000352751461398911,102.909090909091,28.2515117919774,5.31521512189087,10.4178216389061,NA,4858.39789044496,1472700.4379099,0.0727762803234501,0.000182378090123602,353.576126797881,12373.4376365206,111.235954783157,218.022471374989,NA,456.485217706972,12401.6891483126,111.362871498146,218.271228136366
"290","SE",2021,"NSEI",33151,1940,0.0169491525423729,9.14482918247434e-06,32.8813559322034,34.4174791111604,NA,NA,NA,7926.48998058092,3864104.35741784,0.0476190476190476,0.000108237407930555,377.451903837186,15980.8564888403,126.415412386466,247.774208277474,NA,410.33325976939,16015.2739679515,126.551467664154,248.040876621742
"291","SE",2022,"NSEI",34168,2848,0.124031007751938,3.75033886323703e-05,353.240310077519,304.193885549573,17.4411549373765,34.184663677258,NA,23959.7262735353,56313844.1152217,0.070362473347548,4.65231832802017e-05,1685.86560133617,308130.345075876,555.094897360691,1087.98599882695,NA,2039.10591141369,308434.538961425,555.368831463762,1088.52290966897
"292","SE",1998,"NSEO",1123,522,0.915492906,0.003095375,477.887296932,843.4401615,29.0420412763979,56.9224009017399,NA,595.655338971554,93360.3427904111,0.328283627,0.022094531,195.543895119496,19963.4664989593,141.292131765924,276.932578261212,NA,673.431192051496,20806.9066604593,144.245993568138,282.722147393551
"293","SE",1999,"NSEO",1071,587,0.915492906,0.003095375,537.394335822,1066.570268375,32.6583874123478,64.0104393282018,NA,568.073791663877,84914.5019697874,0.328283627,0.022094531,186.48932473106,18157.4720559378,134.749664400094,264.109342224183,NA,723.88366055306,19224.0423243128,138.650792728757,271.755553748364
"294","SE",2000,"NSEO",2883,1426,0.915492906,0.003095375,1305.492883956,6294.3707735,79.3370706133016,155.500658402071,NA,1529.18463246214,615307.501617431,0.328283627,0.022094531,502.006277497335,131572.682018468,362.729488763277,710.949797976023,NA,1807.49916145333,137867.052791968,371.304528375252,727.756875615494
"295","SE",2001,"NSEO",2839,1604,0.915492906,0.003095375,1468.450621224,7963.830326,89.2402954163645,174.910979016074,NA,1505.84640012488,596669.323616881,0.328283627,0.022094531,494.344717937889,127587.235618052,357.193554838343,700.099367483152,NA,1962.79533916189,135551.065944052,368.172603467521,721.618302796341
"296","SE",2002,"NSEO",2029,1342,0.915492906,0.003095375,1228.591479852,5574.6589415,74.6636386837663,146.340731820182,NA,1076.21075937069,304766.353777939,0.328283627,0.022094531,353.302371502634,65168.9219620215,255.282043947516,500.352806137132,NA,1581.89385135463,70743.5809035215,265.976654809255,521.31424342614
"297","SE",2003,"NSEO",3083,1659,0.915492906,0.003095375,1518.802731054,8519.341800375,92.3002806083221,180.908549992311,NA,1635.26750672244,703639.116398725,0.328283627,0.022094531,536.83154822209,150460.843520232,387.892824785703,760.269936579979,NA,2055.63427927609,158980.185320607,398.723193858355,781.497459962376
"298","SE",2004,"NSEO",2923,1924,0.915492906,0.003095375,1761.408351144,11458.384886,107.043845624118,209.805937423271,NA,1550.4012073142,632500.03783668,0.328283627,0.022094531,508.971331642286,135249.003362057,367.762155967762,720.813825696814,NA,2270.37968278629,146707.388248057,383.024004793507,750.727049395274
"299","SE",2005,"NSEO",2796,1608,0.915492906,0.003095375,1472.112592848,8003.599704,89.4628397939614,175.347165996164,NA,1483.03858215892,578731.683724506,0.328283627,0.022094531,486.857284732067,123751.586965115,351.783437593521,689.495537683302,NA,1958.96987758007,131755.186669115,362.980972874771,711.44270683455
"300","SE",2006,"NSEO",3058,1651,0.988095238,2.80741e-05,1631.345237938,76.5244098541,8.74782314945267,17.1457333729272,NA,1622.0071474399,692273.786898811,0.560606061,0.003789645,909.30703784013,230160.897370649,479.750870109319,940.311705414266,NA,2540.65227577813,230237.421780503,479.830617802265,940.468010892439
"301","SE",2007,"NSEO",4266,1748,0.986970684,2.09781e-05,1725.224755632,64.0986684624,8.00616440390778,15.6920822316592,NA,2262.74770797208,1347238.94107506,0.639344262,0.003843053,1446.6747634456,575552.898289327,758.652027143754,1486.95797320176,NA,3171.8995190776,575616.99695779,758.694271072208,1487.04077130153
"302","SE",2008,"NSEO",5010,1963,0.946317104,6.35013e-05,1857.620475152,244.6939408797,15.6426960873022,30.6596843311123,NA,2657.37600022038,1858139.76212869,0.277227723,0.002003725,736.698297695943,160680.52251438,400.849750547983,785.665511074046,NA,2594.31877284794,160925.21645526,401.154853460929,786.263512783421
"303","SE",2009,"NSEO",2818,864,0.970845481,8.27618e-05,838.810495584,61.7813526528,7.86011149111767,15.4058185225906,NA,1494.70769832755,587874.879398666,0.448717949,0.003212599,670.702172748049,127433.350172711,356.978080801484,699.677038370909,NA,1509.51266833205,127495.131525364,357.064604133991,699.846624102622
"304","SE",2010,"NSEO",4613,1642,0.947169811,9.4592e-05,1555.252829662,255.035545088,15.9698323437662,31.3008713937817,NA,2446.80149481369,1575323.79981807,0.425925926,0.001518714,1042.15619241671,297268.810523428,545.223633496778,1068.63832165368,NA,2597.40902207871,297523.846068516,545.457464948933,1069.09663129991
"305","SE",2011,"NSEO",8950,2118,0.922302158,0.000103258,1953.435970644,463.207540392,21.5222568610264,42.1836234476118,NA,2109.86387208297,736850.511553881,0.375757576,0.001430267,792.797334263872,111459.454355798,333.85543930839,654.356661044444,NA,2746.23330490787,111922.66189619,334.548444767257,655.714951743823
"306","SE",2012,"NSEO",8600,2133,0.901055409,0.000117774,1921.951187397,535.835072286,23.1481116354229,45.3702988054288,NA,4056.14035087719,2425591.28382108,0.287937743,0.000800897,1167.91589792281,216220.497175148,464.99515822764,911.390510126175,NA,3089.86708531981,216756.332247434,465.570974446898,912.51910991592
"307","SE",2013,"NSEO",6970,1675,0.868102288,0.000154314,1454.0713324,432.94721625,20.8073836954577,40.7824720430971,NA,3563.46380325597,1983952.15972031,0.277777778,0.000657762,989.851057251874,162740.139243959,403.410633528615,790.684841716086,NA,2443.92238965187,163173.086460209,403.94688569193,791.735895956182
"308","SE",2014,"NSEO",8688,2260,0.875,0.000132898,1977.5,678.7898248,26.0535952375099,51.0650466655195,NA,9722.2508839872,9687106.4801496,0.16745283,0.00032958,1628.01842449366,305976.118353826,553.151080947896,1084.17611865788,NA,3605.51842449366,306654.908178626,553.764307425665,1085.3780425543
"309","SE",2015,"NSEO",9156,2579,0.903455285,8.87323e-05,2330.011180015,590.1799117843,24.2936187461708,47.6154927424947,NA,4529.48035542233,3708908.49097668,0.3514377,0.000730542,1591.83015830481,475779.018380186,689.767365406762,1351.94403619725,NA,3921.84133831981,476369.19829197,690.195043659377,1352.78228557238
"310","SE",2016,"NSEO",5839,1492,0.930481283,8.65942e-05,1388.278074236,192.7642312288,13.883955892641,27.2125535495763,NA,1660.62785079242,405106.185098781,0.258964143,0.000383037,430.043068222392,28378.8701042545,168.460292366642,330.182173038618,NA,1818.32114245839,28571.6343354833,169.03145960289,331.301660821663
"311","SE",2017,"NSEO",9211,1716,0.918060201,0.000126006,1575.391304916,371.044323936,19.2625108419437,37.7545212502097,NA,6867.01714719272,4662505.66568143,0.169590643,0.000275058,1164.58185348444,148351.334840631,385.164036276274,754.921511101497,NA,2739.97315840044,148722.379164567,385.645405994376,755.864995748977
"312","SE",2018,"NSEO",11024,1835,0.882042254,0.000183499,1618.54753609,617.882420275,24.8572408017262,48.7201919713833,NA,7836.88364070585,7422148.53560271,0.18895966,0.000326072,1480.85486820734,287459.838895546,536.152813007211,1050.85951349413,NA,3099.40240429734,288077.721315821,536.728722275807,1051.98829566058
"313","SE",2019,"NSEO",11553,1628,0.751252086811352,0.00031249563356679,1223.03839732888,828.233427275284,NA,NA,NA,6640.66345167248,4892127.85531231,0.114942528735632,0.000167320302341267,763.294649617526,72830.8527733297,269.871919201183,528.948961634318,NA,1986.33304694641,73659.086200605,271.402074790531,531.948066589441
"314","SE",2020,"NSEO",3314,172,0.00735294117647059,2.28446805399873e-06,1.26470588235294,0.0675837029094984,0.25996865755221,0.509538568802332,NA,1085.57191634656,110201.419375961,0.00810810810810811,2.17950316829684e-05,8.80193445686404,35.3313531128185,5.94401826316327,11.6502757958,NA,10.066640339217,35.398936815728,5.9497005652157,11.6614131078228
"315","SE",2021,"NSEO",9732,638,0.0144717800289436,2.0670069002518e-05,9.23299565846599,8.41362756706094,NA,NA,NA,6262.89467835535,3588518.03593881,0.00851063829787234,1.79919132913329e-05,53.3012313051519,1030.19623056601,32.0966700853221,62.9094733672313,NA,62.5342269636179,1038.60985813307,32.2274705512715,63.1658422804922
"316","SE",2022,"NSEO",10558,884,0,0,0,0,0,0,NA,4984.01580854099,3115948.89301432,0,0,0,0,0,0,NA,0,0,0,0
"317","SE",1998,"SSEI",6261,3492,0.827732131,0.001072371,2890.440601452,13076.560605744,114.352790109135,224.131468613906,NA,7422.47676333871,2528282.45560498,0.709542718,0.001904978,5266.56433695119,1382633.58119648,1175.85440476127,2304.67463333209,NA,8157.00493840319,1395710.14180222,1181.40176984895,2315.54746890393
"318","SE",1999,"SSEI",7370,3538,0.827732131,0.001072371,2928.516279478,13423.343939724,115.859155614582,227.083945004581,NA,8737.20711480695,3503266.36269439,0.709542718,0.001904978,6199.42168396906,1915819.8508237,1384.13144275524,2712.89762780027,NA,9127.93796344706,1929243.19476342,1388.97199207307,2722.38510446321
"319","SE",2000,"SSEI",11989,6877,0.827732131,0.001072371,5692.313864887,50715.780038859,225.201643064297,441.395220406022,NA,14213.0768113189,9270520.18438958,0.709542718,0.001904978,10084.785151846,5069739.13997664,2251.60812309261,4413.15192126152,NA,15777.099016733,5120454.9200155,2262.84222163533,4435.17075440524
"320","SE",2001,"SSEI",9348,4834,0.827732131,0.001072371,4001.257121254,25058.689395276,158.299366376736,310.266758098402,NA,11082.1454693644,5636059.77962201,0.709542718,0.001904978,7863.25561760418,3082173.63121779,1755.61203892483,3440.99959629266,NA,11864.5127388582,3107232.32061306,1762.73433069566,3454.95928816349
"321","SE",2002,"SSEI",8033,4064,0.827732131,0.001072371,3363.903380384,17711.382383616,133.084117698604,260.844870689265,NA,9523.2001022041,4161919.8980246,0.709542718,0.001904978,6757.11728457578,2276015.56167177,1508.64693075344,2956.94798427674,NA,10121.0206649598,2293726.94405538,1514.50551139815,2968.43080234038
"322","SE",2003,"SSEI",11263,5615,0.827732131,0.001072371,4647.715915565,33809.954171475,183.874832893126,360.394672470527,NA,13352.3967074723,8181752.76003623,0.709542718,0.001904978,9474.09585163413,4474328.44933704,2115.2608466421,4145.91125941851,NA,14121.8117671991,4508138.40350852,2123.23771714533,4161.54592560485
"323","SE",2004,"SSEI",13195,7929,0.827732131,0.001072371,6563.088066699,67418.936366211,259.651567232341,508.917071775389,NA,15642.8016119237,11229410.8731841,0.709542718,0.001904978,11099.2359728591,6140991.30257266,2478.10235917983,4857.08062399247,NA,17662.3240395581,6208410.23893887,2491.66816388918,4883.66960122279
"324","SE",2005,"SSEI",15329,9584,0.827732131,0.001072371,7932.984743504,98500.553515776,313.847978352221,615.142037570353,NA,18172.6794929275,15155345.1625626,0.709542718,0.001904978,12894.2924007546,8287954.1840465,2878.88071723135,5642.60620577345,NA,20827.2771442586,8386454.73756227,2895.93762666986,5676.03774827293
"325","SE",2006,"SSEI",17714,11388,0.806709265,0.000249487,9186.80510982,32355.106802928,179.875253447849,352.555496757785,NA,21000.1203299444,20238180.4598216,0.751842752,0.000152931,15788.7882611966,11510524.5424937,3392.7163958241,6649.72413581524,NA,24975.5933710166,11542879.6492966,3397.48136849882,6659.06348225769
"326","SE",2007,"SSEI",20368,12015,0.788063337,0.000203682,9468.580994055,29403.57934845,171.474719269197,336.090449767627,NA,24146.4632991028,26756848.2789062,0.764927718,0.00011309,18470.2990691535,15724780.8424804,3965.44837849144,7772.27882184323,NA,27938.8800632085,15754184.4218289,3969.15411918319,7779.54207359905
"327","SE",2008,"SSEI",18756,10550,0.878472222,0.000185667,9267.8819421,20665.2012675,143.753960875866,281.757763316697,NA,22235.4215258235,22689171.1729488,0.719035744,0.000168073,15988.0628599741,11817493.9445401,3437.6582064743,6737.81008468963,NA,25255.9448020741,11838159.1458076,3440.6626027275,6743.69870134591
"328","SE",2009,"SSEI",14837,8319,0.886456908,0.000137878,7374.435017652,9541.951915158,97.6829151651301,191.458513723655,NA,17589.4086787504,14198104.7772729,0.71950048,0.000194057,12655.5879872771,7412882.24998535,2722.66087678678,5336.41531850209,NA,20030.0230049291,7422424.20190051,2724.41263429395,5339.84876321615
"329","SE",2010,"SSEI",20015,11058,0.825788752,0.000197612,9131.572019616,24163.869678768,155.447321233812,304.676749618272,NA,23727.9783450286,25837433.5267717,0.773500448,0.000156987,18353.601880014,15551055.0041888,3943.48259843869,7729.22589293984,NA,27485.17389963,15575218.8738676,3946.54518203803,7735.22855679453
"330","SE",2011,"SSEI",17328,8097,0.837320574,0.000163132,6779.784687678,10695.163772988,103.417424900198,202.698152804387,NA,26057.6562594726,22721971.6945686,0.719407638,0.000157457,18746.0769414431,11870187.493268,3445.31384539464,6752.81513697349,NA,25525.8616291211,11880882.657041,3446.86562793518,6755.85663075295
"331","SE",2012,"SSEI",20908,11877,0.856429463,0.000153698,10171.812732051,21681.120801042,147.245104506201,288.600404832154,NA,30342.2396878484,23087012.9574232,0.715509854,0.000174576,21710.1714890854,11984250.8353536,3461.82767268298,6785.18223845864,NA,31881.9842211364,12005931.9561547,3464.9577134728,6791.3171184067
"332","SE",2013,"SSEI",24779,13572,0.828148148,0.000211155,11239.626664656,38894.57869752,197.217085206936,386.545487005595,NA,34267.8420658215,37595985.1319944,0.697008275,0.000134514,23884.9694862707,18427916.5852242,4292.77492832133,8413.83885950981,NA,35124.5961509267,18466811.1639217,4297.3027777807,8422.71344445017
"333","SE",2014,"SSEI",25686,15018,0.780042164,0.000120658,11714.673218952,27213.244413192,164.964373163395,323.330171400255,NA,33152.0733369684,19566076.6333573,0.670035371,0.000111773,22213.0617577548,8909171.38999037,2984.82351069379,5850.25408095982,NA,33927.7349767068,8936384.63440356,2989.37863684137,5859.18212820908
"334","SE",2015,"SSEI",29160,17942,0.797106691,5.85122e-05,14301.688249922,18835.9761614408,137.244220867186,268.998672899684,NA,31796.6453596569,18451721.9403925,0.75708502,9.31176e-05,24072.7638880488,10671978.6062287,3266.79944383316,6402.926909913,NA,38374.4521379708,10690814.5823901,3269.68111325709,6408.57498198389
"335","SE",2016,"SSEI",32540,19167,0.80009298,7.43927e-05,15335.38214766,27329.9355122103,165.317680579575,324.022653935966,NA,33865.5324462817,23923054.4684109,0.694041062,0.000106387,23504.0701042128,11648125.3910494,3412.93501125488,6689.35262205957,NA,38839.4522518728,11675455.3265616,3416.93654119616,6697.19562074447
"336","SE",2017,"SSEI",30249,13768,0.822570533,9.1561e-05,11325.151098344,17356.103923264,131.742566861527,258.215431048594,NA,32660.8348717368,21220862.4266651,0.669157609,0.0001505,21855.2461707152,9665842.63405636,3108.99382985177,6093.62790650946,NA,33180.3972690592,9683198.73797962,3111.78385142343,6099.09634878992
"337","SE",2018,"SSEI",42049,16630,0.854961832061069,0.000106622612020507,14218.0152671756,29487.2190502942,171.718429559247,336.568121936125,NA,34725.8595505618,18537755.6843756,0.632468316,0.00014037,21963.0059115963,7587274.31039736,2754.50073704789,5398.82144461386,NA,36181.0211787719,7616761.52944766,2759.84809898075,5409.30227400227
"338","SE",2019,"SSEI",35867,14851,0.831491712707182,0.000139833577251955,12348.4834254144,30840.6032366222,NA,NA,NA,69950.3486044632,111154603.321565,0.602549246813441,0.000277823262155448,42148.529865957,41746696.973834,6461.16839076602,12663.8900459014,NA,54497.0132913713,41777537.5770706,6463.55456208661,12668.5669416898
"339","SE",2020,"SSEI",11107,325,0,0,0,0,0,0,NA,15196.6491548652,6640608.26213042,0.0279001468428781,3.98848950720941e-05,423.98874294044,14644.9739561005,121.016420192057,237.192183576432,NA,423.98874294044,14644.9739561005,121.016420192057,237.192183576432
"340","SE",2021,"SSEI",28388,1254,0.0421052631578947,1.78699202358437e-05,52.8,28.100735489588,NA,NA,NA,14186.636497865,6428956.91495986,0.0657142857142857,8.78339318560042e-05,932.264684145417,46004.7928473421,214.487278987221,420.395066814954,NA,985.064684145417,46032.8935828316,214.552775751869,420.523440473663
"341","SE",2022,"SSEI",33837,3983,0.0630841121495327,2.72245540966549e-05,251.264018691589,431.898194085467,20.7821604768481,40.7330345346223,NA,25305.766593391,17492823.095339,0.24113475177305,0.000325024481812432,6102.09974592408,1230962.50680435,1109.48749736279,2174.59549483107,NA,6353.36376461567,1231394.40499844,1109.68211889642,2174.97695303697
"342","SE",1998,"SSEO",3185,1723,0.944530268,0.000915486,1627.425651764,2717.829837294,52.1328096048352,102.180306825477,NA,1543.42157574843,277633.929629772,0.336687106,0.004451475,519.650143676698,43312.0469439854,208.115465412798,407.906312209083,NA,2147.0757954407,46029.8767812794,214.545745195004,420.509660582207
"343","SE",1999,"SSEO",4616,3048,0.944530268,0.000915486,2878.928256864,8505.143247744,92.223333531943,180.757733722608,NA,2236.87095562158,583156.696513874,0.336687106,0.004451475,753.125608543685,90974.8684132009,301.620404504073,591.175992827984,NA,3632.05386540768,99480.0116609449,315.404520672968,618.192860519018
"344","SE",2000,"SSEO",6910,4760,0.944530268,0.000915486,4495.96407568,20742.7155936,144.023316145685,282.285699645543,NA,3348.52216276974,1306801.91294607,0.336687106,0.004451475,1127.40423635981,203866.529841965,451.515813501549,884.970994463035,NA,5623.36831203981,224609.245435565,473.929578561589,928.901973980714
"345","SE",2001,"SSEO",5756,3877,0.944530268,0.000915486,3661.943849036,13760.788163694,117.306385860677,229.920516286927,NA,2789.30442386435,906766.020504302,0.336687106,0.004451475,939.122834223884,141459.267963629,376.11071237553,737.176996256039,NA,4601.06668325988,155220.056127323,393.979766139484,772.200341633389
"346","SE",2002,"SSEO",7617,4125,0.944530268,0.000915486,3896.1873555,15577.56646875,124.810121659864,244.627838453333,NA,3691.12783123258,1587894.25698243,0.336687106,0.004451475,1242.75514737375,247718.103807485,497.712872856917,975.517230799557,NA,5138.94250287375,263295.670276235,513.123445455609,1005.72195309299
"347","SE",2003,"SSEO",6896,4090,0.944530268,0.000915486,3863.12879612,15314.3413566,123.751126688204,242.55220830888,NA,3341.73789210711,1301511.9872539,0.336687106,0.004451475,1125.12005990408,203041.279447625,450.601020246987,883.177999684094,NA,4988.24885602408,218355.620804225,467.285374053399,915.879333144663
"348","SE",2004,"SSEO",10061,5918,0.944530268,0.000915486,5589.730126024,32062.813503864,179.060921208018,350.959405567715,NA,4875.46765262321,2770358.44857322,0.336687106,0.004451475,1641.50709435832,432187.43233681,657.409638153268,1288.5228907804,NA,7231.23722038232,464250.245840674,681.359116648977,1335.46386863199
"349","SE",2005,"SSEO",12666,7243,0.944530268,0.000915486,6841.232731124,48027.355904814,219.151445135126,429.536832464846,NA,6137.82658663409,4390688.57336862,0.336687106,0.004451475,2066.52707058369,684965.666335362,827.626525877079,1622.14799071907,NA,8907.75980170769,732993.022240176,856.150116650215,1678.05422863442
"350","SE",2006,"SSEO",12007,7233,0.962328767,0.000124578,6960.523971711,6517.458651042,80.7307788333669,158.232326513399,NA,5818.48127472884,3945687.5188521,0.514705882,0.00185025,2994.80653640979,1115240.21290743,1056.04934207992,2069.85671047664,NA,9955.33050812079,1121757.67155847,1059.13062063112,2075.896016437
"351","SE",2007,"SSEO",12018,6094,0.970031546,4.59247e-05,5911.372241324,1705.4980522492,41.2976761119703,80.9434451794617,NA,5823.81177310662,3952920.37367866,0.350404313,0.000615192,2040.68876339674,508649.282829757,713.196524689904,1397.86518839221,NA,7952.06100472074,510354.780882007,714.391195971791,1400.20674410471
"352","SE",2008,"SSEO",17754,6953,0.950980392,5.08361e-05,6612.166665576,2457.6310431449,49.5744999283392,97.1660198595448,NA,8603.42438173864,8626727.85886849,0.315789474,0.000406905,2716.87086010802,893912.036017673,945.469214738202,1853.11966088688,NA,9329.03752568402,896369.667060818,946.768011215429,1855.66530198224
"353","SE",2009,"SSEO",9645,3692,0.960431655,6.84733e-05,3545.91367026,933.3502399312,30.5507813309447,59.8795314086516,NA,4673.87789579076,2545998.42556601,0.314984709,0.000330428,1472.20006890719,260661.681227403,510.550370901249,1000.67872696645,NA,5018.11373916719,261595.031467334,511.463616953674,1002.4686892292
"354","SE",2010,"SSEO",12415,4993,0.974358974,3.56399e-05,4864.974357182,888.5044533551,29.8077918228624,58.4232719728102,NA,6016.19430546836,4218393.74711524,0.408684547,0.00030903,2458.72564439432,717057.853105686,846.792686025149,1659.71366460929,NA,7323.70000157632,717946.357559041,847.317152876679,1660.74161963829
"355","SE",2011,"SSEO",11926,3783,0.936605317,0.000121672,3543.177914211,1741.258820808,41.7283934606642,81.7876511829018,NA,5499.83264540338,3434887.63936153,0.356164384,0.00044963,1958.84450625318,450870.94508339,671.469243587068,1316.07971743065,NA,5502.02242046418,452612.203904198,672.764597689413,1318.61861147125
"356","SE",2012,"SSEO",14290,4684,0.948031496,7.77094e-05,4440.579527264,1704.9330458464,41.2908348891906,80.9300363828136,NA,7211.48404861375,3512142.9566568,0.290849673,0.000337571,2097.45777738402,315845.725578275,562.001535209892,1101.52300901139,NA,6538.03730464802,317550.658624121,563.516333946161,1104.49201453448
"357","SE",2013,"SSEO",15619,4475,0.944444444,7.29752e-05,4226.3888869,1461.3739895,38.227921595347,74.9267263268802,NA,7064.68019164546,3429125.89069863,0.290526316,0.000434854,2052.47550979693,312631.828016227,559.134892504686,1095.90438930918,NA,6278.86439669693,314093.202005727,560.440185930423,1098.46276442363
"358","SE",2014,"SSEO",18453,5130,0.957884427,3.95508e-05,4913.94711051,1040.85444852,32.2622759352157,63.2340608330228,NA,5969.05725915875,5648205.4842977,0.33171521,0.000359287,1980.02708222387,636330.775490788,797.703438309494,1563.49873908661,NA,6893.97419273387,637371.629939308,798.355578636054,1564.77693412667
"359","SE",2015,"SSEO",17669,4920,0.963912631,3.30657e-05,4742.45014452,800.40156048,28.2913690103537,55.4510832602932,NA,15546.5243355195,23591989.047448,0.314705882,0.000317623,4892.58265304413,2420806.75678382,1555.89419845432,3049.55262897047,NA,9635.03279756413,2421607.1583443,1556.15139313124,3050.05673053723
"360","SE",2016,"SSEO",17707,4149,0.947423764,5.24337e-05,3930.861196836,902.6042509737,30.0433728295227,58.8850107458644,NA,9530.76170282172,11849070.1453104,0.359116022,0.000637539,3422.64922934728,1593572.60771463,1262.36785752594,2474.24100075084,NA,7353.51042618328,1594475.2119656,1262.72531136649,2474.94161027832
"361","SE",2017,"SSEO",20760,4370,0.894927536,0.000113703,3910.83333232,2171.3748207,46.5980130552795,91.3321055883478,NA,7420.22133270544,9465736.89381753,0.27027027,0.000534483,2005.46522305006,725922.136406226,852.010643364404,1669.94086099423,NA,5916.29855537006,728093.511226926,853.283956972664,1672.43655566642
"362","SE",2018,"SSEO",26949,4535,0.863509749,0.00016438,3916.016711715,3380.6760655,58.1435814643371,113.961419670101,NA,12867.6358994501,12734528.8226822,0.241758242,0.000288225,3110.85703374715,795689.179574171,892.01411399942,1748.34766343886,NA,7026.87374546215,799069.855639671,893.907073268621,1752.0578636065
"363","SE",2019,"SSEO",22912,3570,0.948553054662379,7.85831838213341e-05,3386.33440514469,1001.53481948452,NA,NA,NA,16359.9859993,28189042.1157384,0.365461847389558,0.00046659856235849,5978.95070657147,3903032.71595421,1975.60945430877,3872.1945304452,NA,9365.28511171617,3904034.25077369,1975.86291295062,3872.69130938321
"364","SE",2020,"SSEO",12619,170,0.00735294117647059,2.28446805399873e-06,1.25,0.0660211267605633,0.256945766185324,0.503613701723235,NA,2769.62253557906,1279455.89249293,0,0,0,0,0,0,NA,1.25,0.0660211267605633,0.256945766185324,0.503613701723235
"365","SE",2021,"SSEO",29399,361,0.0144927536231884,4.11961745474646e-06,5.23188405797101,0.536872666320013,NA,NA,NA,1670.08700007155,492653.231678409,0.00584795321637427,3.41985568209022e-05,9.76659064369326,129.082351874587,11.361441452324,22.2684252465551,NA,14.9984747016643,129.619224540907,11.3850438971884,22.3146860384893
"366","SE",2022,"SSEO",38456,918,0,0,0,0,0,0,NA,6059.51210251541,7021661.44093189,0.0197044334975369,9.56245980102876e-05,119.399253251535,6908.82087336204,83.1193170891222,162.913861494679,NA,119.399253251535,6908.82087336204,83.1193170891222,162.913861494679
