"","Region","year","RptArea","Log_rfrel","Gui_Nonpelrel","gui_pDSRinNonpel","gui_var_pDSRinNonpel","GuiDSR","var_GuiDSR","sqrt_GuiDSR","GuiDSR_UPRLWR95","blank","PRIV_rfrel","var_PRIV_rfrel","priv_pDSR","priv_var_pDSR","Priv_DSR","var_PrivDSR","sqrt_PrivDSR","PrivDSR_UPRLWR95","blank2","TotalDSRrel","var_totalDSRrel","sqrt_totalDSR","TotalDSR_UPRLWR95"
"1","SC",1999,"AFOGNAK",770,2,NA,NA,0,0,0,0,NA,411.552007740248,129118.934375443,NA,NA,0,0,0,0,NA,0,0,0,0
"2","SC",2000,"AFOGNAK",2000,51,NA,NA,0,0,0,0,NA,1068.96625387077,871100.923430212,NA,NA,0,0,0,0,NA,0,0,0,0
"3","SC",2001,"AFOGNAK",910,57,NA,NA,0,0,0,0,NA,486.379645511202,180339.66867314,NA,NA,0,0,0,0,NA,0,0,0,0
"4","SC",2002,"AFOGNAK",708,12,NA,NA,0,0,0,0,NA,378.414053870254,109162.88332058,NA,NA,0,0,0,0,NA,0,0,0,0
"5","SC",2003,"AFOGNAK",818,42,NA,NA,0,0,0,0,NA,437.207197833147,145718.633572329,NA,NA,0,0,0,0,NA,0,0,0,0
"6","SC",2004,"AFOGNAK",758,117,NA,NA,0,0,0,0,NA,405.138210217023,125125.807742439,NA,NA,0,0,0,0,NA,0,0,0,0
"7","SC",2005,"AFOGNAK",1426,51,NA,NA,0,0,0,0,NA,762.172939009862,442840.705343294,NA,NA,0,0,0,0,NA,0,0,0,0
"8","SC",2006,"AFOGNAK",842,36,NA,NA,0,0,0,0,NA,450.034792879596,154394.798769694,NA,NA,0,0,0,0,NA,0,0,0,0
"9","SC",2007,"AFOGNAK",2835,76,NA,NA,0,0,0,0,NA,1515.25966486182,1750308.5298291,NA,NA,0,0,0,0,NA,0,0,0,0
"10","SC",2008,"AFOGNAK",1487,38,NA,NA,0,0,0,0,NA,794.77640975292,481537.839440065,NA,NA,0,0,0,0,NA,0,0,0,0
"11","SC",2009,"AFOGNAK",1564,42,NA,NA,0,0,0,0,NA,835.931610526945,532699.121099737,NA,NA,0,0,0,0,NA,0,0,0,0
"12","SC",2010,"AFOGNAK",1405,178,NA,NA,0,0,0,0,NA,750.948793344219,429893.750093581,NA,NA,0,0,0,0,NA,0,0,0,0
"13","SC",2011,"AFOGNAK",2417,232,NA,NA,0,0,0,0,NA,2788.84615384615,11082356.8887375,NA,NA,0,0,0,0,NA,0,0,0,0
"14","SC",2012,"AFOGNAK",1340,174,NA,NA,0,0,0,0,NA,723.996710526316,686590.428375789,NA,NA,0,0,0,0,NA,0,0,0,0
"15","SC",2013,"AFOGNAK",1722,179,NA,NA,0,0,0,0,NA,672.377867746289,639080.198974921,NA,NA,0,0,0,0,NA,0,0,0,0
"16","SC",2014,"AFOGNAK",2290,317,NA,NA,0,0,0,0,NA,2052.37384506041,4444516.35623331,NA,NA,0,0,0,0,NA,0,0,0,0
"17","SC",2015,"AFOGNAK",1554,294,NA,NA,0,0,0,0,NA,423.373228346457,541004.165428356,NA,NA,0,0,0,0,NA,0,0,0,0
"18","SC",2016,"AFOGNAK",1266,160,NA,NA,0,0,0,0,NA,989.829278350515,1922869.00698582,NA,NA,0,0,0,0,NA,0,0,0,0
"19","SC",2017,"AFOGNAK",1358,173,NA,NA,0,0,0,0,NA,143.314318311466,108175.8345845,NA,NA,0,0,0,0,NA,0,0,0,0
"20","SC",2018,"AFOGNAK",872,10,NA,NA,0,0,0,0,NA,577.035120147874,627701.400476123,NA,NA,0,0,0,0,NA,0,0,0,0
"21","SC",2019,"AFOGNAK",833,32,NA,NA,0,0,0,0,NA,2090.56847027388,8383202.98640306,NA,NA,0,0,0,0,NA,0,0,0,0
"22","SC",2020,"AFOGNAK",237,45,NA,NA,0,0,0,0,NA,657.073512252042,1093965.40172161,NA,NA,0,0,0,0,NA,0,0,0,0
"23","SC",2021,"AFOGNAK",1479,86,NA,NA,0,0,0,0,NA,181.814952575786,69799.7849505814,NA,NA,0,0,0,0,NA,0,0,0,0
"24","SC",1999,"CI",621,98,NA,NA,0,0,0,0,NA,1211.57279049933,419914.105784278,NA,NA,0,0,0,0,NA,0,0,0,0
"25","SC",2000,"CI",774,117,NA,NA,0,0,0,0,NA,1510.07623163684,652317.732909163,NA,NA,0,0,0,0,NA,0,0,0,0
"26","SC",2001,"CI",730,107,NA,NA,0,0,0,0,NA,1424.23210477377,580260.467565539,NA,NA,0,0,0,0,NA,0,0,0,0
"27","SC",2002,"CI",1636,135,NA,NA,0,0,0,0,NA,3191.84071699984,2914364.45936816,NA,NA,0,0,0,0,NA,0,0,0,0
"28","SC",2003,"CI",3266,337,NA,NA,0,0,0,0,NA,6371.97541670016,11614743.5240524,NA,NA,0,0,0,0,NA,0,0,0,0
"29","SC",2004,"CI",3521,140,NA,NA,0,0,0,0,NA,6869.48115192936,13499239.8410137,NA,NA,0,0,0,0,NA,0,0,0,0
"30","SC",2005,"CI",2204,103,NA,NA,0,0,0,0,NA,4300.01035468682,5289327.3248524,NA,NA,0,0,0,0,NA,0,0,0,0
"31","SC",2006,"CI",1504,105,NA,NA,0,0,0,0,NA,2934.30833641061,2463048.34265478,NA,NA,0,0,0,0,NA,0,0,0,0
"32","SC",2007,"CI",1262,36,NA,NA,0,0,0,0,NA,2462.16563866369,1734187.18728739,NA,NA,0,0,0,0,NA,0,0,0,0
"33","SC",2008,"CI",737,48,NA,NA,0,0,0,0,NA,1437.88912495653,591442.105286369,NA,NA,0,0,0,0,NA,0,0,0,0
"34","SC",2009,"CI",605,67,NA,NA,0,0,0,0,NA,1180.3567443673,398554.771327972,NA,NA,0,0,0,0,NA,0,0,0,0
"35","SC",2010,"CI",690,144,NA,NA,0,0,0,0,NA,1346.1919894437,518412.476276887,NA,NA,0,0,0,0,NA,0,0,0,0
"36","SC",2011,"CI",862,222,NA,NA,0,0,0,0,NA,3933.12558139535,11556848.9704225,NA,NA,0,0,0,0,NA,0,0,0,0
"37","SC",2012,"CI",344,46,NA,NA,0,0,0,0,NA,547.436307692308,207052.598682298,NA,NA,0,0,0,0,NA,0,0,0,0
"38","SC",2013,"CI",564,104,NA,NA,0,0,0,0,NA,834.858902001026,376691.774003759,NA,NA,0,0,0,0,NA,0,0,0,0
"39","SC",2014,"CI",351,64,NA,NA,0,0,0,0,NA,720.523424878837,414487.872746563,NA,NA,0,0,0,0,NA,0,0,0,0
"40","SC",2015,"CI",609,123,NA,NA,0,0,0,0,NA,1152.66067761807,990408.275532107,NA,NA,0,0,0,0,NA,0,0,0,0
"41","SC",2016,"CI",441,86,NA,NA,0,0,0,0,NA,588.200600436681,143523.432631461,NA,NA,0,0,0,0,NA,0,0,0,0
"42","SC",2017,"CI",256,28,NA,NA,0,0,0,0,NA,415.616851441242,116443.014775311,NA,NA,0,0,0,0,NA,0,0,0,0
"43","SC",2018,"CI",378,36,NA,NA,0,0,0,0,NA,1080.49140546006,1139629.68717722,NA,NA,0,0,0,0,NA,0,0,0,0
"44","SC",2019,"CI",348,42,NA,NA,0,0,0,0,NA,547.291139240506,271302.844059131,NA,NA,0,0,0,0,NA,0,0,0,0
"45","SC",2020,"CI",204,17,NA,NA,0,0,0,0,NA,1210.53924914676,2273424.86038658,NA,NA,0,0,0,0,NA,0,0,0,0
"46","SC",2021,"CI",445,44,NA,NA,0,0,0,0,NA,640.737489025461,632576.579077663,NA,NA,0,0,0,0,NA,0,0,0,0
"47","SC",1999,"EASTSIDE",434,133,NA,NA,0,0,0,0,NA,162.859496047015,70201.7233726159,NA,NA,0,0,0,0,NA,0,0,0,0
"48","SC",2000,"EASTSIDE",1194,159,NA,NA,0,0,0,0,NA,448.051240276811,531345.452770513,NA,NA,0,0,0,0,NA,0,0,0,0
"49","SC",2001,"EASTSIDE",548,163,NA,NA,0,0,0,0,NA,205.638257681484,111925.600117278,NA,NA,0,0,0,0,NA,0,0,0,0
"50","SC",2002,"EASTSIDE",736,41,NA,NA,0,0,0,0,NA,276.185689148855,201894.24676704,NA,NA,0,0,0,0,NA,0,0,0,0
"51","SC",2003,"EASTSIDE",878,44,NA,NA,0,0,0,0,NA,329.471515044422,287314.369175262,NA,NA,0,0,0,0,NA,0,0,0,0
"52","SC",2004,"EASTSIDE",453,33,NA,NA,0,0,0,0,NA,169.98928965276,76482.9655098385,NA,NA,0,0,0,0,NA,0,0,0,0
"53","SC",2005,"EASTSIDE",744,47,NA,NA,0,0,0,0,NA,279.187707509169,206307.105421565,NA,NA,0,0,0,0,NA,0,0,0,0
"54","SC",2006,"EASTSIDE",822,27,NA,NA,0,0,0,0,NA,308.457386522227,251832.600263876,NA,NA,0,0,0,0,NA,0,0,0,0
"55","SC",2007,"EASTSIDE",2661,50,NA,NA,0,0,0,0,NA,998.546357099325,2639113.47270778,NA,NA,0,0,0,0,NA,0,0,0,0
"56","SC",2008,"EASTSIDE",902,116,NA,NA,0,0,0,0,NA,338.477570125363,303236.44026659,NA,NA,0,0,0,0,NA,0,0,0,0
"57","SC",2009,"EASTSIDE",637,33,NA,NA,0,0,0,0,NA,239.035711939974,151233.213123994,NA,NA,0,0,0,0,NA,0,0,0,0
"58","SC",2010,"EASTSIDE",1209,195,NA,NA,0,0,0,0,NA,453.680024702399,544779.700253821,NA,NA,0,0,0,0,NA,0,0,0,0
"59","SC",2011,"EASTSIDE",491,2,NA,NA,0,0,0,0,NA,71.087542087542,14775.8886749292,NA,NA,0,0,0,0,NA,0,0,0,0
"60","SC",2012,"EASTSIDE",540,16,NA,NA,0,0,0,0,NA,458.470588235294,1490481.06812281,NA,NA,0,0,0,0,NA,0,0,0,0
"61","SC",2013,"EASTSIDE",635,7,NA,NA,0,0,0,0,NA,47.3701605288007,68725.1189085319,NA,NA,0,0,0,0,NA,0,0,0,0
"62","SC",2014,"EASTSIDE",835,10,NA,NA,0,0,0,0,NA,34.0652104079666,3250.74242732813,NA,NA,0,0,0,0,NA,0,0,0,0
"63","SC",2015,"EASTSIDE",769,11,NA,NA,0,0,0,0,NA,51.5452898550725,68872.7351033432,NA,NA,0,0,0,0,NA,0,0,0,0
"64","SC",2016,"EASTSIDE",1006,10,NA,NA,0,0,0,0,NA,738.602917341977,1565888.80413708,NA,NA,0,0,0,0,NA,0,0,0,0
"65","SC",2017,"EASTSIDE",745,0,NA,NA,0,0,0,0,NA,808.650485436893,3209969.22588526,NA,NA,0,0,0,0,NA,0,0,0,0
"66","SC",2018,"EASTSIDE",730,71,NA,NA,0,0,0,0,NA,218.115746971736,204519.581919291,NA,NA,0,0,0,0,NA,0,0,0,0
"67","SC",2019,"EASTSIDE",675,0,NA,NA,0,0,0,0,NA,437.387892376682,2196614.67277969,NA,NA,0,0,0,0,NA,0,0,0,0
"68","SC",2020,"EASTSIDE",339,3,NA,NA,0,0,0,0,NA,60.5736677115987,19870.2791125859,NA,NA,0,0,0,0,NA,0,0,0,0
"69","SC",2021,"EASTSIDE",693,15,NA,NA,0,0,0,0,NA,85.1911846754696,15324.4256291858,NA,NA,0,0,0,0,NA,0,0,0,0
"70","SC",1999,"NG",3209,125,NA,NA,0,0,0,0,NA,3707.31759627751,2137459.19177732,NA,NA,0,0,0,0,NA,0,0,0,0
"71","SC",2000,"NG",6487,1077,NA,NA,0,0,0,0,NA,7494.35003024375,8734663.80244102,NA,NA,0,0,0,0,NA,0,0,0,0
"72","SC",2001,"NG",5305,284,NA,NA,0,0,0,0,NA,6128.80020201065,5841564.47171638,NA,NA,0,0,0,0,NA,0,0,0,0
"73","SC",2002,"NG",3882,274,NA,NA,0,0,0,0,NA,4484.82608561835,3128019.55830498,NA,NA,0,0,0,0,NA,0,0,0,0
"74","SC",2003,"NG",4229,608,NA,NA,0,0,0,0,NA,4885.71084906749,3712220.52860728,NA,NA,0,0,0,0,NA,0,0,0,0
"75","SC",2004,"NG",4972,394,NA,NA,0,0,0,0,NA,5744.0894635998,5131220.02795985,NA,NA,0,0,0,0,NA,0,0,0,0
"76","SC",2005,"NG",4991,529,NA,NA,0,0,0,0,NA,5766.03992615177,5170511.84644072,NA,NA,0,0,0,0,NA,0,0,0,0
"77","SC",2006,"NG",3683,440,NA,NA,0,0,0,0,NA,4254.92387257403,2815540.86738677,NA,NA,0,0,0,0,NA,0,0,0,0
"78","SC",2007,"NG",3175,359,NA,NA,0,0,0,0,NA,3668.03782118451,2092405.5197583,NA,NA,0,0,0,0,NA,0,0,0,0
"79","SC",2008,"NG",2762,396,NA,NA,0,0,0,0,NA,3190.90408255484,1583455.07484616,NA,NA,0,0,0,0,NA,0,0,0,0
"80","SC",2009,"NG",1655,220,NA,NA,0,0,0,0,NA,1912.00081702689,568531.319115232,NA,NA,0,0,0,0,NA,0,0,0,0
"81","SC",2010,"NG",1667,297,NA,NA,0,0,0,0,NA,1925.86426705971,576805.77170519,NA,NA,0,0,0,0,NA,0,0,0,0
"82","SC",2011,"NG",1572,349,NA,NA,0,0,0,0,NA,2275.67840909091,892264.959117483,NA,NA,0,0,0,0,NA,0,0,0,0
"83","SC",2012,"NG",1193,333,NA,NA,0,0,0,0,NA,949.130104681928,240497.985542594,NA,NA,0,0,0,0,NA,0,0,0,0
"84","SC",2013,"NG",1672,414,NA,NA,0,0,0,0,NA,2602.96202531646,2110427.89504745,NA,NA,0,0,0,0,NA,0,0,0,0
"85","SC",2014,"NG",1570,350,NA,NA,0,0,0,0,NA,3083.28812107367,2945178.43906103,NA,NA,0,0,0,0,NA,0,0,0,0
"86","SC",2015,"NG",2088,346,NA,NA,0,0,0,0,NA,1923.77528089888,1041844.51753997,NA,NA,0,0,0,0,NA,0,0,0,0
"87","SC",2016,"NG",2900,738,NA,NA,0,0,0,0,NA,2935.53144997659,2018848.2847185,NA,NA,0,0,0,0,NA,0,0,0,0
"88","SC",2017,"NG",1281,422,NA,NA,0,0,0,0,NA,1309.54128440367,666136.047787057,NA,NA,0,0,0,0,NA,0,0,0,0
"89","SC",2018,"NG",2876,921,NA,NA,0,0,0,0,NA,2808.95900214702,2622776.24162904,NA,NA,0,0,0,0,NA,0,0,0,0
"90","SC",2019,"NG",3435,806,NA,NA,0,0,0,0,NA,3945.75703356367,2905309.87921552,NA,NA,0,0,0,0,NA,0,0,0,0
"91","SC",2020,"NG",1464,456,NA,NA,0,0,0,0,NA,1757.73372309328,866649.66309017,NA,NA,0,0,0,0,NA,0,0,0,0
"92","SC",2021,"NG",2146,606,NA,NA,0,0,0,0,NA,2319.75365011946,1685346.16150104,NA,NA,0,0,0,0,NA,0,0,0,0
"93","SC",1999,"NORTHEAS",1736,110,NA,NA,0,0,0,0,NA,3114.84339965888,3312896.09508709,NA,NA,0,0,0,0,NA,0,0,0,0
"94","SC",2000,"NORTHEAS",2051,174,NA,NA,0,0,0,0,NA,3680.03675846795,4624232.84448379,NA,NA,0,0,0,0,NA,0,0,0,0
"95","SC",2001,"NORTHEAS",1891,104,NA,NA,0,0,0,0,NA,3392.95441748556,3930894.88833515,NA,NA,0,0,0,0,NA,0,0,0,0
"96","SC",2002,"NORTHEAS",1913,131,NA,NA,0,0,0,0,NA,3432.42823937064,4022891.44286675,NA,NA,0,0,0,0,NA,0,0,0,0
"97","SC",2003,"NORTHEAS",3121,95,NA,NA,0,0,0,0,NA,5599.89991378765,10707692.9897857,NA,NA,0,0,0,0,NA,0,0,0,0
"98","SC",2004,"NORTHEAS",1756,158,NA,NA,0,0,0,0,NA,3150.72869228167,3389669.8185419,NA,NA,0,0,0,0,NA,0,0,0,0
"99","SC",2005,"NORTHEAS",4080,199,NA,NA,0,0,0,0,NA,7320.59969505082,18299056.5595394,NA,NA,0,0,0,0,NA,0,0,0,0
"100","SC",2006,"NORTHEAS",1667,62,NA,NA,0,0,0,0,NA,2991.03914011022,3054777.42837382,NA,NA,0,0,0,0,NA,0,0,0,0
"101","SC",2007,"NORTHEAS",1731,179,NA,NA,0,0,0,0,NA,3105.87207650318,3293840.07423816,NA,NA,0,0,0,0,NA,0,0,0,0
"102","SC",2008,"NORTHEAS",1565,117,NA,NA,0,0,0,0,NA,2808.02414773395,2692384.34748882,NA,NA,0,0,0,0,NA,0,0,0,0
"103","SC",2009,"NORTHEAS",1317,39,NA,NA,0,0,0,0,NA,2363.04651921126,1906689.27292982,NA,NA,0,0,0,0,NA,0,0,0,0
"104","SC",2010,"NORTHEAS",975,108,NA,NA,0,0,0,0,NA,1749.40801536141,1045003.16236016,NA,NA,0,0,0,0,NA,0,0,0,0
"105","SC",2011,"NORTHEAS",1219,78,NA,NA,0,0,0,0,NA,2616.67981495009,2544045.9494767,NA,NA,0,0,0,0,NA,0,0,0,0
"106","SC",2012,"NORTHEAS",898,57,NA,NA,0,0,0,0,NA,4246.1969775925,24972801.1999943,NA,NA,0,0,0,0,NA,0,0,0,0
"107","SC",2013,"NORTHEAS",624,15,NA,NA,0,0,0,0,NA,1016.98723404255,459340.411226593,NA,NA,0,0,0,0,NA,0,0,0,0
"108","SC",2014,"NORTHEAS",958,59,NA,NA,0,0,0,0,NA,1259.27149321267,1496236.16432664,NA,NA,0,0,0,0,NA,0,0,0,0
"109","SC",2015,"NORTHEAS",836,13,NA,NA,0,0,0,0,NA,1832.11676753293,3448525.28475836,NA,NA,0,0,0,0,NA,0,0,0,0
"110","SC",2016,"NORTHEAS",943,12,NA,NA,0,0,0,0,NA,1392.97305009512,2173555.29623333,NA,NA,0,0,0,0,NA,0,0,0,0
"111","SC",2017,"NORTHEAS",461,9,NA,NA,0,0,0,0,NA,617.310911224091,430226.763672178,NA,NA,0,0,0,0,NA,0,0,0,0
"112","SC",2018,"NORTHEAS",461,23,NA,NA,0,0,0,0,NA,653.122735042735,350972.719664972,NA,NA,0,0,0,0,NA,0,0,0,0
"113","SC",2019,"NORTHEAS",1483,16,NA,NA,0,0,0,0,NA,3667.09830744262,6276046.85379077,NA,NA,0,0,0,0,NA,0,0,0,0
"114","SC",2020,"NORTHEAS",222,4,NA,NA,0,0,0,0,NA,693.173770491803,242030.157540037,NA,NA,0,0,0,0,NA,0,0,0,0
"115","SC",2021,"NORTHEAS",921,16,NA,NA,0,0,0,0,NA,1068.29797979798,815518.773068042,NA,NA,0,0,0,0,NA,0,0,0,0
"116","SC",1999,"PWSI",1069,143,NA,NA,0,0,0,0,NA,4538.31966520129,4601365.12224497,NA,NA,0,0,0,0,NA,0,0,0,0
"117","SC",2000,"PWSI",913,126,NA,NA,0,0,0,0,NA,3876.03915278651,3356393.26471993,NA,NA,0,0,0,0,NA,0,0,0,0
"118","SC",2001,"PWSI",1120,231,NA,NA,0,0,0,0,NA,4754.83444810612,5050883.26373064,NA,NA,0,0,0,0,NA,0,0,0,0
"119","SC",2002,"PWSI",1080,158,NA,NA,0,0,0,0,NA,4585.01893210233,4696548.34089239,NA,NA,0,0,0,0,NA,0,0,0,0
"120","SC",2003,"PWSI",1926,316,NA,NA,0,0,0,0,NA,8176.61709558249,14936328.3207992,NA,NA,0,0,0,0,NA,0,0,0,0
"121","SC",2004,"PWSI",1703,269,NA,NA,0,0,0,0,NA,7229.89559386136,11677787.8662476,NA,NA,0,0,0,0,NA,0,0,0,0
"122","SC",2005,"PWSI",2399,331,NA,NA,0,0,0,0,NA,10184.6855723273,23173507.9801545,NA,NA,0,0,0,0,NA,0,0,0,0
"123","SC",2006,"PWSI",974,243,NA,NA,0,0,0,0,NA,4135.00781469229,3819875.423392,NA,NA,0,0,0,0,NA,0,0,0,0
"124","SC",2007,"PWSI",2121,330,NA,NA,0,0,0,0,NA,9004.46773610096,18113927.4046815,NA,NA,0,0,0,0,NA,0,0,0,0
"125","SC",2008,"PWSI",1254,275,NA,NA,0,0,0,0,NA,5323.71642671882,6331787.90365804,NA,NA,0,0,0,0,NA,0,0,0,0
"126","SC",2009,"PWSI",721,118,NA,NA,0,0,0,0,NA,3060.92467596831,2093157.05253587,NA,NA,0,0,0,0,NA,0,0,0,0
"127","SC",2010,"PWSI",749,161,NA,NA,0,0,0,0,NA,3179.79553717097,2258889.15962703,NA,NA,0,0,0,0,NA,0,0,0,0
"128","SC",2011,"PWSI",376,73,NA,NA,0,0,0,0,NA,1849.23851478918,1977358.22853037,NA,NA,0,0,0,0,NA,0,0,0,0
"129","SC",2012,"PWSI",895,213,NA,NA,0,0,0,0,NA,3391.79151624549,8025139.90987966,NA,NA,0,0,0,0,NA,0,0,0,0
"130","SC",2013,"PWSI",534,78,NA,NA,0,0,0,0,NA,2868.07121661721,7105054.96489599,NA,NA,0,0,0,0,NA,0,0,0,0
"131","SC",2014,"PWSI",714,190,NA,NA,0,0,0,0,NA,2887.67368421053,7498565.55502285,NA,NA,0,0,0,0,NA,0,0,0,0
"132","SC",2015,"PWSI",563,99,NA,NA,0,0,0,0,NA,3102.53114100648,6796012.90221313,NA,NA,0,0,0,0,NA,0,0,0,0
"133","SC",2016,"PWSI",901,181,NA,NA,0,0,0,0,NA,2899.70160167131,5851468.8366538,NA,NA,0,0,0,0,NA,0,0,0,0
"134","SC",2017,"PWSI",841,252,NA,NA,0,0,0,0,NA,2812.92110376992,4853912.43058098,NA,NA,0,0,0,0,NA,0,0,0,0
"135","SC",2018,"PWSI",723,359,NA,NA,0,0,0,0,NA,3495.81181959564,14276073.6687363,NA,NA,0,0,0,0,NA,0,0,0,0
"136","SC",2019,"PWSI",936,492,NA,NA,0,0,0,0,NA,6636.27092511013,17989742.9391782,NA,NA,0,0,0,0,NA,0,0,0,0
"137","SC",2020,"PWSI",375,234,NA,NA,0,0,0,0,NA,2763.45933562428,3878494.50871839,NA,NA,0,0,0,0,NA,0,0,0,0
"138","SC",2021,"PWSI",712,390,NA,NA,0,0,0,0,NA,2375.28830313015,2735926.70504548,NA,NA,0,0,0,0,NA,0,0,0,0
"139","SC",1999,"PWSO",748,59,NA,NA,0,0,0,0,NA,392.788175090064,125537.229387322,NA,NA,0,0,0,0,NA,0,0,0,0
"140","SC",2000,"PWSO",1756,86,NA,NA,0,0,0,0,NA,922.106999275605,691860.230053877,NA,NA,0,0,0,0,NA,0,0,0,0
"141","SC",2001,"PWSO",1756,94,NA,NA,0,0,0,0,NA,922.106999275605,691860.230053877,NA,NA,0,0,0,0,NA,0,0,0,0
"142","SC",2002,"PWSO",1719,176,NA,NA,0,0,0,0,NA,902.677637673557,663011.554676266,NA,NA,0,0,0,0,NA,0,0,0,0
"143","SC",2003,"PWSO",1548,176,NA,NA,0,0,0,0,NA,812.882479999224,537664.368672532,NA,NA,0,0,0,0,NA,0,0,0,0
"144","SC",2004,"PWSO",1830,168,NA,NA,0,0,0,0,NA,960.965722479702,751400.575322431,NA,NA,0,0,0,0,NA,0,0,0,0
"145","SC",2005,"PWSO",1432,103,NA,NA,0,0,0,0,NA,751.968805787396,460103.333443813,NA,NA,0,0,0,0,NA,0,0,0,0
"146","SC",2006,"PWSO",1336,213,NA,NA,0,0,0,0,NA,701.557489198296,400481.31663851,NA,NA,0,0,0,0,NA,0,0,0,0
"147","SC",2007,"PWSO",925,247,NA,NA,0,0,0,0,NA,485.734040051216,191978.595138778,NA,NA,0,0,0,0,NA,0,0,0,0
"148","SC",2008,"PWSO",962,225,NA,NA,0,0,0,0,NA,505.163401653264,207644.048502103,NA,NA,0,0,0,0,NA,0,0,0,0
"149","SC",2009,"PWSO",1119,232,NA,NA,0,0,0,0,NA,587.606908991687,280950.310787515,NA,NA,0,0,0,0,NA,0,0,0,0
"150","SC",2010,"PWSO",810,320,NA,NA,0,0,0,0,NA,425.345483720524,147210.701265803,NA,NA,0,0,0,0,NA,0,0,0,0
"151","SC",2011,"PWSO",594,185,NA,NA,0,0,0,0,NA,725.362878455463,641484.026367597,NA,NA,0,0,0,0,NA,0,0,0,0
"152","SC",2012,"PWSO",621,119,NA,NA,0,0,0,0,NA,210.936393442623,52355.2625630312,NA,NA,0,0,0,0,NA,0,0,0,0
"153","SC",2013,"PWSO",604,184,NA,NA,0,0,0,0,NA,774.186226964112,1012819.94475999,NA,NA,0,0,0,0,NA,0,0,0,0
"154","SC",2014,"PWSO",794,306,NA,NA,0,0,0,0,NA,498.33045622688,389455.655174838,NA,NA,0,0,0,0,NA,0,0,0,0
"155","SC",2015,"PWSO",736,186,NA,NA,0,0,0,0,NA,196.130464954892,74505.0834467905,NA,NA,0,0,0,0,NA,0,0,0,0
"156","SC",2016,"PWSO",1017,272,NA,NA,0,0,0,0,NA,262.797435897436,105363.492228585,NA,NA,0,0,0,0,NA,0,0,0,0
"157","SC",2017,"PWSO",669,271,NA,NA,0,0,0,0,NA,403.408673894912,436676.901026332,NA,NA,0,0,0,0,NA,0,0,0,0
"158","SC",2018,"PWSO",1046,500,NA,NA,0,0,0,0,NA,281.24095139607,349345.971691032,NA,NA,0,0,0,0,NA,0,0,0,0
"159","SC",2019,"PWSO",1837,1148,NA,NA,0,0,0,0,NA,729.573826458037,635636.56754389,NA,NA,0,0,0,0,NA,0,0,0,0
"160","SC",2020,"PWSO",854,402,NA,NA,0,0,0,0,NA,412.656330749354,185736.582909414,NA,NA,0,0,0,0,NA,0,0,0,0
"161","SC",2021,"PWSO",734,374,NA,NA,0,0,0,0,NA,373.930907415937,97169.5458502767,NA,NA,0,0,0,0,NA,0,0,0,0
"162","SC",1999,"SKMA",128,0,NA,NA,0,0,0,0,NA,48.2854561531142,4812.3518198527,NA,NA,0,0,0,0,NA,0,0,0,0
"163","SC",2000,"SKMA",101,25,NA,NA,0,0,0,0,NA,38.1002427458166,2996.264704243,NA,NA,0,0,0,0,NA,0,0,0,0
"164","SC",2001,"SKMA",43,24,NA,NA,0,0,0,0,NA,16.2208954264368,543.093171075905,NA,NA,0,0,0,0,NA,0,0,0,0
"165","SC",2002,"SKMA",62,0,NA,NA,0,0,0,0,NA,23.3882678241647,1129.06984835899,NA,NA,0,0,0,0,NA,0,0,0,0
"166","SC",2003,"SKMA",137,0,NA,NA,0,0,0,0,NA,51.68052728888,5512.88032878511,NA,NA,0,0,0,0,NA,0,0,0,0
"167","SC",2004,"SKMA",26,1,NA,NA,0,0,0,0,NA,9.80798328110131,198.556508192164,NA,NA,0,0,0,0,NA,0,0,0,0
"168","SC",2005,"SKMA",112,4,NA,NA,0,0,0,0,NA,42.2497741339749,3684.45686207472,NA,NA,0,0,0,0,NA,0,0,0,0
"169","SC",2006,"SKMA",80,3,NA,NA,0,0,0,0,NA,30.1784100956963,1879.82492962996,NA,NA,0,0,0,0,NA,0,0,0,0
"170","SC",2007,"SKMA",474,19,NA,NA,0,0,0,0,NA,178.807079817001,65992.4290452407,NA,NA,0,0,0,0,NA,0,0,0,0
"171","SC",2008,"SKMA",822,17,NA,NA,0,0,0,0,NA,310.08316373328,198463.691836264,NA,NA,0,0,0,0,NA,0,0,0,0
"172","SC",2009,"SKMA",338,3,NA,NA,0,0,0,0,NA,127.503782654317,33556.0498844758,NA,NA,0,0,0,0,NA,0,0,0,0
"173","SC",2010,"SKMA",191,81,NA,NA,0,0,0,0,NA,72.050954103475,10715.295821536,NA,NA,0,0,0,0,NA,0,0,0,0
"174","SC",2011,"SKMA",231,11,NA,NA,0,0,0,0,NA,0,3965.19540414976,NA,NA,0,0,0,0,NA,0,0,0,0
"175","SC",2012,"SKMA",134,16,NA,NA,0,0,0,0,NA,93.4117647058824,7580.02250807569,NA,NA,0,0,0,0,NA,0,0,0,0
"176","SC",2013,"SKMA",201,10,NA,NA,0,0,0,0,NA,38.7328467153285,5877.78629489825,NA,NA,0,0,0,0,NA,0,0,0,0
"177","SC",2014,"SKMA",237,51,NA,NA,0,0,0,0,NA,443.778523489933,384758.1476232,NA,NA,0,0,0,0,NA,0,0,0,0
"178","SC",2015,"SKMA",31,2,NA,NA,0,0,0,0,NA,4.89603174603175,609.531039332679,NA,NA,0,0,0,0,NA,0,0,0,0
"179","SC",2016,"SKMA",470,11,NA,NA,0,0,0,0,NA,345.072933549433,341791.03987791,NA,NA,0,0,0,0,NA,0,0,0,0
"180","SC",2017,"SKMA",205,2,NA,NA,0,0,0,0,NA,222.514563106796,243050.235066579,NA,NA,0,0,0,0,NA,0,0,0,0
"181","SC",2018,"SKMA",160,2,NA,NA,0,0,0,0,NA,38.7113402061856,2859.62632701412,NA,NA,0,0,0,0,NA,0,0,0,0
"182","SC",2019,"SKMA",31,8,NA,NA,0,0,0,0,NA,20.0874439461883,4633.07917814272,NA,NA,0,0,0,0,NA,0,0,0,0
"183","SC",2020,"SKMA",43,0,NA,NA,0,0,0,0,NA,7.6833855799373,319.699150539687,NA,NA,0,0,0,0,NA,0,0,0,0
"184","SC",2021,"SKMA",103,7,NA,NA,0,0,0,0,NA,12.6618932490236,338.526121866015,NA,NA,0,0,0,0,NA,0,0,0,0
"185","SC",1999,"WKMA",315,93,NA,NA,0,0,0,0,NA,118.827489751804,29144.6294753957,NA,NA,0,0,0,0,NA,0,0,0,0
"186","SC",2000,"WKMA",436,151,NA,NA,0,0,0,0,NA,164.472335021545,55835.4999723339,NA,NA,0,0,0,0,NA,0,0,0,0
"187","SC",2001,"WKMA",432,162,NA,NA,0,0,0,0,NA,162.96341451676,54815.6949480096,NA,NA,0,0,0,0,NA,0,0,0,0
"188","SC",2002,"WKMA",411,111,NA,NA,0,0,0,0,NA,155.04158186664,49615.922959066,NA,NA,0,0,0,0,NA,0,0,0,0
"189","SC",2003,"WKMA",649,54,NA,NA,0,0,0,0,NA,244.822351901337,123716.271903917,NA,NA,0,0,0,0,NA,0,0,0,0
"190","SC",2004,"WKMA",318,60,NA,NA,0,0,0,0,NA,119.959180130393,29702.4087787344,NA,NA,0,0,0,0,NA,0,0,0,0
"191","SC",2005,"WKMA",421,34,NA,NA,0,0,0,0,NA,158.813883128602,52059.6953675849,NA,NA,0,0,0,0,NA,0,0,0,0
"192","SC",2006,"WKMA",547,32,NA,NA,0,0,0,0,NA,206.344879029324,87884.4589640079,NA,NA,0,0,0,0,NA,0,0,0,0
"193","SC",2007,"WKMA",396,47,NA,NA,0,0,0,0,NA,149.383129973697,46060.4103382581,NA,NA,0,0,0,0,NA,0,0,0,0
"194","SC",2008,"WKMA",575,85,NA,NA,0,0,0,0,NA,216.907322562817,97112.0495873289,NA,NA,0,0,0,0,NA,0,0,0,0
"195","SC",2009,"WKMA",695,67,NA,NA,0,0,0,0,NA,262.174937706362,141875.380724142,NA,NA,0,0,0,0,NA,0,0,0,0
"196","SC",2010,"WKMA",527,80,NA,NA,0,0,0,0,NA,198.8002765054,81575.2965439373,NA,NA,0,0,0,0,NA,0,0,0,0
"197","SC",2011,"WKMA",399,78,NA,NA,0,0,0,0,NA,0,11830.045792546,NA,NA,0,0,0,0,NA,0,0,0,0
"198","SC",2012,"WKMA",630,109,NA,NA,0,0,0,0,NA,439.174714661984,167549.060673605,NA,NA,0,0,0,0,NA,0,0,0,0
"199","SC",2013,"WKMA",951,81,NA,NA,0,0,0,0,NA,183.258394160584,131577.827353092,NA,NA,0,0,0,0,NA,0,0,0,0
"200","SC",2014,"WKMA",1124,227,NA,NA,0,0,0,0,NA,2104.6711409396,8654136.79274347,NA,NA,0,0,0,0,NA,0,0,0,0
"201","SC",2015,"WKMA",969,119,NA,NA,0,0,0,0,NA,153.040476190476,595552.418546151,NA,NA,0,0,0,0,NA,0,0,0,0
"202","SC",2016,"WKMA",1927,230,NA,NA,0,0,0,0,NA,1506.63587628866,4454979.57695473,NA,NA,0,0,0,0,NA,0,0,0,0
"203","SC",2017,"WKMA",1190,94,NA,NA,0,0,0,0,NA,1291.66990291262,8189968.77757961,NA,NA,0,0,0,0,NA,0,0,0,0
"204","SC",2018,"WKMA",1996,154,NA,NA,0,0,0,0,NA,482.923969072165,445031.134408026,NA,NA,0,0,0,0,NA,0,0,0,0
"205","SC",2019,"WKMA",1190,94,NA,NA,0,0,0,0,NA,2986.52638610554,17108577.5232715,NA,NA,0,0,0,0,NA,0,0,0,0
"206","SC",2020,"WKMA",1426,79,NA,NA,0,0,0,0,NA,254.802507836991,351595.754376875,NA,NA,0,0,0,0,NA,0,0,0,0
"207","SC",2021,"WKMA",3063,245,NA,NA,0,0,0,0,NA,376.53766040543,299372.380152434,NA,NA,0,0,0,0,NA,0,0,0,0
"208","SE",1999,"CSEO",8490,1378,0.879665017,0.004259682,1212.178393426,8088.641994888,89.9368778360023,176.276280558564,NA,4688.87797836018,7342918.28710001,0.354628448,0.001141421,1662.80952032725,956931.374957683,978.22869256513,1917.32823742765,NA,2874.98791375325,965020.016952571,982.354323527194,1925.4144741133
"209","SE",2000,"CSEO",6035,1145,0.879665017,0.004259682,1007.216444465,5584.54959405,74.7298440654736,146.470494368328,NA,3333.02457001221,3710290.0674539,0.354628448,0.001141421,1181.9853304093,483526.145453366,695.360442830455,1362.90646794769,NA,2189.2017748743,489110.695047416,699.364493699398,1370.75440765082
"210","SE",2001,"CSEO",5594,1090,0.879665017,0.004259682,958.83486853,5060.9281842,71.1402009007565,139.434793765483,NA,3089.46801071223,3187852.64892282,0.354628448,0.001141421,1095.61324578453,415441.940005706,644.547857032902,1263.31379978449,NA,2054.44811431453,420502.868189906,648.46192501172,1270.98537302297
"211","SE",2002,"CSEO",6354,1316,0.879665017,0.004259682,1157.639162372,7377.155829792,85.8903709957758,168.345127151721,NA,3509.20267073034,4112896.0748843,0.354628448,0.001141421,1244.46309683856,535993.884462994,732.116032103514,1434.94742292289,NA,2402.10225921056,543371.040292786,737.137056654179,1444.78863104219
"212","SE",2003,"CSEO",8201,1549,0.879665017,0.004259682,1362.601111333,10220.685250482,101.097404766304,198.150913341957,NA,4529.26835106382,6851520.13978104,0.354628448,0.001141421,1606.20740591328,892892.21690363,944.9297417817,1852.06229389213,NA,2968.80851724628,903112.902154112,950.32252533238,1862.63214965146
"213","SE",2004,"CSEO",7046,1205,0.879665017,0.004259682,1059.996345485,6185.16475605,78.6458184269831,154.145804116887,NA,3891.38212432577,5057531.45542096,0.354628448,0.001141421,1379.99480332459,659099.058480616,811.849159930966,1591.22435346469,NA,2439.99114880959,665284.223236666,815.649571345848,1598.67315983786
"214","SE",2005,"CSEO",8114,1735,0.879665017,0.004259682,1526.218804495,12822.60124845,113.236925286984,221.944373562489,NA,4481.21977814069,6706923.01892104,0.354628448,0.001141421,1589.16801506894,874048.275534627,934.905490161774,1832.41476071708,NA,3115.38681956394,886870.876783077,941.738220942039,1845.8069130464
"215","SE",2006,"CSEO",5240,1185,0.965051258,1.57e-05,1143.58574073,22.0463325,4.69535222320967,9.20289035749095,NA,2893.96002433538,2797150.85245272,0.405405405,0.000466251,1173.22703571949,464930.679899104,681.858254990804,1336.44217978198,NA,2316.81277644949,464952.726231604,681.8744211595,1336.47386547262
"216","SE",2007,"CSEO",5145,1070,0.956864808,2.17e-05,1023.84534456,24.84433,4.98440869110871,9.76944103457306,NA,2841.49319183311,2696646.83526773,0.356741573,0.000646414,1013.67875092334,350149.896664406,591.734650552429,1159.79991508276,NA,2037.52409548334,350174.740994406,591.755642976394,1159.84106023373
"217","SE",2008,"CSEO",4496,1119,0.919354839,3.52e-05,1028.758064841,44.0760672,6.63898088564804,13.0124025358702,NA,2483.06188347554,2059235.04187886,0.365019011,0.000441486,906.36479295804,278001.315221625,527.258300287084,1033.42626856268,NA,1935.12285779904,278045.391288825,527.300096044771,1033.50818824775
"218","SE",2009,"CSEO",2028,472,0.959098497,3.28e-05,452.694490584,7.3073152,2.70320461674658,5.29828104882329,NA,1120.02880331148,418976.06752061,0.384615385,0.000608448,430.780309396733,62996.9099158117,250.991852289694,491.944030487801,NA,883.474799980733,63004.2172310117,251.0064087449,491.972561140004
"219","SE",2010,"CSEO",2413,888,0.911933069,3.54e-05,809.796565272,27.9144576,5.28341344208458,10.3554903464858,NA,1332.65754555749,593154.676367009,0.320132013,0.0002397,426.626342698959,61357.0444944316,247.703541546001,485.498941430162,NA,1236.42290797096,61384.9589520316,247.759881643561,485.60936802138
"220","SE",2011,"CSEO",3363,1058,0.875067313,5.89e-05,925.821217154,65.9305396,8.11976228716087,15.9147340828353,NA,1640.24034593725,1713584.96833279,0.380952381,0.000330754,624.853465197058,250140.164686411,500.140145045778,980.274684289724,NA,1550.67468235106,250206.095226011,500.206052768268,980.403863425806
"221","SE",2012,"CSEO",3615,1875,0.901669759,4.11e-05,1690.630798125,144.4921875,12.0204903186185,23.5601610244922,NA,1878.69473901666,984669.711349431,0.346786248,0.00033911,651.505499680928,119947.868559818,346.33490808727,678.816419851049,NA,2342.13629780593,120092.360747318,346.543447127944,679.225156370769
"222","SE",2013,"CSEO",3645,1501,0.841133005,5.49e-05,1262.540640505,123.6897549,11.1215895851268,21.7983155868484,NA,1123.55561704483,578647.089839533,0.314814815,0.000235231,353.711953722178,57781.8345640217,240.378523508282,471.141906076233,NA,1616.25259422718,57905.5243189217,240.635667179497,471.645907671814
"223","SE",2014,"CSEO",2622,1114,0.780102041,8.76e-05,869.033673674,108.7112496,10.426468702298,20.4358786565041,NA,3265.00607952678,5538426.38296565,0.297169811,0.000197224,970.261239566825,492292.631689032,701.635683021489,1375.20593872212,NA,1839.29491324083,492401.342938632,701.713148614612,1375.35777128464
"224","SE",2015,"CSEO",3178,1555,0.863247863,4.39e-05,1342.350426965,106.1512975,10.302975177103,20.1938313471218,NA,1201.02672548002,773658.924890229,0.345829428,0.000212225,415.350385485469,92998.3718343325,304.95634414508,597.714434524357,NA,1757.70081245047,93104.5231318325,305.130337940744,598.055462363858
"225","SE",2016,"CSEO",3587,1935,0.867232901,5.15e-05,1678.095663435,192.8275875,13.8862373413391,27.2170251890246,NA,3568.6110221083,3499836.0048138,0.379692833,0.000201133,1354.97602885933,507824.981552452,712.618398269685,1396.73206060858,NA,3033.07169229433,508017.809139952,712.75368055167,1396.99721388127
"226","SE",2017,"CSEO",5317,3316,0.796583851,8.39e-05,2641.472049916,922.5523184,30.3735463586325,59.5321508629198,NA,2561.43215258856,4371531.43065873,0.40052356,0.000314685,1025.91392445323,704717.517500339,839.474548452983,1645.37011496785,NA,3667.38597436923,705640.069818739,840.023850743977,1646.44674745819
"227","SE",2018,"CSEO",5432,3527,0.765291607,8.52e-05,2699.183497889,1059.8649108,32.5555665101991,63.8089103599903,NA,2198.90431095406,1795545.67996348,0.324427481,0.000279203,713.384986562868,190838.229924512,436.850351864928,856.226689655259,NA,3412.56848445187,191898.094835312,438.061747742612,858.601025575519
"228","SE",2019,"CSEO",6082,3802,0.901604278074866,9.49828734817617e-05,3427.89946524064,1372.99681268506,NA,NA,NA,4129.68202895808,6461933.03596563,0.324832214765101,0.000294779901903092,1341.45375974209,688769.2229235,829.921214889402,1626.64558118323,NA,4769.35322498273,690142.219736185,830.7479881024,1628.2660566807
"229","SE",2020,"CSEO",4441,3314,0.878873934983719,0.00421674387575829,2912.58822053604,46310.7944229275,215.199429420544,421.790881664265,NA,9569.96347607053,31121567.4321015,0.353353011417205,0.00119416819592572,3381.57541342218,4032318.90611275,2008.06347163449,3935.8044044036,NA,6294.16363395823,4078629.70053568,2019.56175952499,3958.34104866898
"230","SE",2021,"CSEO",9236,7145,0.878873934983719,0.00421674387575829,6279.55426545867,215269.097019933,463.971008814057,909.383177275551,NA,6688.93731496975,13073339.323194,0.353353011417205,0.00119416819592572,2363.55614342548,1701356.68476924,1304.36064214206,2556.54685859843,NA,8643.11040888415,1916625.78178918,1384.42254452504,2713.46818726907
"231","SE",2022,"CSEO",8456,6297,0.0564516129032258,5.55246828977902e-06,355.475806451613,220.16763309219,14.8380468085321,29.082571744723,NA,4576.01401050789,8866090.49409056,0.353353011417205,0.00106568913981395,1616.94833090028,1138769.36092337,1067.13137003996,2091.57748527833,NA,1972.4241373519,1138989.52855646,1067.2345236903,2091.77966643299
"232","SE",2023,"CSEO",9726,5841,0.0279146141215107,2.34147799119491e-06,163.049261083744,79.8848625809123,8.93783321509818,17.5181531015924,NA,7589.42825968357,17041268.0429465,0.353353011417205,0.00106568913981395,2681.74733049403,2207288.39332779,1485.69458278873,2911.96138226592,NA,2844.79659157777,2207368.27819037,1485.72146723078,2912.01407577232
"233","SE",1999,"EWYKT",195,8,0.988211472,0.000515239,7.905691776,0.032975296,0.181591012993485,0.35591838546723,NA,132.913639096949,32040.4152704687,0.123340551,0.004021098,16.3936414816329,687.301871408227,26.2164427680078,51.3842278252952,NA,24.2993332576329,687.334846704227,26.2170716653143,51.3854604640161
"234","SE",2000,"EWYKT",361,22,0.988211472,0.000515239,21.740652384,0.249375676,0.499375285732084,0.978775560034884,NA,246.060634430763,109810.360511841,0.123340551,0.004021098,30.3492542300999,2355.55206269011,48.5340299448759,95.1266986919568,NA,52.0899066140999,2355.80143836611,48.5365989575507,95.1317339567994
"235","SE",2001,"EWYKT",631,53,0.988211472,0.000515239,52.375208016,1.447306351,1.20304046108184,2.3579593037204,NA,430.094903949616,335496.220499805,0.123340551,0.004021098,53.0481424354377,7196.76003739043,84.8337199313482,166.274091065443,NA,105.423350451438,7198.20734374143,84.842249756483,166.290809522707
"236","SE",2002,"EWYKT",810,41,0.988211472,0.000515239,40.516670352,0.866116759,0.93065394159161,1.82408172551956,NA,552.102808556559,552839.354607614,0.123340551,0.004021098,68.0966646160136,11859.007438026,108.899069959417,213.442177120457,NA,108.613334968014,11859.873554785,108.903046581742,213.449971300214
"237","SE",2003,"EWYKT",789,136,0.988211472,0.000515239,134.396760192,9.529860544,3.08704722088924,6.05061255294292,NA,537.789032038426,524545.203276461,0.123340551,0.004021098,66.3311955333762,11252.0670161978,106.075760738247,207.908491046964,NA,200.727955725376,11261.5968767418,106.120671298017,207.996515744114
"238","SE",2004,"EWYKT",769,63,0.988211472,0.000515239,62.257322736,2.044983591,1.43002922732369,2.80285728555444,NA,524.156863925919,498289.336351338,0.123340551,0.004021098,64.6497964070549,10688.8500191411,103.386894813323,202.638313834113,NA,126.907119143055,10690.8950027321,103.396784295896,202.657697219957
"239","SE",2005,"EWYKT",686,37,0.988211472,0.000515239,36.563824464,0.705362191,0.839858435094868,1.64612253278594,NA,467.583366259012,396530.999727061,0.123340551,0.004021098,57.6719900328214,8506.02265554836,92.2281012248889,180.767078400782,NA,94.2358144968214,8506.72801773935,92.2319251546847,180.774573303182
"240","SE",2006,"EWYKT",448,26,1,0,26,0,0,0,NA,305.360565720171,169116.094844028,0.0875,0.000502162,26.719049500515,1426.54291096948,37.7696030025401,74.0284218849785,NA,52.719049500515,1426.54291096948,37.7696030025401,74.0284218849785
"241","SE",2007,"EWYKT",293,23,1,0,23,0,0,0,NA,199.711262848237,72337.6097450222,0.050955414,0.000309993,10.1763700788947,222.609387694601,14.9201001234778,29.2433962420164,NA,33.1763700788947,222.609387694601,14.9201001234778,29.2433962420164
"242","SE",2008,"EWYKT",64,26,1,0,26,0,0,0,NA,43.6229379600244,3451.34887436791,0.208955224,0.002504438,9.11524077297501,164.103316787754,12.8102816826077,25.1081520979111,NA,35.115240772975,164.103316787754,12.8102816826077,25.1081520979111
"243","SE",2009,"EWYKT",124,5,1,0,5,0,0,0,NA,84.5194422975474,12956.0401104202,0.057291667,0.000282771,4.8422597431368,48.2096425824401,6.94331639653848,13.6089001372154,NA,9.8422597431368,48.2096425824401,6.94331639653848,13.6089001372154
"244","SE",2010,"EWYKT",116,21,1,0,21,0,0,0,NA,79.0665750525443,11338.2203255602,0.104477612,0.00046781,8.2606869505086,131.991811578199,11.4887689322311,22.517987107173,NA,29.2606869505086,131.991811578199,11.4887689322311,22.517987107173
"245","SE",2011,"EWYKT",79,25,0.976851852,0.000105174,24.4212963,0.06573375,0.256385939552075,0.502516441522066,NA,14.4833333333333,4560.09253336561,0.173913043,0.000522427,2.51884057278333,140.415306274506,11.8496964633912,23.2254050682467,NA,26.9401368727833,140.481040024506,11.8524697858508,23.2308407802675
"246","SE",2012,"EWYKT",61,18,0.926829268,0.000237122,16.682926824,0.076827528,0.277177791318136,0.543268470983546,NA,24.4632124352332,1532.2908081916,0.17037037,0.001054808,4.16780655397927,46.7238906381956,6.83548759330274,13.3975556828734,NA,20.8507333779793,46.8007181661957,6.84110503984522,13.4085658780966
"247","SE",2013,"EWYKT",88,25,1,0,25,0,0,0,NA,120.121673003802,343213.550012279,0.123340551,0.004021098,14.8158733353308,6659.38711730272,81.6050679633485,159.945933208163,NA,39.8158733353308,6659.38711730272,81.6050679633485,159.945933208163
"248","SE",2014,"EWYKT",132,50,1,0,50,0,0,0,NA,97.335952848723,24263.5588457558,0.123340551,0.004021098,12.0054700564715,504.782075971164,22.467355785031,44.0360173386607,NA,62.0054700564715,504.782075971164,22.467355785031,44.0360173386607
"249","SE",2015,"EWYKT",194,74,1,0,74,0,0,0,NA,245.453044375645,132044.625060994,0.018181818,0.000330579,4.4627825803839,107.218753092498,10.3546488637953,20.2951117730388,NA,78.4627825803839,107.218753092498,10.3546488637953,20.2951117730388
"250","SE",2016,"EWYKT",568,166,1,0,166,0,0,0,NA,1016.11644832606,3827485.23744867,0.15,0.001613924,152.417467248908,93962.0527729246,306.532302984407,600.803313849438,NA,318.417467248908,93962.0527729246,306.532302984407,600.803313849438
"251","SE",2017,"EWYKT",310,151,0.988416988,4.44e-05,149.250965188,1.0123644,1.00616320743704,1.97207988657661,NA,111.385281385281,42121.1226268758,0.092071611,0.000214345,10.2554222988312,368.756165736738,19.2030249111107,37.637928825777,NA,159.506387486831,369.768530136738,19.2293663477697,37.6895580416286
"252","SE",2018,"EWYKT",1167,612,0.94980695,0.000184782,581.2818534,69.208989408,8.31919403596286,16.3056203104872,NA,589.387991927346,481215.427572373,0.185185185,0.000623519,109.145924321844,17019.2305196369,130.457772936828,255.697234956183,NA,690.427777721844,17088.4395090449,130.722758190932,256.216606054227
"253","SE",2019,"EWYKT",1608,797,0.993150684931507,2.33759517236622e-05,791.541095890411,14.8486149184357,NA,NA,NA,1721.70654095463,4522629.71082619,0.125827815,0.000243352,216.638572119529,73427.1165163756,270.97438350585,531.109791671466,NA,1008.17966800994,73441.965131294,271.001780679194,531.16349013122
"254","SE",2020,"EWYKT",1131,367,0.98821826737857,0.000514782594997955,362.676104127935,69.3355529376796,8.32679727972764,16.3205226682662,NA,1396.47588424437,3767077.26261531,0.118727479961556,0.00369659785017778,165.80006256342,74235.8002622959,272.462474961775,534.026450925079,NA,528.476166691355,74305.1358152336,272.589683985351,534.275780611288
"255","SE",2021,"EWYKT",1454,577,0.98821826737857,0.000514782594997955,570.201940277435,171.386054570074,13.0914496741222,25.6592413612795,NA,747.787926926132,641624.815162388,0.118727479961556,0.00369659785017778,88.7829761096158,13483.3985964449,116.118037343235,227.591353192741,NA,658.984916387051,13654.784651015,116.853689077474,229.033230591849
"256","SE",2022,"EWYKT",1444,671,0.98821826737857,0.000471009301487457,663.09445741102,212.067698911014,14.5625443831432,28.5425869909606,NA,485.061971830985,2457001.64880746,0.131070440699649,0.00534569059884411,63.5772864145279,56602.0946411245,237.911947243354,466.307416596974,NA,726.671743825548,56814.1623400355,238.357215833789,467.180143034226
"257","SE",2023,"EWYKT",1543,663,0.98821826737857,0.000471009301487457,655.188711271992,207.04108764554,14.3889223934783,28.2022878912174,NA,111.152945351313,1105533.9891858,0.131070440699649,0.00534569059884411,14.5688655322606,24968.3659544135,158.013815707404,309.707078786512,NA,669.757576804252,25175.407042059,158.667599219434,310.988494470091
"258","SE",1999,"NSEI",6691,1645,0.826924654,0.01161425,1360.29105583,31428.45085625,177.280712025448,347.470195569879,NA,9629.93849401197,20762404.0573427,0.377191022,0.012598581,3632.32634235352,4383846.15645002,2093.76363433173,4103.7767232902,NA,4992.61739818352,4415274.60730627,2101.25548358744,4118.46074783138
"259","SE",2000,"NSEI",7565,2164,0.826924654,0.01161425,1789.464951256,54388.324868,233.213046093052,457.097570342382,NA,10887.8321188463,26540765.4231815,0.377191022,0.012598581,4106.79252427206,5603909.45905456,2367.25779311307,4639.82527450162,NA,5896.25747552806,5658297.78392256,2378.71767637998,4662.28664570476
"260","SE",2001,"NSEI",5344,1327,0.826924654,0.01161425,1097.329015858,20451.86963825,143.010033348189,280.29966536245,NA,7691.28550470781,13244283.7842448,0.377191022,0.012598581,2901.08384001453,2796444.11129556,1672.25719053486,3277.62409344833,NA,3998.41285587253,2816895.98093381,1678.36109968439,3289.58775538141
"261","SE",2002,"NSEI",5038,1129,0.826924654,0.01161425,933.597934366,14803.99923425,121.671686247253,238.476505044616,NA,7250.8788122601,11770960.5766218,0.377191022,0.012598581,2734.96638959453,2485361.52841601,1576.50294272355,3089.94576773816,NA,3668.56432396053,2500165.52765026,1581.19117365683,3099.13470036738
"262","SE",2003,"NSEI",6124,1422,0.826924654,0.01161425,1175.886857988,23484.989097,153.248129179445,300.366333191713,NA,8813.89079918238,17392657.4227307,0.377191022,0.012598581,3324.52047834,3672346.13980671,1916.33664574018,3756.01982565075,NA,4500.407336328,3695831.12890371,1922.45445431191,3768.01073045135
"263","SE",2004,"NSEI",4849,1124,0.826924654,0.01161425,929.463311096,14673.164708,121.13283909824,237.42036463255,NA,6978.86291398357,10904354.1264616,0.377191022,0.012598581,2632.36443492336,2302383.23046953,1517.36061319303,2974.02680185834,NA,3561.82774601936,2317056.39517753,1522.18802885108,2983.48853654811
"264","SE",2005,"NSEI",6055,1305,0.826924654,0.01161425,1079.13667347,19779.35810625,140.639105892529,275.652647549357,NA,8714.58340774809,17002934.1866719,0.377191022,0.012598581,3287.06262187275,3590058.62118618,1894.74500162586,3713.70020318669,NA,4366.19929534275,3609837.97929243,1899.95736249328,3723.91643048684
"265","SE",2006,"NSEI",4774,1141,0.928774929,0.000189006,1059.732193989,246.063320286,15.6864055884705,30.7453549534023,NA,6870.92009720717,10569645.1744349,0.342105263,0.001190843,2350.57792690704,1305835.05037049,1142.73139904813,2239.75354213433,NA,3410.31012089604,1306081.11369078,1142.83905852521,2239.9645547094
"266","SE",2007,"NSEI",2342,452,0.966666667,8.98e-05,436.933333484,18.3464992,4.28328135895834,8.39523146355834,NA,3370.69435853774,2543720.32608506,0.43062201,0.001178782,1451.49517976918,488086.899471955,698.632163210337,1369.31903989226,NA,1888.42851325318,488105.245971155,698.645293386533,1369.3447750376
"267","SE",2008,"NSEI",2770,734,0.947265625,9.78e-05,695.29296875,52.6903368,7.2588109770127,14.2272695149449,NA,3986.68803294174,3558402.87922,0.575581395,0.001428582,2294.66345943041,1206666.21560887,1098.48359824299,2153.02785255626,NA,2989.95642818041,1206718.90594567,1098.50758119626,2153.07485914468
"268","SE",2009,"NSEI",1738,306,0.875420875,0.000368443,267.87878775,34.499528748,5.87362994646411,11.5123146950697,NA,2501.39487409846,1400861.25281166,0.561085973,0.001119402,1403.49757679075,449587.792857109,670.513081794165,1314.20564031656,NA,1671.37636454075,449622.292385857,670.538807516655,1314.25606273264
"269","SE",2010,"NSEI",1607,533,0.912144703,0.000207608,486.173126699,58.979149112,7.67978835072947,15.0523851674298,NA,2312.85475412901,1197642.86736942,0.540342298,0.000608756,1249.7332527863,353661.036264233,594.694069471214,1165.60037616358,NA,1735.9063794853,353720.015413345,594.743655210667,1165.69756421291
"270","SE",2011,"NSEI",1442,429,0.866666667,0.000454943,371.800000143,83.728164663,9.15030953919046,17.9346066968133,NA,1731.91590013141,874226.185743456,0.425287356,0.000704375,736.561933981246,160849.287911328,401.060204846265,786.078001498679,NA,1108.36193412425,160933.016075991,401.164574801902,786.282566611729
"271","SE",2012,"NSEI",1202,549,0.876923077,0.000333114,481.430769273,100.400892714,10.0200245864968,19.6392481895337,NA,2392.91011904762,3409167.61911695,0.344357977,0.000440108,824.017687738067,408287.802568031,638.974023390647,1252.38908584567,NA,1305.44845701107,408388.203460745,639.052582704072,1252.54306209998
"272","SE",2013,"NSEI",940,281,0.700315457,0.000664157,196.788643417,52.442500877,7.24171946964255,14.1937701604994,NA,1650.46132500867,967135.274607714,0.266531027,0.000199076,439.899151978342,69438.9390243593,263.512692340159,516.484876986712,NA,636.687795395342,69491.3815252363,263.612180153415,516.679873100693
"273","SE",2014,"NSEI",1454,428,0.769470405,0.00055433,329.33333334,101.54438672,10.0769234749501,19.7507700109022,NA,1367.71820486059,1884001.59703225,0.341050757,0.000200299,466.461329130386,219890.865252447,468.92522351911,919.093438097455,NA,795.794662470386,219992.409639167,469.033484560716,919.305629739003
"274","SE",2015,"NSEI",1252,404,0.871910112,0.000251538,352.251685248,41.055026208,6.40741962165738,12.5585424584485,NA,1286.32760649565,807027.488687697,0.3125,0.000176826,401.977377029889,79246.564779625,281.507663802649,551.755021053191,NA,754.229062277889,79287.619805833,281.580574269308,551.897925567843
"275","SE",2016,"NSEI",1537,554,0.670781893,0.000455327,371.613168722,139.747141532,11.8214695166041,23.170080252544,NA,1900.11878574571,2125067.19137228,0.308924485,0.00016297,586.993217325319,203739.096873017,451.374674603058,884.694362221994,NA,958.606386047319,203878.844014549,451.529449775481,884.997721559943
"276","SE",2017,"NSEI",1943,752,0.725978648,0.000710477,545.935943296,401.777585408,20.0443903725706,39.2870051302383,NA,3475.21715462704,5155138.9606057,0.23880597,0.000159734,829.902603571351,296741.346309299,544.739705097121,1067.68982199036,NA,1375.83854686735,297143.123894707,545.108359773272,1068.41238515561
"277","SE",2018,"NSEI",3774,2103,0.829545455,0.000268311,1744.534091865,1186.634643399,34.4475636787132,67.5172248102779,NA,8251.05514157973,44703940.9758877,0.326173429,0.000174988,2691.27494839714,4775748.12619844,2185.34851366972,4283.28308679265,NA,4435.80904026214,4776934.76084184,2185.61999461065,4283.81518943687
"278","SE",2019,"NSEI",5817,2821,0.523291925465838,0.000387958765486927,1476.20652173913,3087.39176205435,NA,NA,NA,13496.7635937761,92145960.9024565,0.247876857749469,9.90089862675086e-05,3345.53534941266,5688877.44965272,2385.13677797579,4674.86808483254,NA,4821.74187115179,5691964.84141477,2385.7839050121,4676.13645382371
"279","SE",2020,"NSEI",981,667,0.818939745553861,0.0157796646475232,546.232810284425,7020.19922537195,83.7866291562798,164.221793146308,NA,1027.44457274827,570222.900891816,0.375803199884445,0.0129466919994112,386.116958142706,101581.042168667,318.717809619524,624.686906854267,NA,932.349768427131,108601.241394039,329.547024556495,645.91216813073
"280","SE",2021,"NSEI",2631,1692,0.818939745553861,0.0157796646475232,1385.64604947713,45175.0338514669,212.544192702287,416.586617696482,NA,3605.83650329188,6142269.49874339,0.375803199884445,0.0129466919994112,1355.08489619723,1115316.41070864,1056.08541828237,2069.92741983344,NA,2740.73094567436,1160491.44456011,1077.2610846773,2111.4317259675
"281","SE",2022,"NSEI",3759,2525,0.124031007751938,3.75033886323703e-05,313.178294573643,239.107542149256,15.4631026042401,30.3076811043105,NA,10507.2516697456,89964495.3628392,0.375803199884445,0.0121338426718627,3948.65879948157,15136729.4318626,3890.59499715179,7625.56619441751,NA,4261.83709405522,15136968.5394047,3890.62572594753,7625.62642285715
"282","SE",2023,"NSEI",4303,2616,0.0769230769230769,4.07377608489749e-05,201.230769230769,278.787073908482,16.6969180961183,32.7259594683918,NA,6087.11533386118,22346441.7684419,0.375803199884445,0.0121338426718627,2287.5574205307,3876687.43929843,1968.93053186201,3859.10384244955,NA,2488.78818976147,3876966.22637234,1969.00132716368,3859.24260124082
"283","SE",1999,"NSEO",1134,236,0.915492906,0.003095375,216.056325816,172.400006,13.1301182782182,25.7350318253077,NA,722.837895387813,286195.987094234,0.328283627,0.022094531,237.295846030958,48711.0212811586,220.70573459056,432.583239797497,NA,453.352171846958,48883.4212871586,221.095954931696,433.348071666124
"284","SE",2000,"NSEO",2094,464,0.915492906,0.003095375,424.788708384,666.421856,25.8151478012426,50.5976896904355,NA,1334.76415603358,975867.344812991,0.328283627,0.022094531,438.181218332297,166094.205175286,407.546568106377,798.7912734885,NA,862.969926716298,166760.627031286,408.363351724033,800.392169379104
"285","SE",2001,"NSEO",1662,370,0.915492906,0.003095375,338.73237522,423.7568375,20.585354927715,40.3472956583214,NA,1059.39733874298,614751.31977698,0.328283627,0.022094531,347.782800796695,104631.67189838,323.468193024259,633.997658327548,NA,686.515176016695,105055.42873588,324.122552032221,635.280201983152
"286","SE",2002,"NSEO",2182,380,0.915492906,0.003095375,347.88730428,446.97215,21.1417158717073,41.4377631085463,NA,1390.85739659277,1059612.13514152,0.328283627,0.022094531,456.595710793254,180347.704343099,424.673644511994,832.360343243508,NA,804.483015073254,180794.676493099,425.199572545763,833.391162189695
"287","SE",2003,"NSEO",2025,402,0.915492906,0.003095375,368.028148212,500.2249815,22.3657099484903,43.8367914990411,NA,1290.78195604967,912614.754764778,0.328283627,0.022094531,423.742582198139,155328.511738388,394.117383197428,772.470071066959,NA,791.770730410139,155828.736719888,394.751487292814,773.712915093914
"288","SE",2004,"NSEO",2356,428,0.915492906,0.003095375,391.830963768,567.023174,23.8122484028703,46.6720068696258,NA,1501.76903133482,1235344.26420461,0.328283627,0.022094531,493.006184522871,210257.597788799,458.538545586736,898.735549350002,NA,884.837148290871,210824.620962799,459.156423196713,899.946589465558
"289","SE",2005,"NSEO",2502,474,0.915492906,0.003095375,433.943637444,695.4564735,26.3715087452349,51.6881571406604,NA,1594.83281680803,1393195.43125415,0.328283627,0.022094531,523.557501560367,237124.122492634,486.9539223506,954.429687807176,NA,957.501139004367,237819.578966134,487.667488116784,955.828276708897
"290","SE",2006,"NSEO",1591,183,0.988095238,2.81e-05,180.821428554,0.9410409,0.970072626147135,1.90134234724839,NA,1014.14029238272,563349.34041902,0.560606061,0.003789645,568.533194614067,183081.425150837,427.880152789116,838.645099466667,NA,749.354623168068,183082.366191737,427.88125244247,838.647254787242
"291","SE",2007,"NSEO",1002,179,0.986970684,2.1e-05,176.667752436,0.672861,0.820281049397095,1.60775085681831,NA,638.698034549019,223446.148878002,0.639344262,0.003843053,408.347923539593,93762.522240709,306.206665898554,600.165065161167,NA,585.015675975593,93763.195101709,306.20776460062,600.167218617216
"292","SE",2008,"NSEO",576,113,0.946317104,6.35e-05,106.933832752,0.8108315,0.900461825953771,1.76490517886939,NA,367.15575638746,73838.4204546475,0.277227723,0.002003725,101.785754329638,6092.92807002731,78.0572102372824,152.992132065074,NA,208.719587081638,6093.73890152731,78.0624038928299,153.002311629947
"293","SE",2009,"NSEO",406,46,0.970845481,8.28e-05,44.658892126,0.1752048,0.418574724511646,0.820406460042825,NA,258.793814398106,36685.0823268177,0.448717949,0.003212599,116.125429610605,7719.47636697065,87.8605506867027,172.206679345937,NA,160.784321736605,7719.65157177065,87.8615477428588,172.208633576003
"294","SE",2010,"NSEO",591,210,0.947169811,9.46e-05,198.90566031,4.17186,2.04251315785236,4.00332578939062,NA,376.71710421005,77734.2464036571,0.425925926,0.001518714,160.453581450704,14435.5802021612,120.148159378998,235.490392382837,NA,359.359241760704,14439.7520621612,120.165519439485,235.52441810139
"295","SE",2011,"NSEO",681,192,0.922302158,0.000103258,177.082014336,3.806502912,1.95102611771345,3.82401119071835,NA,321.754061371841,136323.348658868,0.375757576,0.001430267,120.901526169238,19591.0537618926,139.968045502867,274.337369185619,NA,297.983540505238,19594.8602648046,139.981642599323,274.364019494673
"296","SE",2012,"NSEO",537,302,0.901055409,0.000117774,272.118733518,10.741459896,3.27741664974107,6.4237366334925,NA,178.100502512563,39771.1686590069,0.287937743,0.000800897,51.2818567206332,3354.61066553471,57.9190009024216,113.521241768746,NA,323.400590238633,3365.35212543071,58.0116550826703,113.702843962034
"297","SE",2013,"NSEO",622,271,0.868102288,0.000154314,235.255720048,11.332974474,3.3664483471457,6.59823876040557,NA,369.632039174537,242983.446037402,0.277777778,0.000657762,102.675566519512,18998.4165996795,137.834743804599,270.156097857014,NA,337.931286567512,19009.7495741535,137.875848407738,270.236662879166
"298","SE",2014,"NSEO",484,190,0.875,0.000132898,166.25,4.7976178,2.19034650226853,4.29307914444633,NA,438.814760147602,485417.4002368,0.16745283,0.00032958,73.4807734324871,13834.7697361375,117.621297969957,230.537744021116,NA,239.730773432487,13839.5673539375,117.641690543521,230.577713465301
"299","SE",2015,"NSEO",387,191,0.903455285,8.87e-05,172.559959435,3.2358647,1.79885093879398,3.52574784003621,NA,256.628875110717,162065.57835954,0.3514377,0.000730542,90.1890616224978,20182.9775370195,142.066806598232,278.450940932535,NA,262.749021057498,20186.2134017195,142.078194673635,278.473261560326
"300","SE",2016,"NSEO",451,305,0.930481283,8.66e-05,283.796791315,8.055965,2.83830319028817,5.56307425296481,NA,306.772750642673,130376.228369244,0.258964143,0.000383037,79.4431424659326,8829.33269225099,93.9645289045339,184.170476652886,NA,363.239933780933,8837.38865725099,94.0073861845493,184.254476921717
"301","SE",2017,"NSEO",643,460,0.918060201,0.000126006,422.30769246,26.6628696,5.16361013245578,10.1206758596133,NA,366.29622711991,282388.676637402,0.169590643,0.000275058,62.1204126857397,8236.35543117007,90.7543686616246,177.878562576784,NA,484.42810514574,8263.01830077007,90.9011457615913,178.166245692719
"302","SE",2018,"NSEO",1904,1468,0.882042254,0.000183499,1294.838028872,395.444748976,19.8857926413809,38.9761535771066,NA,2143.61695244257,7364744.46096053,0.18895966,0.000326072,405.057130503785,266863.515750392,516.588342638887,1012.51315157222,NA,1699.89515937579,267258.960499368,516.970947442279,1013.26305698687
"303","SE",2019,"NSEO",2929,2174,0.751252086811352,0.00031249563356679,1633.22203672788,1476.94061303152,NA,NA,NA,1472.38213132401,2584682.05001785,0.114942528735632,0.000167320302341267,169.239325439541,34943.4683060349,186.931720973287,366.386173107643,NA,1802.46136216742,36420.4089190664,190.841318689288,374.048984631004
"304","SE",2020,"NSEO",905,745,0.913653520169121,0.00369600400224742,680.671872525995,2051.37462134737,45.2921033001049,88.7725224682056,NA,835.79989154013,610822.333344612,0.32461732304618,0.0234830237136555,271.315123394045,95114.5530887778,308.406473811394,604.476688670332,NA,951.98699592004,97165.9277101252,311.714497112542,610.960414340583
"305","SE",2021,"NSEO",1844,1280,0.913653520169121,0.00369600400224742,1169.47650581647,6055.53295728217,77.817304998838,152.521917797722,NA,2451.47919946031,3504073.34170633,0.32461732304618,0.0234830237136555,795.792615232198,592660.001959876,769.844141342828,1508.89451703194,NA,1965.26912104867,598715.534917159,773.767106380957,1516.58352850667
"306","SE",2022,"NSEO",2833,2369,0,0,0,0,0,0,NA,1656.48045178106,4381711.85886828,0.32461732304618,0.0214632542641172,537.722249935495,614668.458740365,784.00794558497,1536.65557334654,NA,537.722249935495,614668.458740365,784.00794558497,1536.65557334654
"307","SE",2023,"NSEO",2146,1784,0.0578034682080925,2.05595421937367e-05,103.121387283237,65.4339503201493,8.08912543604989,15.8546858546578,NA,5478.57856673241,65008468.841042,0.32461732304618,0.0214632542641172,1778.44150843085,8889867.90964255,2981.58815225084,5843.91277841164,NA,1881.56289571409,8889933.34359287,2981.59912523345,5843.93428545756
"308","SE",1999,"SSEI",6832,2497,0.827732131,0.001072371,2066.847131107,6686.242836339,81.7694492847971,160.268120598202,NA,12089.4871674675,29974833.1275917,0.709542718,0.001904978,8578.00758403104,15426380.5669129,3927.64313130826,7698.18053736418,NA,10644.854715138,15433066.8097493,3928.49421658595,7699.84866450846
"309","SE",2000,"SSEI",9811,4406,0.827732131,0.001072371,3646.987769186,20817.762354156,144.283617760839,282.795890811245,NA,17360.9424180363,61814108.4966732,0.709542718,0.001904978,12318.330270335,31812285.9271691,5640.2381090845,11054.8666938056,NA,15965.318039521,31833103.6895232,5642.08327566363,11058.4832203007
"310","SE",2001,"SSEI",8166,3755,0.827732131,0.001072371,3108.134151905,15120.457909275,122.965271151147,241.011931456247,NA,14450.0515529186,42823268.2972474,0.709542718,0.001904978,10252.928854098,22038756.0144336,4694.54534693548,9201.30887999354,NA,13361.063006003,22053876.4723429,4696.15549916555,9204.46477836448
"311","SE",2002,"SSEI",8332,3524,0.827732131,0.001072371,2916.928029644,13317.320763696,115.400696547707,226.185365233506,NA,14743.7949472101,44582003.4573982,0.709542718,0.001904978,10461.3523404781,22943879.2483616,4789.97695697605,9388.35483567306,NA,13378.2803701221,22957196.5691253,4791.36687899447,9391.07908282917
"312","SE",2003,"SSEI",8078,3456,0.827732131,0.001072371,2860.642244736,12808.330592256,113.173895365742,221.820834916855,NA,14294.3321631737,41905280.9154796,0.709542718,0.001904978,10142.4392950531,21566318.9320821,4643.95509582964,9102.15198782609,NA,13003.0815397891,21579127.2626743,4645.3339236996,9104.85449045122
"313","SE",2004,"SSEI",6002,2841,0.827732131,0.001072371,2351.586984171,8655.407677251,93.0344434994427,182.347509258908,NA,10620.77019601,23134123.0277688,0.709542718,0.001904978,7535.89015213031,11905847.294931,3450.48508110541,6762.9507589666,NA,9887.47713630131,11914502.7026083,3451.73908379649,6765.40860424113
"314","SE",2005,"SSEI",9401,4674,0.827732131,0.001072371,3868.819980294,23427.312840396,153.059834183877,299.997275000399,NA,16635.4316249067,56755658.1267507,0.709542718,0.001904978,11803.5493702394,29208982.6776361,5404.53353006864,10592.8857189345,NA,15672.3693505334,29232409.9904765,5406.70047168109,10597.1329244949
"315","SE",2006,"SSEI",6626,3077,0.806709265,0.000249487,2482.244408405,2362.125202423,48.6016995836874,95.2593311840273,NA,11724.9622323829,28194469.1317464,0.751842752,0.000152931,8815.32787189081,15962753.7068457,3995.3415006537,7830.86934128124,NA,11297.5722802958,15965115.8320481,3995.63709964358,7831.44871530141
"316","SE",2007,"SSEI",3895,1932,0.788063337,0.000203682,1522.538367084,760.268321568,27.5729635978435,54.0430086517732,NA,6892.35253473156,9742624.91219345,0.764927718,0.00011309,5272.15149604373,5707024.34403707,2388.93791129805,4682.31830614417,NA,6794.68986312773,5707784.61235863,2389.09702866138,4682.63017617631
"317","SE",2008,"SSEI",3127,1315,0.878472222,0.000185667,1155.19097193,321.060018075,17.918147730025,35.119569550849,NA,5533.34695150336,6279380.80584807,0.719035744,0.000168073,3978.67424208435,3252719.18962899,1803.5296475603,3534.91810921819,NA,5133.86521401435,3253040.24964707,1803.61865416364,3535.09256216074
"318","SE",2009,"SSEI",1615,726,0.886456908,0.000137878,643.567715208,72.672184728,8.52479822212819,16.7086045153713,NA,2857.80470952284,1674966.4483188,0.71950048,0.000194057,2056.19186024795,869008.118391292,932.206049321336,1827.12385666982,NA,2699.75957545595,869080.79057602,932.245027112518,1827.20025314054
"319","SE",2010,"SSEI",3026,1842,0.825788752,0.000197612,1521.102881184,670.490401968,25.8938294187631,50.7519056607756,NA,5354.6235610007,5880292.18266293,0.773500448,0.000156987,4141.80372330539,3523620.37858693,1877.13089010514,3679.17654460608,NA,5662.90660448939,3524290.8689889,1877.30947608243,3679.52657312157
"320","SE",2011,"SSEI",1401,557,0.837320574,0.000163132,466.387559718,50.611539868,7.11417879083735,13.9437904300412,NA,3027.67548500882,2492666.77727787,0.719407638,0.000157457,2178.1328693007,1291908.95167512,1136.62172760999,2227.77858611559,NA,2644.5204290187,1291959.56321499,1136.64399141288,2227.82222316924
"321","SE",2012,"SSEI",1982,1213,0.856429463,0.000153698,1038.848938619,226.146472562,15.0381671942428,29.4748077007159,NA,3308.38808399805,3537724.22884366,0.715509854,0.000174576,2367.18427495678,1813681.72363188,1346.73001140981,2639.59082236323,NA,3406.03321357578,1813907.87010444,1346.81397011779,2639.75538143087
"322","SE",2013,"SSEI",2044,1461,0.828148148,0.000211155,1209.924444228,450.714781755,21.2300443182533,41.6108868637765,NA,7891.83511569123,27499452.4149664,0.697008275,0.000134514,5500.67438057237,13371875.4320017,3656.75750248793,7167.24470487634,NA,6710.59882480037,13372326.1467835,3656.81912962393,7167.3654940629
"323","SE",2014,"SSEI",2308,1518,0.780042164,0.000120658,1184.104004952,278.035125192,16.6743853017735,32.6817951914761,NA,4717.29985625299,4505262.42049858,0.670035371,0.000111773,3160.75775930272,2025616.6848448,1423.24161154907,2789.55355863618,NA,4344.86176425472,2025894.71996999,1423.33928491066,2789.7449984249
"324","SE",2015,"SSEI",3002,1949,0.797106691,5.85e-05,1553.560940759,222.2181585,14.9069835479885,29.2176877540575,NA,3368.36087874287,2306053.7852345,0.75708502,9.31e-05,2550.13556325026,1323049.66084164,1150.2389581481,2254.46835797029,NA,4103.69650400926,1323271.87900014,1150.33555061127,2254.65767919809
"325","SE",2016,"SSEI",2634,1765,0.80009298,7.44e-05,1412.1641097,231.77274,15.2240842089106,29.8392050494647,NA,4684.43475395431,6607012.86980885,0.694041062,0.000106387,3251.19007150415,3185589.27121363,1784.82191582623,3498.25095501942,NA,4663.35418120415,3185821.04395363,1784.88684345917,3498.37821317997
"326","SE",2017,"SSEI",5303,4290,0.822570533,9.16e-05,3528.82758657,1685.81556,41.0586843432665,80.4750213128024,NA,10269.3015873016,20444681.1364535,0.669157609,0.0001505,6871.78129625863,9173502.27059506,3028.77900656272,5936.40685286293,NA,10400.6088828286,9175188.08615506,3029.05729331009,5936.95229488778
"327","SE",2018,"SSEI",12062,9955,0.854961832,0.000237098,8511.14503756,23496.89192345,153.286959404412,300.442440432648,NA,12472.5408715466,23037083.0643625,0.632468316,0.00014037,7888.48692126823,9240276.02525761,3039.78223319658,5957.9731770653,NA,16399.6319588282,9263772.91718106,3043.64467656477,5965.54356606695
"328","SE",2019,"SSEI",10177,7980,0.831491712707182,0.000388125330765814,6635.30386740332,24715.9763132993,NA,NA,NA,31355.5099459887,212502944.559874,0.602549246813441,0.000277823262155448,18893.2389014068,77484693.1743004,8802.53901861846,17252.9764764922,NA,25528.5427688102,77509409.1506137,8803.94281845434,17255.7279241705
"329","SE",2020,"SSEI",3720,2149,0.82811818451746,0.00107223149574937,1779.62597852802,4951.78056590124,70.3688891904742,137.923022813329,NA,13535.2343234323,34670924.6961691,0.706147823914608,0.00249604548026786,9557.87626366606,17832296.697513,4222.83041306574,8276.74760960886,NA,11337.5022421941,17837248.4780789,4223.41668298061,8277.89669864199
"330","SE",2021,"SSEI",7202,4530,0.82811818451746,0.00107223149574937,3751.37537586409,22003.1553011232,148.334605878477,290.735827521816,NA,12951.3090909091,28811633.1780355,0.706147823914608,0.00249604548026786,9145.53873139093,14857362.4484229,3854.52493161257,7554.86886596064,NA,12896.914107255,14879365.603724,3857.37807373403,7560.46102451869
"331","SE",2022,"SSEI",9134,7338,0.0630841121495327,2.72245540966549e-05,462.911214953271,1465.93998267968,38.2875956764026,75.043687525749,NA,19197.2716865418,54618995.2612839,0.706147823914608,0.00231598136978906,13556.111626549,28215492.5205667,5311.82572385114,10411.1784187482,NA,14019.0228415023,28216958.4605493,5311.96371039462,10411.4488723734
"332","SE",2023,"SSEI",14863,11449,0.0545977011494253,2.62547264387708e-05,625.08908045977,3441.45906595823,58.6639503098643,114.981342607334,NA,17899.134692262,56781394.6365571,0.706147823914608,0.00231598136978906,12639.4350128953,29187240.788917,5402.52170647347,10588.942544688,NA,13264.524093355,29190682.247983,5402.84020196627,10589.5667958539
"333","SE",1999,"SSEO",4102,1139,0.944530268,0.000915486,1075.819975252,1187.679213006,34.4627220777175,67.5469352723264,NA,3939.31612740195,8165677.14429935,0.336687106,0.004451475,1326.31694655409,1031074.76128195,1015.41851533343,1990.22029005352,NA,2402.13692180609,1032262.44049495,1016.00316952997,1991.36621227875
"334","SE",2000,"SSEO",4468,1638,0.944530268,0.000915486,1547.140578984,2456.289219384,49.5609646736623,97.1394907603781,NA,4290.80069654605,9687845.88839656,0.336687106,0.004451475,1444.65726894287,1223278.0221648,1106.01899719887,2167.79723450979,NA,2991.79784792687,1225734.31138418,1107.12885943064,2169.97256448405
"335","SE",2001,"SSEO",3276,1260,0.944530268,0.000915486,1190.10813768,1453.4255736,38.1238189797402,74.7226852002908,NA,3146.07499594558,5208212.29965702,0.336687106,0.004451475,1059.24288564388,657637.591920166,810.948575385743,1589.45920775606,NA,2249.35102332388,659091.017493766,811.844207649329,1591.21464699268
"336","SE",2002,"SSEO",5386,1783,0.944530268,0.000915486,1684.097467844,2910.411472254,53.9482295562514,105.738529930253,NA,5172.39314046487,14077761.0959698,0.336687106,0.004451475,1741.47807755737,1777589.77056114,1333.26282876301,2613.19514437549,NA,3425.57554540137,1780500.18203339,1334.35384438813,2615.33353500074
"337","SE",2003,"SSEO",4577,1717,0.944530268,0.000915486,1621.758470156,2698.934206254,51.9512676096936,101.824484514999,NA,4395.477795007,10166295.2305703,0.336687106,0.004451475,1479.90069828817,1283691.51054423,1133.00110791836,2220.68217151998,NA,3101.65916844417,1286390.44475048,1134.19153794696,2223.01541437604
"338","SE",2004,"SSEO",4886,1589,0.944530268,0.000915486,1500.858595852,2311.529826606,48.078371713339,94.2336085581445,NA,4692.2229640385,11585314.236075,0.336687106,0.004451475,1579.81097046886,1462870.1207807,1209.49167867361,2370.60369020027,NA,3080.66956632086,1465181.65060731,1210.44688053929,2372.47588585702
"339","SE",2005,"SSEO",6899,2049,0.944530268,0.000915486,1935.342519132,3843.577337886,61.9965913408632,121.513319028092,NA,6625.38809433106,23097936.4730086,0.336687106,0.004451475,2230.68274360718,2916561.46993752,1707.79432893353,3347.27688470972,NA,4166.02526273918,2920405.04727541,1708.9192629482,3349.48175537847
"340","SE",2006,"SSEO",2288,738,0.962328767,0.000124578,710.198630046,67.850660232,8.23715122065875,16.1448163924912,NA,2197.25872732707,2540463.34394961,0.514705882,0.00185025,1130.94199123108,686658.397516126,828.648536785123,1624.15113209884,NA,1841.14062127708,686726.248176358,828.689476327749,1624.23137360239
"341","SE",2007,"SSEO",2461,1094,0.970031546,4.59e-05,1061.214511324,54.9347724,7.41179953857361,14.5271270956043,NA,2363.3976083706,2939166.03355471,0.350404313,0.000615192,828.144715306942,366124.557250516,605.08227312533,1185.96125532565,NA,1889.35922663094,366179.492022916,605.127665887882,1186.05022514025
"342","SE",2008,"SSEO",3407,1450,0.950980392,5.08e-05,1378.9215684,106.807,10.3347472150992,20.2561045415944,NA,3271.87958216929,5633070.15202709,0.315789474,0.000406905,1033.22513224458,568394.731270552,753.919578781817,1477.68237441236,NA,2412.14670064458,568501.538270552,753.990409932747,1477.82120346818
"343","SE",2009,"SSEO",1253,664,0.960431655,6.85e-05,637.72661892,30.201376,5.49557785860595,10.7713326028677,NA,1203.30646212449,761908.878905099,0.314984709,0.000330428,379.0231358101,76323.2670417503,276.266659301752,541.482652231434,NA,1016.7497547301,76353.4684177503,276.321313723264,541.589774897597
"344","SE",2010,"SSEO",1252,766,0.974358974,3.56e-05,746.358974084,20.8885136,4.57039534395002,8.95797487414203,NA,1202.34612177163,760693.228713503,0.408684547,0.00030903,491.380280113446,127735.131969584,357.400520382363,700.505019949432,NA,1237.73925419745,127756.020483184,357.429742023777,700.562294366604
"345","SE",2011,"SSEO",781,323,0.936605317,0.000121672,302.523517391,12.693918088,3.56285252122509,6.98319094160118,NA,1415.47260589319,1681921.93773869,0.356164384,0.00044963,504.140928746821,215014.063118834,463.696089177851,908.844334788588,NA,806.664446137821,215026.757036922,463.709776732087,908.87116239489
"346","SE",2012,"SSEO",863,245,0.948031496,7.77e-05,232.26771652,4.6639425,2.15961628536182,4.23284791930917,NA,493.636531649469,195080.357830493,0.290849673,0.000337571,143.574023811102,16650.6483167558,129.037391157586,252.913286668868,NA,375.841740331102,16655.3122592558,129.055461950496,252.948705422971
"347","SE",2013,"SSEO",1075,327,0.944444444,7.3e-05,308.833333188,7.805817,2.79388922471883,5.47602288044891,NA,1483.44714558864,829827.474327598,0.290526316,0.000434854,430.980434188582,71359.8365372401,267.132619755132,523.579934720059,NA,739.813767376582,71367.6423542401,267.147229733419,523.608570277501
"348","SE",2014,"SSEO",1870,457,0.957884427,3.96e-05,437.753183139,8.2704204,2.87583386168256,5.63663436889781,NA,1194.45308002303,1200719.78546922,0.33171521,0.000359287,396.218254274986,133065.182531764,364.78100626508,714.970772279557,NA,833.971437413986,133073.452952164,364.792342233447,714.992990777556
"349","SE",2015,"SSEO",1521,409,0.963912631,3.31e-05,394.240266079,5.5370011,2.35308331769192,4.61204330267616,NA,2340.5297542044,4360864.00248046,0.314705882,0.000317623,736.578480644138,435024.139228947,659.563597562015,1292.74465122155,NA,1130.81874672314,435029.676230047,659.567795021897,1292.75287824292
"350","SE",2016,"SSEO",1567,639,0.947423764,5.24e-05,605.403785196,21.3960204,4.62558324971025,9.06614316943208,NA,676.756130790191,858832.405936229,0.359116022,0.000637539,243.033969553485,111598.266158654,334.063266700567,654.764002733112,NA,848.437754749485,111619.662179054,334.09528907043,654.826766578043
"351","SE",2017,"SSEO",1717,1007,0.894927536,0.000113703,901.192028752,115.300413447,10.7378030083905,21.0460938964454,NA,1076.46451612903,2380506.42725509,0.27027027,0.000534483,290.936355419613,175778.203559788,419.259112673521,821.747860840102,NA,1192.12838417161,175893.503973235,419.396595090179,822.01732637675
"352","SE",2018,"SSEO",2540,1454,0.863509749,0.00016438,1255.543175046,347.51838808,18.6418450825019,36.5380163617037,NA,4677.85259326661,13242366.4240172,0.241758242,0.000288225,1130.90941928328,784101.028777046,885.494793195898,1735.56979466396,NA,2386.45259432928,784448.547165126,885.690999821679,1735.95435965049
"353","SE",2019,"SSEO",1758,939,0.948553054662379,7.85831838213341e-05,890.691318327974,69.2884434221306,NA,NA,NA,915.83646861613,563570.73882264,0.365461847389558,0.00046659856235849,334.70328772718,75926.1628177186,275.547024694005,540.07216840025,NA,1225.39460605515,75995.4512611408,275.67272491333,540.318540830128
"354","SE",2020,"SSEO",998,684,0.944530268128966,0.000917615064559204,646.058703400213,429.311713644411,20.7198386490921,40.6108837522205,NA,1799.43909626719,2655235.76226252,0.337509769398678,0.00448617592813587,607.328274428105,328903.465789528,573.501059972453,1124.06207754601,NA,1253.38697782832,329332.777503172,573.875228166517,1124.79544720637
"355","SE",2021,"SSEO",1758,1208,0.944530268128966,0.000917615064559204,1140.99256389979,1339.04262956892,36.5929314153556,71.7221455740971,NA,1441.01952638139,1868355.4654755,0.337509769398678,0.00448617592813587,486.358168047974,230527.168349741,480.132448757362,941.05959956443,NA,1627.35073194777,231866.21097931,481.524880955606,943.788766672987
"356","SE",2022,"SSEO",1506,1130,0,0,0,0,0,0,NA,1014.24489795918,941971.553205251,0.337509769398678,0.00410115730086838,342.317561623989,115384.663149807,339.683180551829,665.779033881585,NA,342.317561623989,115384.663149807,339.683180551829,665.779033881585
"357","SE",2023,"SSEO",1289,851,0.010989010989011,3.76454888344108e-06,9.35164835164836,2.72629006593691,1.65114810539119,3.23625028656673,NA,786.016915749712,566446.397573715,0.337509769398678,0.00410115730086838,265.288387978145,69382.3937823027,263.40537918255,516.274543197797,NA,274.640036329794,69385.1200723686,263.410554215978,516.284686263317
