"","Region","year","RptArea","Log_rfrel","Gui_pelrel","gui_pPel","gui_var_pPel","GuiPel","var_GuiPel","sqrt_GuiPel","GuiPel_UPRLWR95","blank","PRIV_rfrel","var_PRIV_rfrel","priv_pPel","priv_var_pPel","Priv_Pel","var_PrivPel","sqrt_PrivPel","PrivPel_UPRLWR95","blank2","TotalPelrel","var_totalPelrel","sqrt_totalPel","TotalPel_UPRLWR95"
"1","SC",1999,"AFOGNAK",770,768,0.858654572940287,0.0015055577019235,768,888.014065979326,29.799564862248,58.4071471300061,NA,411.552007740248,129118.934375443,NA,NA,NA,NA,0,0,NA,NA,NA,NA,NA
"2","SC",2000,"AFOGNAK",2000,1949,0.858654572940287,0.0015055577019235,1949,5719.01299208431,75.6241561413039,148.223346036956,NA,1068.96625387077,871100.923430212,NA,NA,NA,NA,0,0,NA,NA,NA,NA,NA
"3","SC",2001,"AFOGNAK",910,853,0.858654572940287,0.0015055577019235,853,1095.45733393886,33.0976937858041,64.8714798201761,NA,486.379645511202,180339.66867314,NA,NA,NA,NA,0,0,NA,NA,NA,NA,NA
"4","SC",2002,"AFOGNAK",708,696,0.858654572940287,0.0015055577019235,696,729.316239734974,27.0058556564123,52.931477086568,NA,378.414053870254,109162.88332058,NA,NA,NA,NA,0,0,NA,NA,NA,NA,NA
"5","SC",2003,"AFOGNAK",818,776,0.858654572940287,0.0015055577019235,776,906.610714713486,30.1099769962298,59.0155549126103,NA,437.207197833147,145718.633572329,NA,NA,NA,NA,0,0,NA,NA,NA,NA,NA
"6","SC",2004,"AFOGNAK",758,641,0.858654572940287,0.0015055577019235,641,618.60505412403,24.8717722352877,48.7486735811639,NA,405.138210217023,125125.807742439,NA,NA,NA,NA,0,0,NA,NA,NA,NA,NA
"7","SC",2005,"AFOGNAK",1426,1375,0.858654572940287,0.0015055577019235,1375,2846.44503019912,53.3520855281133,104.570087635102,NA,762.172939009862,442840.705343294,NA,NA,NA,NA,0,0,NA,NA,NA,NA,NA
"8","SC",2006,"AFOGNAK",842,806,NA,NA,806,0,0,0,NA,450.034792879596,154394.798769694,NA,NA,NA,NA,0,0,NA,NA,NA,NA,NA
"9","SC",2007,"AFOGNAK",2835,2759,NA,NA,2759,0,0,0,NA,1515.25966486182,1750308.5298291,NA,NA,NA,NA,0,0,NA,NA,NA,NA,NA
"10","SC",2008,"AFOGNAK",1487,1449,NA,NA,1449,0,0,0,NA,794.77640975292,481537.839440065,NA,NA,NA,NA,0,0,NA,NA,NA,NA,NA
"11","SC",2009,"AFOGNAK",1564,1522,NA,NA,1522,0,0,0,NA,835.931610526945,532699.121099737,NA,NA,NA,NA,0,0,NA,NA,NA,NA,NA
"12","SC",2010,"AFOGNAK",1405,1227,NA,NA,1227,0,0,0,NA,750.948793344219,429893.750093581,NA,NA,NA,NA,0,0,NA,NA,NA,NA,NA
"13","SC",2011,"AFOGNAK",2417,2185,NA,NA,2185,0,0,0,NA,2788.84615384615,11082356.8887375,NA,NA,NA,NA,0,0,NA,NA,NA,NA,NA
"14","SC",2012,"AFOGNAK",1340,1166,NA,NA,1166,0,0,0,NA,723.996710526316,686590.428375789,NA,NA,NA,NA,0,0,NA,NA,NA,NA,NA
"15","SC",2013,"AFOGNAK",1722,1543,NA,NA,1543,0,0,0,NA,672.377867746289,639080.198974921,NA,NA,NA,NA,0,0,NA,NA,NA,NA,NA
"16","SC",2014,"AFOGNAK",2290,1973,NA,NA,1973,0,0,0,NA,2052.37384506041,4444516.35623331,NA,NA,NA,NA,0,0,NA,NA,NA,NA,NA
"17","SC",2015,"AFOGNAK",1554,1260,NA,NA,1260,0,0,0,NA,423.373228346457,541004.165428356,NA,NA,NA,NA,0,0,NA,NA,NA,NA,NA
"18","SC",2016,"AFOGNAK",1266,1106,NA,NA,1106,0,0,0,NA,989.829278350515,1922869.00698582,NA,NA,NA,NA,0,0,NA,NA,NA,NA,NA
"19","SC",2017,"AFOGNAK",1358,1185,NA,NA,1185,0,0,0,NA,143.314318311466,108175.8345845,NA,NA,NA,NA,0,0,NA,NA,NA,NA,NA
"20","SC",2018,"AFOGNAK",872,862,NA,NA,862,0,0,0,NA,577.035120147874,627701.400476123,NA,NA,NA,NA,0,0,NA,NA,NA,NA,NA
"21","SC",2019,"AFOGNAK",833,801,NA,NA,801,0,0,0,NA,2090.56847027388,8383202.98640306,NA,NA,NA,NA,0,0,NA,NA,NA,NA,NA
"22","SC",2020,"AFOGNAK",237,192,NA,NA,192,0,0,0,NA,657.073512252042,1093965.40172161,NA,NA,NA,NA,0,0,NA,NA,NA,NA,NA
"23","SC",2021,"AFOGNAK",1479,1393,NA,NA,1393,0,0,0,NA,181.814952575786,69799.7849505814,NA,NA,NA,NA,0,0,NA,NA,NA,NA,NA
"24","SC",2022,"AFOGNAK",583,535,NA,NA,535,0,0,0,NA,235.502976190476,103148.19610505,NA,NA,NA,NA,0,0,NA,NA,NA,NA,NA
"25","SC",1999,"WKMA",315,222,NA,NA,222,NA,NA,NA,NA,118.827489751804,29144.6294753957,NA,NA,NA,NA,0,0,NA,NA,NA,NA,NA
"26","SC",2000,"WKMA",436,285,NA,NA,285,NA,NA,NA,NA,164.472335021545,55835.4999723339,NA,NA,NA,NA,0,0,NA,NA,NA,NA,NA
"27","SC",2001,"WKMA",432,270,NA,NA,270,NA,NA,NA,NA,162.96341451676,54815.6949480096,NA,NA,NA,NA,0,0,NA,NA,NA,NA,NA
"28","SC",2002,"WKMA",411,300,NA,NA,300,NA,NA,NA,NA,155.04158186664,49615.922959066,NA,NA,NA,NA,0,0,NA,NA,NA,NA,NA
"29","SC",2003,"WKMA",649,595,NA,NA,595,NA,NA,NA,NA,244.822351901337,123716.271903917,NA,NA,NA,NA,0,0,NA,NA,NA,NA,NA
"30","SC",2004,"WKMA",318,258,NA,NA,258,NA,NA,NA,NA,119.959180130393,29702.4087787344,NA,NA,NA,NA,0,0,NA,NA,NA,NA,NA
"31","SC",2005,"WKMA",421,387,NA,NA,387,NA,NA,NA,NA,158.813883128602,52059.6953675849,NA,NA,NA,NA,0,0,NA,NA,NA,NA,NA
"32","SC",2006,"WKMA",547,515,NA,NA,515,0,0,0,NA,206.344879029324,87884.4589640079,NA,NA,NA,NA,0,0,NA,NA,NA,NA,NA
"33","SC",2007,"WKMA",396,349,NA,NA,349,0,0,0,NA,149.383129973697,46060.4103382581,NA,NA,NA,NA,0,0,NA,NA,NA,NA,NA
"34","SC",2008,"WKMA",575,490,NA,NA,490,0,0,0,NA,216.907322562817,97112.0495873289,NA,NA,NA,NA,0,0,NA,NA,NA,NA,NA
"35","SC",2009,"WKMA",695,628,NA,NA,628,0,0,0,NA,262.174937706362,141875.380724142,NA,NA,NA,NA,0,0,NA,NA,NA,NA,NA
"36","SC",2010,"WKMA",527,447,NA,NA,447,0,0,0,NA,198.8002765054,81575.2965439373,NA,NA,NA,NA,0,0,NA,NA,NA,NA,NA
"37","SC",2011,"WKMA",399,321,NA,NA,321,0,0,0,NA,0,11830.045792546,NA,NA,NA,NA,0,0,NA,NA,NA,NA,NA
"38","SC",2012,"WKMA",630,521,NA,NA,521,0,0,0,NA,439.174714661984,167549.060673605,NA,NA,NA,NA,0,0,NA,NA,NA,NA,NA
"39","SC",2013,"WKMA",951,870,NA,NA,870,0,0,0,NA,183.258394160584,131577.827353092,NA,NA,NA,NA,0,0,NA,NA,NA,NA,NA
"40","SC",2014,"WKMA",1124,897,NA,NA,897,0,0,0,NA,2104.6711409396,8654136.79274347,NA,NA,NA,NA,0,0,NA,NA,NA,NA,NA
"41","SC",2015,"WKMA",969,850,NA,NA,850,0,0,0,NA,153.040476190476,595552.418546151,NA,NA,NA,NA,0,0,NA,NA,NA,NA,NA
"42","SC",2016,"WKMA",1927,1697,NA,NA,1697,0,0,0,NA,1506.63587628866,4454979.57695473,NA,NA,NA,NA,0,0,NA,NA,NA,NA,NA
"43","SC",2017,"WKMA",1190,1096,NA,NA,1096,0,0,0,NA,1291.66990291262,8189968.77757961,NA,NA,NA,NA,0,0,NA,NA,NA,NA,NA
"44","SC",2018,"WKMA",1996,1842,NA,NA,1842,0,0,0,NA,482.923969072165,445031.134408026,NA,NA,NA,NA,0,0,NA,NA,NA,NA,NA
"45","SC",2019,"WKMA",1190,1096,NA,NA,1096,0,0,0,NA,2986.52638610554,17108577.5232715,NA,NA,NA,NA,0,0,NA,NA,NA,NA,NA
"46","SC",2020,"WKMA",1426,1347,NA,NA,1347,0,0,0,NA,254.802507836991,351595.754376875,NA,NA,NA,NA,0,0,NA,NA,NA,NA,NA
"47","SC",2021,"WKMA",3063,2818,NA,NA,2818,0,0,0,NA,376.53766040543,299372.380152434,NA,NA,NA,NA,0,0,NA,NA,NA,NA,NA
"48","SC",2022,"WKMA",2391,1976,NA,NA,1976,0,0,0,NA,965.844967532467,1734936.88379805,NA,NA,NA,NA,0,0,NA,NA,NA,NA,NA
"49","SC",1999,"SKMA",128,128,NA,NA,128,NA,NA,NA,NA,48.2854561531142,4812.3518198527,NA,NA,NA,NA,0,0,NA,NA,NA,NA,NA
"50","SC",2000,"SKMA",101,76,NA,NA,76,NA,NA,NA,NA,38.1002427458166,2996.264704243,NA,NA,NA,NA,0,0,NA,NA,NA,NA,NA
"51","SC",2001,"SKMA",43,19,NA,NA,19,NA,NA,NA,NA,16.2208954264368,543.093171075905,NA,NA,NA,NA,0,0,NA,NA,NA,NA,NA
"52","SC",2002,"SKMA",62,62,NA,NA,62,NA,NA,NA,NA,23.3882678241647,1129.06984835899,NA,NA,NA,NA,0,0,NA,NA,NA,NA,NA
"53","SC",2003,"SKMA",137,137,NA,NA,137,NA,NA,NA,NA,51.68052728888,5512.88032878511,NA,NA,NA,NA,0,0,NA,NA,NA,NA,NA
"54","SC",2004,"SKMA",26,25,NA,NA,25,NA,NA,NA,NA,9.80798328110131,198.556508192164,NA,NA,NA,NA,0,0,NA,NA,NA,NA,NA
"55","SC",2005,"SKMA",112,108,NA,NA,108,NA,NA,NA,NA,42.2497741339749,3684.45686207472,NA,NA,NA,NA,0,0,NA,NA,NA,NA,NA
"56","SC",2006,"SKMA",80,77,NA,NA,77,0,0,0,NA,30.1784100956963,1879.82492962996,NA,NA,NA,NA,0,0,NA,NA,NA,NA,NA
"57","SC",2007,"SKMA",474,455,NA,NA,455,0,0,0,NA,178.807079817001,65992.4290452407,NA,NA,NA,NA,0,0,NA,NA,NA,NA,NA
"58","SC",2008,"SKMA",822,805,NA,NA,805,0,0,0,NA,310.08316373328,198463.691836264,NA,NA,NA,NA,0,0,NA,NA,NA,NA,NA
"59","SC",2009,"SKMA",338,335,NA,NA,335,0,0,0,NA,127.503782654317,33556.0498844758,NA,NA,NA,NA,0,0,NA,NA,NA,NA,NA
"60","SC",2010,"SKMA",191,110,NA,NA,110,0,0,0,NA,72.050954103475,10715.295821536,NA,NA,NA,NA,0,0,NA,NA,NA,NA,NA
"61","SC",2011,"SKMA",231,220,NA,NA,220,0,0,0,NA,0,3965.19540414976,NA,NA,NA,NA,0,0,NA,NA,NA,NA,NA
"62","SC",2012,"SKMA",134,118,NA,NA,118,0,0,0,NA,93.4117647058824,7580.02250807569,NA,NA,NA,NA,0,0,NA,NA,NA,NA,NA
"63","SC",2013,"SKMA",201,191,NA,NA,191,0,0,0,NA,38.7328467153285,5877.78629489825,NA,NA,NA,NA,0,0,NA,NA,NA,NA,NA
"64","SC",2014,"SKMA",237,186,NA,NA,186,0,0,0,NA,443.778523489933,384758.1476232,NA,NA,NA,NA,0,0,NA,NA,NA,NA,NA
"65","SC",2015,"SKMA",31,29,NA,NA,29,0,0,0,NA,4.89603174603175,609.531039332679,NA,NA,NA,NA,0,0,NA,NA,NA,NA,NA
"66","SC",2016,"SKMA",470,459,NA,NA,459,0,0,0,NA,345.072933549433,341791.03987791,NA,NA,NA,NA,0,0,NA,NA,NA,NA,NA
"67","SC",2017,"SKMA",205,203,NA,NA,203,0,0,0,NA,222.514563106796,243050.235066579,NA,NA,NA,NA,0,0,NA,NA,NA,NA,NA
"68","SC",2018,"SKMA",160,158,NA,NA,158,0,0,0,NA,38.7113402061856,2859.62632701412,NA,NA,NA,NA,0,0,NA,NA,NA,NA,NA
"69","SC",2019,"SKMA",31,23,NA,NA,23,0,0,0,NA,20.0874439461883,4633.07917814272,NA,NA,NA,NA,0,0,NA,NA,NA,NA,NA
"70","SC",2020,"SKMA",43,43,NA,NA,43,0,0,0,NA,7.6833855799373,319.699150539687,NA,NA,NA,NA,0,0,NA,NA,NA,NA,NA
"71","SC",2021,"SKMA",103,96,NA,NA,96,0,0,0,NA,12.6618932490236,338.526121866015,NA,NA,NA,NA,0,0,NA,NA,NA,NA,NA
"72","SC",2022,"SKMA",169,127,NA,NA,127,0,0,0,NA,68.2675865800866,8667.58156032213,NA,NA,NA,NA,0,0,NA,NA,NA,NA,NA
"73","SC",1999,"CI",621,523,0.926810665287881,0.00408933140395719,523,1118.55072959301,33.4447414340881,65.5516932108126,NA,1211.57279049933,419914.105784278,0.983333333333333,0.000277777777777779,1191.37991065767,406558.006935426,637.619013938125,1249.73326731872,NA,1714.37991065767,407676.557665019,638.495542400273,1251.45126310454
"74","SC",2000,"CI",774,657,0.926810665287881,0.00408933140395719,657,1765.15581118672,42.0137574038162,82.3469645114797,NA,1510.07623163684,652317.732909163,0.96636533224366,0.000758867921263573,1459.28531929899,611400.206032003,781.920843840349,1532.56485392708,NA,2116.28531929899,613165.36184319,783.048760833698,1534.77557123405
"75","SC",2001,"CI",730,623,0.926810665287881,0.00408933140395719,623,1587.1881084865,39.8395294711986,78.0854777635492,NA,1424.23210477377,580260.467565539,0.982142857142857,0.000318877551020409,1398.79938861709,560553.766563006,748.701386777804,1467.4547180845,NA,2021.79938861709,562140.954671493,749.76059823886,1469.53077254817
"76","SC",2002,"CI",1636,1501,0.926810665287881,0.00408933140395719,1501,9213.26774244695,95.985768437029,188.132106136577,NA,3191.84071699984,2914364.45936816,0.96636533224366,0.000758867921263573,3084.48421495239,2731556.94076183,1652.74224873748,3239.37480752546,NA,4585.48421495239,2740770.20850427,1655.52716936457,3244.83325195456
"77","SC",2003,"CI",3266,2929,0.926810665287881,0.00408933140395719,2929,35082.5417771363,187.303341606967,367.114549549656,NA,6371.97541670016,11614743.5240524,0.96636533224366,0.000758867921263573,6157.65614060789,10886192.7636779,3299.42309558473,6466.86926734607,NA,9086.65614060789,10921275.305455,3304.73528523164,6477.28115905401
"78","SC",2004,"CI",3521,3381,0.926810665287881,0.00408933140395719,3381,46745.8056609907,216.207783534707,423.767255728025,NA,6869.48115192936,13499239.8410137,0.96636533224366,0.000758867921263573,6638.42843572577,12652481.4575607,3557.03267591973,6971.78404480266,NA,10019.4284357258,12699227.2632216,3563.59751700745,6984.6511333346
"79","SC",2005,"CI",2204,2101,0.926810665287881,0.00408933140395719,2101,18051.1307726792,134.354496659692,263.334813452997,NA,4300.01035468682,5289327.3248524,0.96636533224366,0.000758867921263573,4155.38093505811,4957546.99441199,2226.55496101309,4364.04772358565,NA,6256.38093505811,4975598.12518467,2230.60487876824,4371.98556238575
"80","SC",2006,"CI",1504,1399,NA,NA,1399,0,0,0,NA,2934.30833641061,2463048.34265478,0.96636533224366,0.000758867921263573,2835.61385042078,2308550.24812826,1519.39140715231,2978.00715801852,NA,4234.61385042078,2308550.24812826,1519.39140715231,2978.00715801852
"81","SC",2007,"CI",1262,1226,NA,NA,1226,0,0,0,NA,2462.16563866369,1734187.18728739,0.96636533224366,0.000758867921263573,2379.35151544616,1625407.91107578,1274.91486424615,2498.83313392245,NA,3605.35151544616,1625407.91107578,1274.91486424615,2498.83313392245
"82","SC",2008,"CI",737,689,NA,NA,689,0,0,0,NA,1437.88912495653,591442.105286369,0.96636533224366,0.000758867921263573,1389.52620196816,554343.085869234,744.542198850565,1459.30270974711,NA,2078.52620196816,554343.085869234,744.542198850565,1459.30270974711
"83","SC",2009,"CI",605,538,NA,NA,538,0,0,0,NA,1180.3567443673,398554.771327972,1,0,1180.3567443673,398554.771327972,631.311944547204,1237.37141131252,NA,1718.3567443673,398554.771327972,631.311944547204,1237.37141131252
"84","SC",2010,"CI",690,546,NA,NA,546,0,0,0,NA,1346.1919894437,518412.476276887,0.993939393939394,3.67309458218552e-05,1338.03325011374,512233.337274265,715.704783604431,1402.78137586468,NA,1884.03325011374,512233.337274265,715.704783604431,1402.78137586468
"85","SC",2011,"CI",862,640,NA,NA,640,0,0,0,NA,3933.12558139535,11556848.9704225,0.94,0.000378523489932886,3697.13804651163,10221861.8494308,3197.16465785401,6266.44272939387,NA,4337.13804651163,10221861.8494308,3197.16465785401,6266.44272939387
"86","SC",2012,"CI",344,298,NA,NA,298,0,0,0,NA,547.436307692308,207052.598682298,0.984126984126984,0.000251952632905015,538.746842490842,200659.342011694,447.950155722369,877.982305215842,NA,836.746842490842,200659.342011694,447.950155722369,877.982305215842
"87","SC",2013,"CI",564,460,NA,NA,460,0,0,0,NA,834.858902001026,376691.774003759,0.91025641025641,0.00106090490705875,759.935667206062,313253.345924638,559.69040185145,1096.99318762884,NA,1219.93566720606,313253.345924638,559.69040185145,1096.99318762884
"88","SC",2014,"CI",351,287,NA,NA,287,0,0,0,NA,720.523424878837,414487.872746563,0.966942148760331,0.000266375247592378,696.704468684495,387785.376227993,622.724157414816,1220.53934853304,NA,983.704468684495,387785.376227993,622.724157414816,1220.53934853304
"89","SC",2015,"CI",609,486,NA,NA,486,0,0,0,NA,1152.66067761807,990408.275532107,0.962025316455696,0.000232691764038304,1108.88875315156,917155.258759931,957.682232663805,1877.05717602106,NA,1594.88875315156,917155.258759931,957.682232663805,1877.05717602106
"90","SC",2016,"CI",441,355,NA,NA,355,0,0,0,NA,588.200600436681,143523.432631461,0.981308411214953,0.000173039748054127,577.206196690201,138292.917775091,371.877557503932,728.880012707708,NA,932.206196690201,138292.917775091,371.877557503932,728.880012707708
"91","SC",2017,"CI",256,228,NA,NA,228,0,0,0,NA,415.616851441242,116443.014775311,0.925925925925926,0.000857338820301783,384.83041800115,100079.042487387,316.352718476367,620.051328213679,NA,612.83041800115,100079.042487387,316.352718476367,620.051328213679
"92","SC",2018,"CI",378,342,NA,NA,342,0,0,0,NA,1080.49140546006,1139629.68717722,0.95906432748538,0.00023094084253174,1036.26076313129,1048769.18431625,1024.09432393518,2007.22487491295,NA,1378.26076313129,1048769.18431625,1024.09432393518,2007.22487491295
"93","SC",2019,"CI",348,306,NA,NA,306,0,0,0,NA,547.291139240506,271302.844059131,0.973684210526316,0.000112877835674277,532.888740839441,257276.063963441,507.223879528005,994.158803874891,NA,838.888740839441,257276.063963441,507.223879528005,994.158803874891
"94","SC",2020,"CI",204,187,NA,NA,187,0,0,0,NA,1210.53924914676,2273424.86038658,0.947368421052632,0.000664819944598339,1146.8266570864,2042900.20497906,1429.30059993658,2801.42917587569,NA,1333.8266570864,2042900.20497906,1429.30059993658,2801.42917587569
"95","SC",2021,"CI",445,401,NA,NA,401,0,0,0,NA,640.737489025461,632576.579077663,0.926829268292683,0.000837244144799171,593.854258121159,544264.53097184,737.742862365906,1445.97601023718,NA,994.854258121159,544264.53097184,737.742862365906,1445.97601023718
"96","SC",2022,"CI",322,301,NA,NA,301,0,0,0,NA,581.70030850595,428659.744684414,0.945945945945946,0.000464838302676141,550.257048586709,383927.173423048,619.618570915243,1214.45239899388,NA,851.257048586709,383927.173423048,619.618570915243,1214.45239899388
"97","SC",1999,"EASTSIDE",434,301,0.970588235294118,0.00149378635823592,301,135.338537842533,11.6335092660183,22.8016781613958,NA,162.859496047015,70201.7233726159,NA,NA,NA,NA,0,0,NA,NA,NA,NA,NA
"98","SC",2000,"EASTSIDE",1194,1035,0.970588235294118,0.00149378635823592,1035,1600.18129160127,40.0022660808269,78.4044415184207,NA,448.051240276811,531345.452770513,NA,NA,NA,NA,0,0,NA,NA,NA,NA,NA
"99","SC",2001,"EASTSIDE",548,385,0.970588235294118,0.00149378635823592,385,221.416482949519,14.8800699914187,29.1649371831806,NA,205.638257681484,111925.600117278,NA,NA,NA,NA,0,0,NA,NA,NA,NA,NA
"100","SC",2002,"EASTSIDE",736,695,0.970588235294118,0.00149378635823592,695,721.536155686905,26.8614250494441,52.6483930969105,NA,276.185689148855,201894.24676704,NA,NA,NA,NA,0,0,NA,NA,NA,NA,NA
"101","SC",2003,"EASTSIDE",878,834,0.970588235294118,0.00149378635823592,834,1039.01206418914,32.233710059333,63.1780717162926,NA,329.471515044422,287314.369175262,NA,NA,NA,NA,0,0,NA,NA,NA,NA,NA
"102","SC",2004,"EASTSIDE",453,420,0.970588235294118,0.00149378635823592,420,263.503913592816,16.2328036270022,31.8162951089243,NA,169.98928965276,76482.9655098385,NA,NA,NA,NA,0,0,NA,NA,NA,NA,NA
"103","SC",2005,"EASTSIDE",744,697,0.970588235294118,0.00149378635823592,697,725.694856908234,26.9387241143346,52.7998992640959,NA,279.187707509169,206307.105421565,NA,NA,NA,NA,0,0,NA,NA,NA,NA,NA
"104","SC",2006,"EASTSIDE",822,795,NA,NA,795,0,0,0,NA,308.457386522227,251832.600263876,NA,NA,NA,NA,0,0,NA,NA,NA,NA,NA
"105","SC",2007,"EASTSIDE",2661,2611,NA,NA,2611,0,0,0,NA,998.546357099325,2639113.47270778,NA,NA,NA,NA,0,0,NA,NA,NA,NA,NA
"106","SC",2008,"EASTSIDE",902,786,NA,NA,786,0,0,0,NA,338.477570125363,303236.44026659,NA,NA,NA,NA,0,0,NA,NA,NA,NA,NA
"107","SC",2009,"EASTSIDE",637,604,NA,NA,604,0,0,0,NA,239.035711939974,151233.213123994,NA,NA,NA,NA,0,0,NA,NA,NA,NA,NA
"108","SC",2010,"EASTSIDE",1209,1014,NA,NA,1014,0,0,0,NA,453.680024702399,544779.700253821,NA,NA,NA,NA,0,0,NA,NA,NA,NA,NA
"109","SC",2011,"EASTSIDE",491,489,NA,NA,489,0,0,0,NA,71.087542087542,14775.8886749292,NA,NA,NA,NA,0,0,NA,NA,NA,NA,NA
"110","SC",2012,"EASTSIDE",540,524,NA,NA,524,0,0,0,NA,458.470588235294,1490481.06812281,NA,NA,NA,NA,0,0,NA,NA,NA,NA,NA
"111","SC",2013,"EASTSIDE",635,628,NA,NA,628,0,0,0,NA,47.3701605288007,68725.1189085319,NA,NA,NA,NA,0,0,NA,NA,NA,NA,NA
"112","SC",2014,"EASTSIDE",835,825,NA,NA,825,0,0,0,NA,34.0652104079666,3250.74242732813,NA,NA,NA,NA,0,0,NA,NA,NA,NA,NA
"113","SC",2015,"EASTSIDE",769,758,NA,NA,758,0,0,0,NA,51.5452898550725,68872.7351033432,NA,NA,NA,NA,0,0,NA,NA,NA,NA,NA
"114","SC",2016,"EASTSIDE",1006,996,NA,NA,996,0,0,0,NA,738.602917341977,1565888.80413708,NA,NA,NA,NA,0,0,NA,NA,NA,NA,NA
"115","SC",2017,"EASTSIDE",745,745,NA,NA,745,0,0,0,NA,808.650485436893,3209969.22588526,NA,NA,NA,NA,0,0,NA,NA,NA,NA,NA
"116","SC",2018,"EASTSIDE",730,659,NA,NA,659,0,0,0,NA,218.115746971736,204519.581919291,NA,NA,NA,NA,0,0,NA,NA,NA,NA,NA
"117","SC",2019,"EASTSIDE",675,675,NA,NA,675,0,0,0,NA,437.387892376682,2196614.67277969,NA,NA,NA,NA,0,0,NA,NA,NA,NA,NA
"118","SC",2020,"EASTSIDE",339,336,NA,NA,336,0,0,0,NA,60.5736677115987,19870.2791125859,NA,NA,NA,NA,0,0,NA,NA,NA,NA,NA
"119","SC",2021,"EASTSIDE",693,678,NA,NA,678,0,0,0,NA,85.1911846754696,15324.4256291858,NA,NA,NA,NA,0,0,NA,NA,NA,NA,NA
"120","SC",2022,"EASTSIDE",281,271,NA,NA,271,0,0,0,NA,113.510010822511,23962.7781794964,NA,NA,NA,NA,0,0,NA,NA,NA,NA,NA
"121","SC",1999,"NG",3209,3084,0.779445229375175,0.00810818733946347,3084,77117.4238441281,277.700240986802,544.292472334133,NA,3707.31759627751,2137459.19177732,0.613332720275074,0.00158103796343368,2273.81918624853,829172.553494907,910.589124410624,1784.75468384482,NA,5357.81918624853,906289.977339035,951.992635128568,1865.90556485199
"122","SC",2000,"NG",6487,5410,0.779445229375175,0.00810818733946347,5410,237311.237870151,487.146012885409,954.806185255401,NA,7494.35003024375,8734663.80244102,0.823529411764706,0.00107650903498654,6171.81767196544,5993720.41399657,2448.20759209602,4798.48688050819,NA,11581.8176719654,6231031.65186672,2496.20344761134,4892.55875731822
"123","SC",2001,"NG",5305,5021,0.779445229375175,0.00810818733946347,5021,204410.978538491,452.118323603999,886.151914263839,NA,6128.80020201065,5841564.47171638,0.783132530120482,0.00102930891143984,4799.66280880352,3627287.26720165,1904.54384753979,3732.90594117798,NA,9820.66280880352,3831698.24574014,1957.47241251062,3836.64592852081
"124","SC",2002,"NG",3882,3608,0.779445229375175,0.00810818733946347,3608,105549.658434189,324.884069221914,636.772775674951,NA,4484.82608561835,3128019.55830498,0.893290646613033,0.00034288657297375,4006.25319396901,2504029.33341237,1582.41250418858,3101.52850820961,NA,7614.25319396901,2609578.99184656,1615.41913813306,3166.2215107408
"125","SC",2003,"NG",4229,3621,0.779445229375175,0.00810818733946347,3621,106311.64155579,326.054660380419,639.067134345621,NA,4885.71084906749,3712220.52860728,0.877220427392964,0.000351976304436176,4285.84535913743,2866320.24589296,1693.02104118436,3318.32124072134,NA,7906.84535913743,2972631.88744875,1724.1322128679,3379.29913722108
"126","SC",2004,"NG",4972,4578,0.779445229375175,0.00810818733946347,4578,169932.071348212,412.228178741109,807.967230332574,NA,5744.0894635998,5131220.02795985,0.771351397291179,0.000401750385394361,4430.71143391325,3068305.62187021,1751.65796372186,3433.24960889484,NA,9008.71143391325,3238237.69321842,1799.51040375387,3527.04039135759
"127","SC",2005,"NG",4991,4462,0.779445229375175,0.00810818733946347,4462,161429.501776557,401.782903788298,787.494491425065,NA,5766.03992615177,5170511.84644072,0.752848231668428,0.000765710994823658,4340.95296213292,2959961.95931734,1720.45399802417,3372.08983612737,NA,8802.95296213292,3121391.4610939,1766.74600921975,3462.8221780707
"128","SC",2006,"NG",3683,3243,NA,NA,3243,0,0,0,NA,4254.92387257403,2815540.86738677,0.694638460708106,0.000682044596826942,2955.633769275,1372830.39172272,1171.67845065219,2296.4897632783,NA,6198.633769275,1372830.39172272,1171.67845065219,2296.4897632783
"129","SC",2007,"NG",3175,2816,NA,NA,2816,0,0,0,NA,3668.03782118451,2092405.5197583,0.788821231281846,0.000653263907297404,2893.42611049514,1312132.41523569,1145.48348536139,2245.14763130833,NA,5709.42611049514,1312132.41523569,1145.48348536139,2245.14763130833
"130","SC",2008,"NG",2762,2366,NA,NA,2366,0,0,0,NA,3190.90408255484,1583455.07484616,0.762557077625571,0.00083056780270055,2433.24649217652,930540.410800647,964.645225355232,1890.70464169626,NA,4799.24649217652,930540.410800647,964.645225355232,1890.70464169626
"131","SC",2009,"NG",1655,1435,NA,NA,1435,0,0,0,NA,1912.00081702689,568531.319115232,0.803241313825112,0.000285795127648499,1535.79804830336,368021.75696576,606.647967907056,1189.03001709783,NA,2970.79804830336,368021.75696576,606.647967907056,1189.03001709783
"132","SC",2010,"NG",1667,1370,NA,NA,1370,0,0,0,NA,1925.86426705971,576805.77170519,0.776003089029436,0.000318939990543503,1494.47662028974,348708.257612878,590.515247570186,1157.40988523757,NA,2864.47662028974,348708.257612878,590.515247570186,1157.40988523757
"133","SC",2011,"NG",1572,1223,NA,NA,1223,0,0,0,NA,2275.67840909091,892264.959117483,0.553914191193621,0.000640137979243362,1260.53056538838,277651.828703126,526.92677736392,1032.77648363328,NA,2483.53056538838,277651.828703126,526.92677736392,1032.77648363328
"134","SC",2012,"NG",1193,860,NA,NA,860,0,0,0,NA,949.130104681928,240497.985542594,0.649187133690906,0.000437127061691155,616.16305215821,101855.330476006,319.147819162228,625.529725557966,NA,1476.16305215821,101855.330476006,319.147819162228,625.529725557966
"135","SC",2013,"NG",1672,1258,NA,NA,1258,0,0,0,NA,2602.96202531646,2110427.89504745,0.848380583988944,0.000199427858448871,2208.30244313902,1520751.7494387,1233.1876375632,2417.04776962387,NA,3466.30244313902,1520751.7494387,1233.1876375632,2417.04776962387
"136","SC",2014,"NG",1570,1220,NA,NA,1220,0,0,0,NA,3083.28812107367,2945178.43906103,0.749569693139111,0.000355520773231913,2311.13933077266,1659189.31081381,1288.09522583302,2524.66664263271,NA,3531.13933077266,1659189.31081381,1288.09522583302,2524.66664263271
"137","SC",2015,"NG",2088,1742,NA,NA,1742,0,0,0,NA,1923.77528089888,1041844.51753997,0.79665457230252,0.000313945861883738,1532.58437361065,662704.455195133,814.066615944379,1595.57056725098,NA,3274.58437361065,662704.455195133,814.066615944379,1595.57056725098
"138","SC",2016,"NG",2900,2162,NA,NA,2162,0,0,0,NA,2935.53144997659,2018848.2847185,0.766303231415356,0.000397961308750531,2249.50723603846,1189742.18017468,1090.75303353907,2137.87594573657,NA,4411.50723603846,1189742.18017468,1090.75303353907,2137.87594573657
"139","SC",2017,"NG",1281,859,NA,NA,859,0,0,0,NA,1309.54128440367,666136.047787057,0.808467479649982,0.000730414216973529,1058.72154169943,437138.762226965,661.164701286272,1295.88281452109,NA,1917.72154169943,437138.762226965,661.164701286272,1295.88281452109
"140","SC",2018,"NG",2876,1955,NA,NA,1955,0,0,0,NA,2808.95900214702,2622776.24162904,0.700557866200659,0.000574730252890517,1967.83832478925,1293251.75076755,1137.21227163953,2228.93605241348,NA,3922.83832478925,1293251.75076755,1137.21227163953,2228.93605241348
"141","SC",2019,"NG",3435,2629,NA,NA,2629,0,0,0,NA,3945.75703356367,2905309.87921552,0.707010912501231,0.00057700969945796,2789.693280808,1462920.9230622,1209.51267999232,2370.64485278494,NA,5418.693280808,1462920.9230622,1209.51267999232,2370.64485278494
"142","SC",2020,"NG",1464,1008,NA,NA,1008,0,0,0,NA,1757.73372309328,866649.66309017,0.662098872240623,0.000847439225826962,1163.79351575937,383270.178543378,619.088183172138,1213.41283901739,NA,2171.79351575937,383270.178543378,619.088183172138,1213.41283901739
"143","SC",2021,"NG",2146,1540,NA,NA,1540,0,0,0,NA,2319.75365011946,1685346.16150104,0.742895295483153,0.00113018861202457,1723.33407335362,938118.051456344,968.564944366842,1898.38729095901,NA,3263.33407335362,938118.051456344,968.564944366842,1898.38729095901
"144","SC",2022,"NG",1529,1057,NA,NA,1057,0,0,0,NA,1738.23157894737,1240576.64629284,0.800626380681699,0.000506742156311817,1391.67405783927,797372.605641169,892.957224978425,1750.19616095771,NA,2448.67405783927,797372.605641169,892.957224978425,1750.19616095771
"145","SC",1999,"NORTHEAS",1736,NA,NA,NA,NA,NA,NA,NA,NA,3114.84339965888,3312896.09508709,NA,NA,NA,NA,0,0,NA,NA,NA,NA,NA
"146","SC",2000,"NORTHEAS",2051,NA,NA,NA,NA,NA,NA,NA,NA,3680.03675846795,4624232.84448379,NA,NA,NA,NA,0,0,NA,NA,NA,NA,NA
"147","SC",2001,"NORTHEAS",1891,NA,NA,NA,NA,NA,NA,NA,NA,3392.95441748556,3930894.88833515,NA,NA,NA,NA,0,0,NA,NA,NA,NA,NA
"148","SC",2002,"NORTHEAS",1913,NA,NA,NA,NA,NA,NA,NA,NA,3432.42823937064,4022891.44286675,NA,NA,NA,NA,0,0,NA,NA,NA,NA,NA
"149","SC",2003,"NORTHEAS",3121,NA,NA,NA,NA,NA,NA,NA,NA,5599.89991378765,10707692.9897857,NA,NA,NA,NA,0,0,NA,NA,NA,NA,NA
"150","SC",2004,"NORTHEAS",1756,NA,NA,NA,NA,NA,NA,NA,NA,3150.72869228167,3389669.8185419,NA,NA,NA,NA,0,0,NA,NA,NA,NA,NA
"151","SC",2005,"NORTHEAS",4080,NA,NA,NA,NA,NA,NA,NA,NA,7320.59969505082,18299056.5595394,NA,NA,NA,NA,0,0,NA,NA,NA,NA,NA
"152","SC",2006,"NORTHEAS",1667,NA,NA,NA,NA,0,0,0,NA,2991.03914011022,3054777.42837382,NA,NA,NA,NA,0,0,NA,NA,NA,NA,NA
"153","SC",2007,"NORTHEAS",1731,NA,NA,NA,NA,0,0,0,NA,3105.87207650318,3293840.07423816,NA,NA,NA,NA,0,0,NA,NA,NA,NA,NA
"154","SC",2008,"NORTHEAS",1565,NA,NA,NA,NA,0,0,0,NA,2808.02414773395,2692384.34748882,NA,NA,NA,NA,0,0,NA,NA,NA,NA,NA
"155","SC",2009,"NORTHEAS",1317,NA,NA,NA,NA,0,0,0,NA,2363.04651921126,1906689.27292982,NA,NA,NA,NA,0,0,NA,NA,NA,NA,NA
"156","SC",2010,"NORTHEAS",975,NA,NA,NA,NA,0,0,0,NA,1749.40801536141,1045003.16236016,NA,NA,NA,NA,0,0,NA,NA,NA,NA,NA
"157","SC",2011,"NORTHEAS",1219,NA,NA,NA,NA,0,0,0,NA,2616.67981495009,2544045.9494767,NA,NA,NA,NA,0,0,NA,NA,NA,NA,NA
"158","SC",2012,"NORTHEAS",898,NA,NA,NA,NA,0,0,0,NA,4246.1969775925,24972801.1999943,NA,NA,NA,NA,0,0,NA,NA,NA,NA,NA
"159","SC",2013,"NORTHEAS",624,NA,NA,NA,NA,0,0,0,NA,1016.98723404255,459340.411226593,NA,NA,NA,NA,0,0,NA,NA,NA,NA,NA
"160","SC",2014,"NORTHEAS",958,NA,NA,NA,NA,0,0,0,NA,1259.27149321267,1496236.16432664,NA,NA,NA,NA,0,0,NA,NA,NA,NA,NA
"161","SC",2015,"NORTHEAS",836,NA,NA,NA,NA,0,0,0,NA,1832.11676753293,3448525.28475836,NA,NA,NA,NA,0,0,NA,NA,NA,NA,NA
"162","SC",2016,"NORTHEAS",943,NA,NA,NA,NA,0,0,0,NA,1392.97305009512,2173555.29623333,NA,NA,NA,NA,0,0,NA,NA,NA,NA,NA
"163","SC",2017,"NORTHEAS",461,NA,NA,NA,NA,0,0,0,NA,617.310911224091,430226.763672178,NA,NA,NA,NA,0,0,NA,NA,NA,NA,NA
"164","SC",2018,"NORTHEAS",461,NA,NA,NA,NA,0,0,0,NA,653.122735042735,350972.719664972,NA,NA,NA,NA,0,0,NA,NA,NA,NA,NA
"165","SC",2019,"NORTHEAS",1483,NA,NA,NA,NA,0,0,0,NA,3667.09830744262,6276046.85379077,NA,NA,NA,NA,0,0,NA,NA,NA,NA,NA
"166","SC",2020,"NORTHEAS",222,NA,NA,NA,NA,0,0,0,NA,693.173770491803,242030.157540037,NA,NA,NA,NA,0,0,NA,NA,NA,NA,NA
"167","SC",2021,"NORTHEAS",921,NA,NA,NA,NA,0,0,0,NA,1068.29797979798,815518.773068042,NA,NA,NA,NA,0,0,NA,NA,NA,NA,NA
"168","SC",2022,"NORTHEAS",592,NA,NA,NA,NA,0,0,0,NA,549.263565891473,203454.476659725,NA,NA,NA,NA,0,0,NA,NA,NA,NA,NA
"169","SC",1999,"PWSI",1069,926,0.599730661164571,0.0187030336164465,926,16037.4024532961,126.638866282418,248.212177913539,NA,4538.31966520129,4601365.12224497,0.485663140815049,0.00129427178481197,2204.09458262436,1117930.63253329,1057.32238817368,2072.35188082041,NA,3130.09458262436,1133968.03498659,1064.87935231489,2087.16353053719
"170","SC",2000,"PWSI",913,787,0.599730661164571,0.0187030336164465,787,11584.0792279849,107.629360436569,210.953546455675,NA,3876.03915278651,3356393.26471993,0.700739493002267,0.00119149804516587,2716.09371078055,1670009.19700682,1292.28835675588,2532.88517924153,NA,3503.09371078055,1681593.27623481,1296.7626136787,2541.65472281025
"171","SC",2001,"PWSI",1120,889,0.599730661164571,0.0187030336164465,889,14781.4002307836,121.578781992516,238.29441270533,NA,4754.83444810612,5050883.26373064,0.0769502197908072,0.000293507782913032,365.885555850667,38026.2083148502,195.003098218593,382.206072508442,NA,1254.88555585067,52807.6085456338,229.799061237495,450.406160025489
"172","SC",2002,"PWSI",1080,922,0.599730661164571,0.0187030336164465,922,15899.1496288033,126.091830142969,247.139987080219,NA,4585.01893210233,4696548.34089239,0.313628280585146,0.00112117490730391,1437.9916041256,490800.605856498,700.571627927151,1373.12039073722,NA,2359.9916041256,506699.755485302,711.828459311161,1395.18378024988
"173","SC",2003,"PWSI",1926,1610,0.599730661164571,0.0187030336164465,1610,48480.133437191,220.182046128178,431.556810411228,NA,8176.61709558249,14936328.3207992,0.628704953072876,0.000615923575341712,5140.67966737306,5954259.75142172,2440.13519121825,4782.66497478777,NA,6750.67966737306,6002739.88485891,2450.04895560454,4802.0959529849
"174","SC",2004,"PWSI",1703,1434,0.599730661164571,0.0187030336164465,1434,38460.0953953815,196.112455992427,384.380413745156,NA,7229.89559386136,11677787.8662476,0.514017680037821,0.00103224588696842,3716.29416007228,3151448.36761224,1775.2319193875,3479.45456199951,NA,5150.29416007228,3189908.46300762,1786.03148432709,3500.62170928109
"175","SC",2005,"PWSI",2399,2068,0.599730661164571,0.0187030336164465,2068,79985.8424369019,282.817684095075,554.322660826348,NA,10184.6855723273,23173507.9801545,0.178663337307568,0.000529757217363502,1819.62991378023,806938.897517647,898.297777753929,1760.6636443977,NA,3887.62991378023,886924.739954549,941.766818248843,1845.86296376773
"176","SC",2006,"PWSI",974,731,NA,NA,731,0,0,0,NA,4135.00781469229,3819875.423392,0.553789149608463,0.000742062244397593,2289.92246132279,1187011.22794643,1089.50044880506,2135.42087965792,NA,3020.92246132279,1187011.22794643,1089.50044880506,2135.42087965792
"177","SC",2007,"PWSI",2121,1791,NA,NA,1791,0,0,0,NA,9004.46773610096,18113927.4046815,0.675882982992574,0.000691057338465722,6085.96651373631,8343313.58269429,2888.47945858964,5661.41973883569,NA,7876.96651373631,8343313.58269429,2888.47945858964,5661.41973883569
"178","SC",2008,"PWSI",1254,979,NA,NA,979,0,0,0,NA,5323.71642671882,6331787.90365804,0.654524362783427,0.000425041769372887,3484.5021018378,2727289.28701686,1651.45066139345,3236.84329633116,NA,4463.5021018378,2727289.28701686,1651.45066139345,3236.84329633116
"179","SC",2009,"PWSI",721,603,NA,NA,603,0,0,0,NA,3060.92467596831,2093157.05253587,0.570204621109564,0.00051270148781352,1745.35339510543,686431.878915276,828.511845971605,1623.88321810434,NA,2348.35339510543,686431.878915276,828.511845971605,1623.88321810434
"180","SC",2010,"PWSI",749,588,NA,NA,588,0,0,0,NA,3179.79553717097,2258889.15962703,0.685040243621592,0.000464000232775187,2178.28790945045,1065791.48833165,1032.37177815535,2023.44868518449,NA,2766.28790945045,1065791.48833165,1032.37177815535,2023.44868518449
"181","SC",2011,"PWSI",376,303,NA,NA,303,0,0,0,NA,1849.23851478918,1977358.22853037,0.643810135702339,0.000460479206564809,1190.55849915241,822083.385356237,906.688141179886,1777.10875671258,NA,1493.55849915241,822083.385356237,906.688141179886,1777.10875671258
"182","SC",2012,"PWSI",895,682,NA,NA,682,0,0,0,NA,3391.79151624549,8025139.90987966,0.437941173007567,0.000543374618084599,1485.40515522166,1549773.18817395,1244.89886664498,2440.00177862416,NA,2167.40515522166,1549773.18817395,1244.89886664498,2440.00177862416
"183","SC",2013,"PWSI",534,456,NA,NA,456,0,0,0,NA,2868.07121661721,7105054.96489599,0.483999041370078,0.000384221491266036,1388.14371942384,1670285.61914628,1292.39530297285,2533.09479382678,NA,1844.14371942384,1670285.61914628,1292.39530297285,2533.09479382678
"184","SC",2014,"PWSI",714,524,NA,NA,524,0,0,0,NA,2887.67368421053,7498565.55502285,0.244058137635942,0.000373469156051857,704.76026146874,452562.082282778,672.7273461684,1318.54559849006,NA,1228.76026146874,452562.082282778,672.7273461684,1318.54559849006
"185","SC",2015,"PWSI",563,464,NA,NA,464,0,0,0,NA,3102.53114100648,6796012.90221313,0.162920272550286,0.000277189547443956,505.465219088525,184938.600839986,430.044882355303,842.887969416394,NA,969.465219088525,184938.600839986,430.044882355303,842.887969416394
"186","SC",2016,"PWSI",901,720,NA,NA,720,0,0,0,NA,2899.70160167131,5851468.8366538,0.59719819414665,0.00190914691313199,1731.69656008225,2114125.03553604,1454.00310712737,2849.84608996964,NA,2451.69656008225,2114125.03553604,1454.00310712737,2849.84608996964
"187","SC",2017,"PWSI",841,589,NA,NA,589,0,0,0,NA,2812.92110376992,4853912.43058098,0.546668077960025,0.00223263144594159,1537.73417325109,1479075.00332768,1216.17227534905,2383.69765968414,NA,2126.73417325109,1479075.00332768,1216.17227534905,2383.69765968414
"188","SC",2018,"PWSI",723,364,NA,NA,364,0,0,0,NA,3495.81181959564,14276073.6687363,0.38978907125679,0.000978821198294482,1362.6292424487,2194978.28146016,1481.5459093326,2903.82998229189,NA,1726.6292424487,2194978.28146016,1481.5459093326,2903.82998229189
"189","SC",2019,"PWSI",936,444,NA,NA,444,0,0,0,NA,6636.27092511013,17989742.9391782,0.383801234753063,0.000748410908085719,2547.00897521312,2696373.88549482,1642.06391029546,3218.44526417911,NA,2991.00897521312,2696373.88549482,1642.06391029546,3218.44526417911
"190","SC",2020,"PWSI",375,141,NA,NA,141,0,0,0,NA,2763.45933562428,3878494.50871839,0.417870542013154,0.000928453252407584,1154.76825040863,687937.708951083,829.420104019117,1625.66340387747,NA,1295.76825040863,687937.708951083,829.420104019117,1625.66340387747
"191","SC",2021,"PWSI",712,322,NA,NA,322,0,0,0,NA,2375.28830313015,2735926.70504548,0.546248855369933,0.00100348600557478,1297.49851675843,824774.309999772,908.170859475117,1780.01488457123,NA,1619.49851675843,824774.309999772,908.170859475117,1780.01488457123
"192","SC",2022,"PWSI",1299,768,NA,NA,768,0,0,0,NA,4033.09928688974,10075058.4201659,0.126117994692015,0.000292340175349813,508.64639445633,167951.863650201,409.819306097457,803.245839951015,NA,1276.64639445633,167951.863650201,409.819306097457,803.245839951015
"193","SC",1999,"PWSO",748,689,0.661122484195471,0.0207544133439471,689,9852.55585705191,99.2600415930394,194.549681522357,NA,392.788175090064,125537.229387322,0.752344344040335,0.00785710708865012,295.511961934935,73255.4091359309,270.657364828543,530.488435063944,NA,984.511961934935,83107.9649929828,288.284520904232,565.037660972295
"194","SC",2000,"PWSO",1756,1670,0.661122484195471,0.0207544133439471,1670,57881.9833749341,240.586748128267,471.550026331403,NA,922.106999275605,691860.230053877,0.752344344040335,0.00785710708865012,693.741985505007,403724.890734243,635.393492832782,1245.37124595225,NA,2363.74198550501,461606.874109177,679.416568909809,1331.65647506323
"195","SC",2001,"PWSO",1756,1662,0.661122484195471,0.0207544133439471,1662,57328.7537328378,239.434236759988,469.291104049576,NA,922.106999275605,691860.230053877,0.651109204467541,0.00445423545735661,600.392354732291,300178.498776933,547.885479618627,1073.85554005251,NA,2262.39235473229,357507.252509771,597.919101977659,1171.92143987621
"196","SC",2002,"PWSO",1719,1543,0.661122484195471,0.0207544133439471,1543,49413.1242555231,222.290630156836,435.689635107398,NA,902.677637673557,663011.554676266,0.752344344040335,0.00785710708865012,679.124415195391,386890.66929945,622.005361150087,1219.13050785417,NA,2222.12441519539,436303.793554973,660.532961747537,1294.64460502517
"197","SC",2003,"PWSO",1548,1372,0.661122484195471,0.0207544133439471,1372,39067.7756080325,197.655699659869,387.405171333344,NA,812.882479999224,537664.368672532,0.916202068068087,0.00127959730893079,744.764609271604,452863.097284158,672.951036319997,1318.98403118719,NA,2116.7646092716,491930.872892191,701.377838894408,1374.70056423304
"198","SC",2004,"PWSO",1830,1662,0.661122484195471,0.0207544133439471,1662,57328.7537328378,239.434236759988,469.291104049576,NA,960.965722479702,751400.575322431,0.703603220031885,0.00386195794060459,676.138576676985,378454.705985913,615.186724487707,1205.7659799959,NA,2338.13857667699,435783.459718751,660.138970004613,1293.87238120904
"199","SC",2005,"PWSO",1432,1329,0.661122484195471,0.0207544133439471,1329,36657.2957790265,191.460951055369,375.263464068524,NA,751.968805787396,460103.333443813,0.864231013121311,0.00202303050139006,649.874762861264,345723.731523732,587.982764648533,1152.44621871113,NA,1978.87476286126,382381.027302759,618.369652637287,1212.00451916908
"200","SC",2006,"PWSO",1336,1123,NA,NA,1123,0,0,0,NA,701.557489198296,400481.31663851,0.752344344040335,0.00785710708865012,527.812809017477,233694.99904395,483.420106164349,947.503408082124,NA,1650.81280901748,233694.99904395,483.420106164349,947.503408082124
"201","SC",2007,"PWSO",925,678,NA,NA,678,0,0,0,NA,485.734040051216,191978.595138778,0.752344344040335,0.00785710708865012,365.439257740394,112026.293720743,334.703292067382,656.018452452069,NA,1043.43925774039,112026.293720743,334.703292067382,656.018452452069
"202","SC",2008,"PWSO",962,737,NA,NA,737,0,0,0,NA,505.163401653264,207644.048502103,0.752344344040335,0.00785710708865012,380.056828050009,121167.639288356,348.091423750078,682.259190550152,NA,1117.05682805001,121167.639288356,348.091423750078,682.259190550152
"203","SC",2009,"PWSO",1119,887,NA,NA,887,0,0,0,NA,587.606908991687,280950.310787515,0.743057483826949,0.001928515753088,436.625711274694,156330.03673954,395.385933917154,774.956430477622,NA,1323.62571127469,156330.03673954,395.385933917154,774.956430477622
"204","SC",2010,"PWSO",810,490,NA,NA,490,0,0,0,NA,425.345483720524,147210.701265803,0.718627641842346,0.00198237210022014,305.665021934372,76673.8623561533,276.900455680653,542.72489313408,NA,795.665021934372,76673.8623561533,276.900455680653,542.72489313408
"205","SC",2011,"PWSO",594,409,NA,NA,409,0,0,0,NA,725.362878455463,641484.026367597,0.865250793064619,0.00084486853743237,627.620805843224,481239.246290096,693.714095496189,1359.67962717253,NA,1036.62080584322,481239.246290096,693.714095496189,1359.67962717253
"206","SC",2012,"PWSO",621,502,NA,NA,502,0,0,0,NA,210.936393442623,52355.2625630312,0.739490782597044,0.000688014875182341,155.985518665083,28696.932088132,169.401688563403,332.027309584269,NA,657.985518665083,28696.932088132,169.401688563403,332.027309584269
"207","SC",2013,"PWSO",604,420,NA,NA,420,0,0,0,NA,774.186226964112,1012819.94475999,0.796352942526586,0.000497469121030166,616.525479906426,643110.148001194,801.941486644252,1571.80531382273,NA,1036.52547990643,643110.148001194,801.941486644252,1571.80531382273
"208","SC",2014,"PWSO",794,488,NA,NA,488,0,0,0,NA,498.33045622688,389455.655174838,0.778237371618777,0.000646381891515635,387.819384451593,236287.399464864,486.094023276221,952.744285621394,NA,875.819384451593,236287.399464864,486.094023276221,952.744285621394
"209","SC",2015,"PWSO",736,550,NA,NA,550,0,0,0,NA,196.130464954892,74505.0834467905,0.769156051325152,0.000887775100175261,150.854933969271,44177.578147583,210.18462871386,411.961872279165,NA,700.854933969271,44177.578147583,210.18462871386,411.961872279165
"210","SC",2016,"PWSO",1017,745,NA,NA,745,0,0,0,NA,262.797435897436,105363.492228585,0.599936191987267,0.00108113854743732,157.661692956326,38111.3686447735,195.221332453125,382.633811608125,NA,902.661692956326,38111.3686447735,195.221332453125,382.633811608125
"211","SC",2017,"PWSO",669,398,NA,NA,398,0,0,0,NA,403.408673894912,436676.901026332,0.776615895138175,0.00124808378817918,313.293588383402,264122.041936523,513.92805132287,1007.29898059283,NA,711.293588383402,264122.041936523,513.92805132287,1007.29898059283
"212","SC",2018,"PWSO",1046,546,NA,NA,546,0,0,0,NA,281.24095139607,349345.971691032,0.633299155602204,0.00207349406353339,178.109657039892,140999.800326946,375.499401233805,735.978826418258,NA,724.109657039892,140999.800326946,375.499401233805,735.978826418258
"213","SC",2019,"PWSO",1837,689,NA,NA,689,0,0,0,NA,729.573826458037,635636.56754389,0.729995345387075,0.000804498535103183,532.585497430605,339665.992773497,582.808710275934,1142.30507214083,NA,1221.5854974306,339665.992773497,582.808710275934,1142.30507214083
"214","SC",2020,"PWSO",854,452,NA,NA,452,0,0,0,NA,412.656330749354,185736.582909414,0.742772561836163,0.00109177990411147,306.509799948609,102861.627975181,320.72048262495,628.612145944902,NA,758.509799948609,102861.627975181,320.72048262495,628.612145944902
"215","SC",2021,"PWSO",734,360,NA,NA,360,0,0,0,NA,373.930907415937,97169.5458502767,0.724720478515419,0.00246297168562718,270.995386154183,51619.0759047738,227.198318446184,445.308704154521,NA,630.995386154183,51619.0759047738,227.198318446184,445.308704154521
"216","SC",2022,"PWSO",664,337,NA,NA,337,0,0,0,NA,532.986547085202,699615.77082738,0.755133736448644,0.00165095336183709,402.47612277731,400563.801135754,632.901099016074,1240.4861540715,NA,739.47612277731,400563.801135754,632.901099016074,1240.4861540715
"217","SE",1999,"CSEO",8490,7112,0.747799087415838,0.0058048551910895,7112,293612.733406531,541.86043720365,1062.04645691915,NA,4688.87797836018,7342918.28710001,0.606261752546111,0.00136736599011768,2842.68738063551,2739016.72715796,1654.99750065006,3243.79510127413,NA,9954.68738063551,3032629.46056449,1741.4446475741,3413.23150924524
"218","SE",2000,"CSEO",6035,4890,0.747799087415838,0.0058048551910895,4890,138806.277814851,372.56714537765,730.231604940195,NA,3333.02457001221,3710290.0674539,0.606261752546111,0.00136736599011768,2020.68531709485,1383992.870412,1176.43226341851,2305.80723630028,NA,6910.68531709485,1522799.14822685,1234.01748295024,2418.67426658247
"219","SE",2001,"CSEO",5594,4504,0.747799087415838,0.0058048551910895,4504,117757.385284125,343.157959668903,672.58960095105,NA,3089.46801071223,3187852.64892282,0.606261752546111,0.00136736599011768,1873.02629060954,1189116.01460335,1090.46596214799,2137.31328581007,NA,6377.02629060954,1306873.39988747,1143.18563666951,2240.64384787224
"220","SE",2002,"CSEO",6354,5038,0.747799087415838,0.0058048551910895,5038,147335.606960747,383.843206219346,752.332684189918,NA,3509.20267073034,4112896.0748843,0.606261752546111,0.00136736599011768,2127.49536119647,1534170.84403093,1238.61650402008,2427.68834787936,NA,7165.49536119647,1681506.45099168,1296.72913555287,2541.58910568362
"221","SE",2003,"CSEO",8201,6652,0.747799087415838,0.0058048551910895,6652,256859.641055459,506.813221074055,993.353913305148,NA,4529.26835106382,6851520.13978104,0.606261752546111,0.00136736599011768,2745.92216826759,2555717.97690962,1598.66130775397,3133.37616319777,NA,9397.92216826759,2812577.61796508,1677.07412417134,3287.06528337583
"222","SE",2004,"CSEO",7046,5841,0.747799087415838,0.0058048551910895,5841,198045.875718709,445.023455245574,872.245972281324,NA,3891.38212432577,5057531.45542096,0.606261752546111,0.00136736599011768,2359.19614652035,1886533.76122431,1373.51147109309,2692.08248334246,NA,8200.19614652035,2084579.63694302,1443.80734065976,2829.86238769314
"223","SE",2005,"CSEO",8114,6379,0.747799087415838,0.0058048551910895,6379,236209.0834928,486.013460197143,952.586381986401,NA,4481.21977814069,6706923.01892104,0.606261752546111,0.00136736599011768,2716.79215623987,2501781.12002941,1581.70196940808,3100.13586003984,NA,9095.79215623987,2737990.20352221,1654.68734313229,3243.18719253929
"224","SE",2006,"CSEO",5240,4055,NA,NA,4055,0,0,0,NA,2893.96002433538,2797150.85245272,0.561776061776062,0.00047617740462561,1625.75746540848,888079.32088339,942.379605511171,1847.0640268019,NA,5680.75746540848,888079.32088339,942.379605511171,1847.0640268019
"225","SE",2007,"CSEO",5145,4075,NA,NA,4075,0,0,0,NA,2841.49319183311,2696646.83526773,0.629213483146067,0.000657194016262707,1787.90582856915,1074706.84934001,1036.68068822565,2031.89414892228,NA,5862.90582856915,1074706.84934001,1036.68068822565,2031.89414892228
"226","SE",2008,"CSEO",4496,3377,NA,NA,3377,0,0,0,NA,2483.06188347554,2059235.04187886,0.619771863117871,0.000448866096771951,1538.93188975861,794679.368769913,891.447905808249,1747.23789538417,NA,4915.93188975861,794679.368769913,891.447905808249,1747.23789538417
"227","SE",2009,"CSEO",2028,1556,NA,NA,1556,0,0,0,NA,1120.02880331148,418976.06752061,0.605128205128205,0.00061426236628926,677.761019439766,154448.648581387,392.999552902274,770.279123688458,NA,2233.76101943977,154448.648581387,392.999552902274,770.279123688458
"228","SE",2010,"CSEO",2413,1525,NA,NA,1525,0,0,0,NA,1332.65754555749,593154.676367009,0.654565456545655,0.00024901929476083,872.311594726852,254730.601874644,504.708432537682,989.228527773856,NA,2397.31159472685,254730.601874644,504.708432537682,989.228527773856
"229","SE",2011,"CSEO",3363,2305,NA,NA,2305,0,0,0,NA,1640.24034593725,1713584.96833279,0.570028011204482,0.00034375326458169,934.982942291961,558312.357295744,747.20302280956,1464.51792470674,NA,3239.98294229196,558312.357295744,747.20302280956,1464.51792470674
"230","SE",2012,"CSEO",3615,1740,NA,NA,1740,0,0,0,NA,1878.69473901666,984669.711349431,0.61136023916293,0.000355686971756849,1148.55926495937,369637.101962527,607.977879500996,1191.63664382195,NA,2888.55926495937,369637.101962527,607.977879500996,1191.63664382195
"231","SE",2013,"CSEO",3645,2144,NA,NA,2144,0,0,0,NA,1123.55561704483,578647.089839533,0.638344226579521,0.000251756679358903,717.215241381556,236252.545733706,486.058171141794,952.674015437917,NA,2861.21524138156,236252.545733706,486.058171141794,952.674015437917
"232","SE",2014,"CSEO",2622,1508,NA,NA,1508,0,0,0,NA,3265.00607952678,5538426.38296565,0.623584905660377,0.000221649453345529,2036.00850808227,2157252.58274254,1468.7588579282,2878.76736153927,NA,3544.00850808227,2157252.58274254,1468.7588579282,2878.76736153927
"233","SE",2015,"CSEO",3178,1623,NA,NA,1623,0,0,0,NA,1201.02672548002,773658.924890229,0.611059044048735,0.000222951115136005,733.898242748804,289373.034445289,537.934042839165,1054.35072396476,NA,2356.8982427488,289373.034445289,537.934042839165,1054.35072396476
"234","SE",2016,"CSEO",3587,1652,NA,NA,1652,0,0,0,NA,3568.6110221083,3499836.0048138,0.546928327645051,0.000211612068372706,1951.77445833739,1050343.512528,1024.8626798396,2008.73085248561,NA,3603.77445833739,1050343.512528,1024.8626798396,2008.73085248561
"235","SE",2017,"CSEO",5317,2001,NA,NA,2001,0,0,0,NA,2561.43215258856,4371531.43065873,0.532722513089005,0.000326250638449725,1364.53257343396,1244177.94967911,1115.42724983708,2186.23740968067,NA,3365.53257343396,1244177.94967911,1115.42724983708,2186.23740968067
"236","SE",2018,"CSEO",5432,1905,NA,NA,1905,0,0,0,NA,2198.90431095406,1795545.67996348,0.634860050890585,0.000295302887482533,1395.99650275582,725647.882485705,851.849683034339,1669.62537874731,NA,3300.99650275582,725647.882485705,851.849683034339,1669.62537874731
"237","SE",2019,"CSEO",6082,2280,NA,NA,2280,0,0,0,NA,4129.68202895808,6461933.03596563,0.648322147651007,0.000306452339403485,2677.36432212987,2723296.67543059,1650.2413991385,3234.47314231146,NA,4957.36432212987,2723296.67543059,1650.2413991385,3234.47314231146
"238","SE",2020,"CSEO",4441,1127,NA,NA,1127,0,0,0,NA,9569.96347607053,31121567.4321015,0.940540540540541,0.000151555642656499,9000.93862073661,27549249.0693122,5248.7378548859,10287.5261955764,NA,10127.9386207366,27549249.0693122,5248.7378548859,10287.5261955764
"239","SE",2021,"CSEO",9236,2091,NA,NA,2091,0,0,0,NA,6688.93731496975,13073339.323194,0.959574468085106,8.27106786445449e-05,6418.53346606672,12042492.6273839,3470.22947762592,6801.6497761468,NA,8509.53346606672,12042492.6273839,3470.22947762592,6801.6497761468
"240","SE",2022,"CSEO",8546,2249,NA,NA,2249,0,0,0,NA,4624.7180385289,9055878.80232562,0.92695652173913,0.000117958412098299,4286.91254701896,7784840.42346366,2790.13268922173,5468.66007087458,NA,6535.91254701896,7784840.42346366,2790.13268922173,5468.66007087458
"241","SE",1999,"NSEI",6691,5046,0.658473355230599,0.00957302887023125,5046,243749.571565177,493.710007560285,967.671614818159,NA,9629.93849401197,20762404.0573427,0.481909605455261,0.0139632864583167,4640.75986020774,6406602.44134063,2531.12671380566,4961.00835905909,NA,9686.75986020774,6650352.01290581,2578.82764311728,5054.50218050986
"242","SE",2000,"NSEI",7565,5401,0.658473355230599,0.00957302887023125,5401,279252.920140771,528.443866593956,1035.74997852415,NA,10887.8321188463,26540765.4231815,0.481909605455261,0.0139632864583167,5246.95088065634,8189616.774897,2861.7506486235,5609.03127130205,NA,10647.9508806563,8468869.69503777,2910.13224700146,5703.85920412286
"243","SE",2001,"NSEI",5344,4017,0.658473355230599,0.00957302887023125,4017,154473.160455395,393.030737290857,770.34024509008,NA,7691.28550470781,13244283.7842448,0.481909605455261,0.0139632864583167,3706.50436301751,4086755.1075302,2021.57243440105,3962.28197142606,NA,7723.50436301751,4241228.26798559,2059.42425643324,4036.47154260914
"244","SE",2002,"NSEI",5038,3909,0.658473355230599,0.00957302887023125,3909,146278.571158246,382.463816796107,749.62908092037,NA,7250.8788122601,11770960.5766218,0.481909605455261,0.0139632864583167,3494.26814762018,3632135.49639207,1905.81622838932,3735.39980764306,NA,7403.26814762018,3778414.06755032,1943.81430891696,3809.87604547724
"245","SE",2003,"NSEI",6124,4702,0.658473355230599,0.00957302887023125,4702,211648.218978284,460.052408947377,901.702721536858,NA,8813.89079918238,17392657.4227307,0.481909605455261,0.0139632864583167,4247.49863755974,5366808.25583204,2316.6372732545,4540.60905557882,NA,8949.49863755974,5578456.47481032,2361.87562644825,4629.27622783857
"246","SE",2004,"NSEI",4849,3725,0.658473355230599,0.00957302887023125,3725,132831.758717502,364.460915212458,714.343393816418,NA,6978.86291398357,10904354.1264616,0.481909605455261,0.0139632864583167,3363.18107340417,3364728.93865704,1834.3197482056,3595.26670648297,NA,7088.18107340417,3497560.69737454,1870.1766487085,3665.54623146865
"247","SE",2005,"NSEI",6055,4750,0.658473355230599,0.00957302887023125,4750,215991.463884593,464.748818056155,910.907683390063,NA,8714.58340774809,17002934.1866719,0.481909605455261,0.0139632864583167,4199.64145173485,5246552.34381503,2290.53538366362,4489.44935198069,NA,8949.64145173485,5462543.80769963,2337.20855032229,4580.92875863169
"248","SE",2006,"NSEI",4774,3633,NA,NA,3633,0,0,0,NA,6870.92009720717,10569645.1744349,0.557894736842105,0.00130501692828563,3833.25015949452,3365168.28069552,1834.43950041846,3595.50142082017,NA,7466.25015949452,3365168.28069552,1834.43950041846,3595.50142082017
"249","SE",2007,"NSEI",2342,1890,NA,NA,1890,0,0,0,NA,3370.69435853774,2543720.32608506,0.363636363636364,0.00111252383979657,1225.70703946827,351829.691162765,593.152333859325,1162.57857436428,NA,3115.70703946827,351829.691162765,593.152333859325,1162.57857436428
"250","SE",2008,"NSEI",2770,2036,NA,NA,2036,0,0,0,NA,3986.68803294174,3558402.87922,0.325581395348837,0.00128408275059381,1297.99145258568,402180.338183538,634.176898178685,1242.98672043022,NA,3333.99145258568,402180.338183538,634.176898178685,1242.98672043022
"251","SE",2009,"NSEI",1738,1432,NA,NA,1432,0,0,0,NA,2501.39487409846,1400861.25281166,0.30316742081448,0.00096025879895989,758.341432418992,136107.343130907,368.92728705113,723.097482620215,NA,2190.34143241899,136107.343130907,368.92728705113,723.097482620215
"252","SE",2010,"NSEI",1607,1074,NA,NA,1074,0,0,0,NA,2312.85475412901,1197642.86736942,0.349633251833741,0.000557328041779178,808.650928705255,150052.742252255,387.366418591307,759.238180438961,NA,1882.65092870525,150052.742252255,387.366418591307,759.238180438961
"253","SE",2011,"NSEI",1442,1013,NA,NA,1013,0,0,0,NA,1731.91590013141,874226.185743456,0.390804597701149,0.000686099032036865,676.840696603078,136176.803313437,369.021413082543,723.281969641785,NA,1689.84069660308,136176.803313437,369.021413082543,723.281969641785
"254","SE",2012,"NSEI",1202,653,NA,NA,653,0,0,0,NA,2392.91011904762,3409167.61911695,0.525291828793774,0.000486082501747108,1256.97613257365,945137.207582301,972.18167416502,1905.47608136344,NA,1909.97613257365,945137.207582301,972.18167416502,1905.47608136344
"255","SE",2013,"NSEI",940,659,NA,NA,659,0,0,0,NA,1650.46132500867,967135.274607714,0.601220752797558,0.000244149041958346,992.291600284968,350488.092485666,592.020348033466,1160.35988214559,NA,1651.29160028497,350488.092485666,592.020348033466,1160.35988214559
"256","SE",2014,"NSEI",1454,1026,NA,NA,1026,0,0,0,NA,1367.71820486059,1884001.59703225,0.497773820124666,0.000222811982284459,680.814315687508,467652.191750673,683.851001133048,1340.34796222077,NA,1706.81431568751,467652.191750673,683.851001133048,1340.34796222077
"257","SE",2015,"NSEI",1252,848,NA,NA,848,0,0,0,NA,1286.32760649565,807027.488687697,0.492598684210526,0.000205716230884432,633.64328642343,196334.42011218,443.096400473057,868.468944927192,NA,1481.64328642343,196334.42011218,443.096400473057,868.468944927192
"258","SE",2016,"NSEI",1537,983,NA,NA,983,0,0,0,NA,1900.11878574571,2125067.19137228,0.440884820747521,0.000188172057696143,837.733530252495,414148.603432447,643.543785171178,1261.34581893551,NA,1820.73353025249,414148.603432447,643.543785171178,1261.34581893551
"259","SE",2017,"NSEI",1943,1191,NA,NA,1191,0,0,0,NA,3475.21715462704,5155138.9606057,0.687445127304653,0.000188808720781847,2389.0210992739,2439473.31332788,1561.88133778718,3061.28742206288,NA,3580.0210992739,2439473.31332788,1561.88133778718,3061.28742206288
"260","SE",2018,"NSEI",3774,1671,NA,NA,1671,0,0,0,NA,8251.05514157973,44703940.9758877,0.56642800318218,0.000195531306045564,4673.62868799107,14364895.7199286,3790.10497479009,7428.60575058858,NA,6344.62868799107,14364895.7199286,3790.10497479009,7428.60575058858
"261","SE",2019,"NSEI",5817,2996,NA,NA,2996,0,0,0,NA,13496.7635937761,92145960.9024565,0.644373673036093,0.000121697420357975,8696.95913102135,38293991.7646495,6188.21393979309,12128.8993219945,NA,11692.9591310214,38293991.7646495,6188.21393979309,12128.8993219945
"262","SE",2020,"NSEI",981,314,NA,NA,314,0,0,0,NA,1027.44457274827,570222.900891816,0.69811320754717,0.000569597721609114,717.272626258225,278831.091392821,528.044592238971,1034.96740078838,NA,1031.27262625823,278831.091392821,528.044592238971,1034.96740078838
"263","SE",2021,"NSEI",2631,939,NA,NA,939,0,0,0,NA,3605.83650329188,6142269.49874339,0.769047619047619,0.000423898278484027,2773.05997753161,3640863.74209124,1908.1047513413,3739.88531262895,NA,3712.05997753161,3640863.74209124,1908.1047513413,3739.88531262895
"264","SE",2022,"NSEI",3759,1234,NA,NA,1234,0,0,0,NA,10507.2516697456,89965404.5604672,0.857853589196873,8.67288824316613e-05,9013.68355748613,66224068.6890744,8137.81719437555,15950.1217009761,NA,10247.6835574861,66224068.6890744,8137.81719437555,15950.1217009761
"265","SE",1999,"NSEO",1134,898,0.710663947554132,0.00835200555810994,898,6735.09069008209,82.0675982960516,160.852492660261,NA,722.837895387813,286195.987094234,0.649849958295162,0.0237205162937612,469.736176171933,140044.546049895,374.225261106055,733.481511767868,NA,1367.73617617193,146779.636739977,383.118306453734,750.911880649318
"266","SE",2000,"NSEO",2094,1630,0.710663947554132,0.00835200555810994,1630,22190.4435673423,148.964571517332,291.970560173971,NA,1334.76415603358,975867.344812991,0.649849958295162,0.0237205162937612,867.396431132299,477522.066947265,691.029714952451,1354.4182413068,NA,2497.3964311323,499712.510514608,706.903466192243,1385.5307937368
"267","SE",2001,"NSEO",1662,1292,0.710663947554132,0.00835200555810994,1292,13941.7022059528,118.074985521713,231.426971622558,NA,1059.39733874298,614751.31977698,0.649849958295162,0.0237205162937612,688.449316400134,300816.829704163,548.467710721573,1074.99671301428,NA,1980.44931640013,314758.531910116,561.033449903048,1099.62556180997
"268","SE",2002,"NSEO",2182,1802,0.710663947554132,0.00835200555810994,1802,27120.6658563168,164.683532438179,322.779723578831,NA,1390.85739659277,1059612.13514152,0.649849958295162,0.0237205162937612,903.848621170332,518500.98235652,720.070123221704,1411.33744151454,NA,2705.84862117033,545621.648212836,738.662066315062,1447.77764997752
"269","SE",2003,"NSEO",2025,1623,0.710663947554132,0.00835200555810994,1623,22000.2600487786,148.324846363577,290.71669887261,NA,1290.78195604967,912614.754764778,0.649849958295162,0.0237205162937612,838.814600307022,446570.618781553,668.259394832241,1309.78841387119,NA,2461.81460030702,468570.878830332,684.522372775596,1341.66385064017
"270","SE",2004,"NSEO",2356,1928,0.710663947554132,0.00835200555810994,1928,31045.9414285173,176.198585205777,345.349227003322,NA,1501.76903133482,1235344.26420461,0.649849958295162,0.0237205162937612,975.924542381899,604492.146980776,777.490930481363,1523.88222374347,NA,2903.9245423819,635538.088409293,797.20642772703,1562.52459834498
"271","SE",2005,"NSEO",2502,2028,0.710663947554132,0.00835200555810994,2028,34349.9948273056,185.337515973711,363.261531308474,NA,1594.83281680803,1393195.43125415,0.649849958295162,0.0237205162937612,1036.40203949045,681733.603988416,825.671607837169,1618.31635136085,NA,3064.40203949045,716083.598815722,846.217229094115,1658.58576902446
"272","SE",2006,"NSEO",1591,1408,NA,NA,1408,0,0,0,NA,1014.14029238272,563349.34041902,0.378787878787879,0.00362011725648089,384.144050144972,86592.1190026212,294.265388726947,576.760161904816,NA,1792.14405014497,86592.1190026212,294.265388726947,576.760161904816
"273","SE",2007,"NSEO",1002,823,NA,NA,823,0,0,0,NA,638.698034549019,223446.148878002,0.344262295081967,0.00376242945444773,219.879651238187,28857.5894249411,169.875217218231,332.955425747732,NA,1042.87965123819,28857.5894249411,169.875217218231,332.955425747732
"274","SE",2008,"NSEO",576,463,NA,NA,463,0,0,0,NA,367.15575638746,73838.4204546475,0.643564356435644,0.00229389275561219,236.288358071138,31060.6356079422,176.240278052272,345.430944982454,NA,699.288358071138,31060.6356079422,176.240278052272,345.430944982454
"275","SE",2009,"NSEO",406,360,NA,NA,360,0,0,0,NA,258.793814398106,36685.0823268177,0.5,0.00324675324675325,129.396907199053,9507.8268177354,97.508085909505,191.11584838263,NA,489.396907199053,9507.8268177354,97.508085909505,191.11584838263
"276","SE",2010,"NSEO",591,381,NA,NA,381,0,0,0,NA,376.71710421005,77734.2464036571,0.574074074074074,0.00151871448167744,216.263522787251,25951.7649554503,161.095515007247,315.747209414205,NA,597.263522787251,25951.7649554503,161.095515007247,315.747209414205
"277","SE",2011,"NSEO",681,489,NA,NA,489,0,0,0,NA,321.754061371841,136323.348658868,0.587878787878788,0.00147730072342046,189.152387594355,47467.8787255802,217.871243457185,427.027637176084,NA,678.152387594355,47467.8787255802,217.871243457185,427.027637176084
"278","SE",2012,"NSEO",537,235,NA,NA,235,0,0,0,NA,178.100502512563,39771.1686590069,0.696498054474708,0.000825736385108026,124.046653500968,19352.4060138826,139.112925401929,272.66133378778,NA,359.046653500968,19352.4060138826,139.112925401929,272.66133378778
"279","SE",2013,"NSEO",622,351,NA,NA,351,0,0,0,NA,369.632039174537,242983.446037402,0.709150326797386,0.000676249641969006,262.124681375407,122451.674304921,349.930956482734,685.864674706159,NA,613.124681375407,122451.674304921,349.930956482734,685.864674706159
"280","SE",2014,"NSEO",484,294,NA,NA,294,0,0,0,NA,438.814760147602,485417.4002368,0.818396226415094,0.00035135660284782,359.124343800042,325357.380377292,570.401069754688,1117.98609671919,NA,653.124343800042,325357.380377292,570.401069754688,1117.98609671919
"281","SE",2015,"NSEO",387,196,NA,NA,196,0,0,0,NA,256.628875110717,162065.57835954,0.635782747603834,0.000742189248247287,163.160211332373,65679.2625243426,256.279656867927,502.308127461138,NA,359.160211332373,65679.2625243426,256.279656867927,502.308127461138
"282","SE",2016,"NSEO",451,146,NA,NA,146,0,0,0,NA,306.772750642673,130376.228369244,0.731075697211155,0.000392423197920915,224.274102561476,69770.4945790463,264.141050537485,517.716459053471,NA,370.274102561476,69770.4945790463,264.141050537485,517.716459053471
"283","SE",2017,"NSEO",643,183,NA,NA,183,0,0,0,NA,366.29622711991,282388.676637402,0.820662768031189,0.000287451932028468,300.605675667607,190304.951078022,436.239556984488,855.029531689596,NA,483.605675667607,190304.951078022,436.239556984488,855.029531689596
"284","SE",2018,"NSEO",1904,436,NA,NA,436,0,0,0,NA,2143.61695244257,7364744.46096053,0.794055201698514,0.000347939443306482,1702.15019153614,4647806.95653118,2155.87730553739,4225.51951885329,NA,2138.15019153614,4647806.95653118,2155.87730553739,4225.51951885329
"285","SE",2019,"NSEO",2929,755,NA,NA,755,0,0,0,NA,1472.38213132401,2584682.05001785,0.863711001642036,0.000193609058033794,1271.71264544569,1929084.4099821,1388.91483179571,2722.27307031959,NA,2026.71264544569,1929084.4099821,1388.91483179571,2722.27307031959
"286","SE",2020,"NSEO",905,160,NA,NA,160,0,0,0,NA,835.79989154013,610822.333344612,0.649849958295162,0.0237205162937612,543.144524660455,289012.565691667,537.598889221013,1053.69382287319,NA,703.144524660455,289012.565691667,537.598889221013,1053.69382287319
"287","SE",2021,"NSEO",1844,564,NA,NA,564,0,0,0,NA,2451.47919946031,3504073.34170633,0.649849958295162,0.0237205162937612,1593.09365553074,1705460.38936495,1305.93276602012,2559.62822139943,NA,2157.09365553074,1705460.38936495,1305.93276602012,2559.62822139943
"288","SE",2022,"NSEO",2833,464,NA,NA,464,0,0,0,NA,1656.48045178106,4382038.14428826,0.973913043478261,5.53516932923137e-05,1613.26791825634,4156786.6068124,2038.81990543853,3996.08701465953,NA,2077.26791825634,4156786.6068124,2038.81990543853,3996.08701465953
"289","SE",1999,"SSEI",6832,4335,0.39134369037234,0.014294231035248,4335,268620.405816363,518.286027031757,1015.84061298224,NA,12089.4871674675,29974833.1275917,0.181105049970108,0.00289380108485485,2189.46717757719,1492832.4522682,1221.81522836647,2394.75784759828,NA,6524.46717757719,1761452.85808457,1327.19736967964,2601.3068445721
"290","SE",2000,"SSEI",9811,5405,0.39134369037234,0.014294231035248,5405,417592.022819511,646.213604638212,1266.57866509089,NA,17360.9424180363,61814108.4966732,0.181105049970108,0.00289380108485485,3144.15434414663,3078519.46261279,1754.5710195409,3438.95919830016,NA,8549.15434414663,3496111.4854323,1869.7891553414,3664.78674446914
"291","SE",2001,"SSEI",8166,4411,0.39134369037234,0.014294231035248,4411,278121.724008569,527.372471796328,1033.6500447208,NA,14450.0515529186,42823268.2972474,0.181105049970108,0.00289380108485485,2616.97730856196,2132721.28502606,1460.38395123545,2862.35254442148,NA,7027.97730856196,2410843.00903463,1552.68896081431,3043.27036319605
"292","SE",2002,"SSEI",8332,4808,0.39134369037234,0.014294231035248,4808,330437.794826407,574.837189842835,1126.68089209196,NA,14743.7949472101,44582003.4573982,0.181105049970108,0.00289380108485485,2670.17572066351,2220311.32800786,1490.07091375138,2920.5389909527,NA,7478.17572066351,2550749.12283427,1597.10648450073,3130.32870962143
"293","SE",2003,"SSEI",8078,4622,0.39134369037234,0.014294231035248,4622,305365.999475203,552.599311866386,1083.09465125812,NA,14294.3321631737,41905280.9154796,0.181105049970108,0.00289380108485485,2588.7757407009,2087002.8869138,1444.64628435953,2831.50671734468,NA,7210.7757407009,2392368.88638901,1546.72844623386,3031.58775461836
"294","SE",2004,"SSEI",6002,3161,0.39134369037234,0.014294231035248,3161,142826.827259946,377.92436711589,740.731759547145,NA,10620.77019601,23134123.0277688,0.181105049970108,0.00289380108485485,1923.47511706942,1152145.51699468,1073.38041578682,2103.82561494216,NA,5084.47511706942,1294972.34425463,1137.96851637232,2230.41829208976
"295","SE",2005,"SSEI",9401,4727,0.39134369037234,0.014294231035248,4727,319397.859899799,565.152952659542,1107.6997872127,NA,16635.4316249067,56755658.1267507,0.181105049970108,0.00289380108485485,3012.76067570304,2826594.16120193,1681.24779886902,3295.24568578328,NA,7739.76067570304,3145992.02110173,1773.69445539578,3476.44113257573
"296","SE",2006,"SSEI",6626,3549,NA,NA,3549,0,0,0,NA,11724.9622323829,28194469.1317464,0.139230139230139,9.82336947213896e-05,1632.46812408279,562824.975489787,750.216619043985,1470.42457332621,NA,5181.46812408279,562824.975489787,750.216619043985,1470.42457332621
"297","SE",2007,"SSEI",3895,1963,NA,NA,1963,0,0,0,NA,6892.35253473156,9742624.91219345,0.113764927718416,6.34103578236727e-05,784.107987923578,129723.583486001,360.171602831208,705.936341549167,NA,2747.10798792358,129723.583486001,360.171602831208,705.936341549167
"298","SE",2008,"SSEI",3127,1812,NA,NA,1812,0,0,0,NA,5533.34695150336,6279380.80584807,0.189526184538653,0.000127792021558131,1048.71413544702,230271.636832255,479.866269737992,940.537888686464,NA,2860.71413544702,230271.636832255,479.866269737992,940.537888686464
"299","SE",2009,"SSEI",1615,889,NA,NA,889,0,0,0,NA,2857.80470952284,1674966.4483188,0.203650336215178,0.000155939304590983,581.992889931646,71001.4099097126,266.460897524782,522.263359148573,NA,1470.99288993165,71001.4099097126,266.460897524782,522.263359148573
"300","SE",2010,"SSEI",3026,1184,NA,NA,1184,0,0,0,NA,5354.6235610007,5880292.18266293,0.170993733213966,0.000127020498580212,915.60707265097,176321.869613881,419.906977334124,823.017675574884,NA,2099.60707265097,176321.869613881,419.906977334124,823.017675574884
"301","SE",2011,"SSEI",1401,844,NA,NA,844,0,0,0,NA,3027.67548500882,2492666.77727787,0.16601714731099,0.000107999574188542,502.646047004582,69961.3364505493,264.502053773783,518.424025396615,NA,1346.64604700458,69961.3364505493,264.502053773783,518.424025396615
"302","SE",2012,"SSEI",1982,769,NA,NA,769,0,0,0,NA,3308.38808399805,3537724.22884366,0.139674378748929,0.000103057844485446,462.097050292787,70509.8245272383,265.536860957642,520.452247476979,NA,1231.09705029279,70509.8245272383,265.536860957642,520.452247476979
"303","SE",2013,"SSEI",2044,583,NA,NA,583,0,0,0,NA,7891.83511569123,27499452.4149664,0.173138128580522,9.11855522370424e-05,1366.37756299683,832532.589017526,912.432238041558,1788.36718656145,NA,1949.37756299683,832532.589017526,912.432238041558,1788.36718656145
"304","SE",2014,"SSEI",2308,790,NA,NA,790,0,0,0,NA,4717.29985625299,4505262.42049858,0.165740272865083,6.99041632030794e-05,781.846565361788,125629.337267613,354.442290461527,694.706889304592,NA,1571.84656536179,125629.337267613,354.442290461527,694.706889304592
"305","SE",2015,"SSEI",3002,1053,NA,NA,1053,0,0,0,NA,3368.36087874287,2306053.7852345,0.129048582995951,5.69088841633866e-05,434.682198420763,39180.8664097302,197.941573222328,387.965483515763,NA,1487.68219842076,39180.8664097302,197.941573222328,387.965483515763
"306","SE",2016,"SSEI",2634,869,NA,NA,869,0,0,0,NA,4684.43475395431,6607012.86980885,0.156234351527291,6.60446788227143e-05,731.869626055956,163157.35527428,403.927413373096,791.697730211268,NA,1600.86962605596,163157.35527428,403.927413373096,791.697730211268
"307","SE",2017,"SSEI",5303,1013,NA,NA,1013,0,0,0,NA,10269.3015873016,20444681.1364535,0.192934782608696,0.00010585380847616,1981.30546928917,774356.679038303,879.97538547297,1724.75175552702,NA,2994.30546928917,774356.679038303,879.97538547297,1724.75175552702
"308","SE",2018,"SSEI",12062,2107,NA,NA,2107,0,0,0,NA,12472.5408715466,23037083.0643625,0.273385636692818,0.000119955271946184,3409.81352734495,1743208.99796119,1320.30640305998,2587.80054999757,NA,5516.81352734495,1743208.99796119,1320.30640305998,2587.80054999757
"309","SE",2019,"SSEI",10177,2197,NA,NA,2197,0,0,0,NA,31355.5099459887,212502944.559874,0.322132097334878,0.000253321356382263,10100.616181906,22354125.7691029,4728.01499247865,9266.90938525815,NA,12297.616181906,22354125.7691029,4728.01499247865,9266.90938525815
"310","SE",2020,"SSEI",3720,1571,NA,NA,1571,0,0,0,NA,13535.2343234323,34670924.6961691,0.936857562408223,8.6993338480508e-05,12680.5866348749,30449696.688287,5518.12438137153,10815.5237874882,NA,14251.5866348749,30449696.688287,5518.12438137153,10815.5237874882
"311","SE",2021,"SSEI",7202,2672,NA,NA,2672,0,0,0,NA,12951.3090909091,28811633.1780355,0.84,0.000192274678111588,10879.0996363636,20367279.5816129,4513.01225143616,8845.50401281488,NA,13551.0996363636,20367279.5816129,4513.01225143616,8845.50401281488
"312","SE",2022,"SSEI",9134,1796,NA,NA,1796,0,0,0,NA,19197.2716865417,54616907.5325864,0.579787234042553,0.000432742446330087,11130.3330523034,18542766.1444129,4306.13122703117,8440.01720498109,NA,12926.3330523034,18542766.1444129,4306.13122703117,8440.01720498109
"313","SE",1999,"SSEO",4102,2963,0.713892052242862,0.00730722178108114,2963,64152.7963809485,253.284023145852,496.43668536587,NA,3939.31612740195,8165677.14429935,0.636779921987621,0.00401038659075112,2508.47741629159,3406071.10674878,1845.55441717354,3617.28665766015,NA,5471.47741629159,3470223.90312973,1862.85369879916,3651.19324964636
"314","SE",2000,"SSEO",4468,2830,0.713892052242862,0.00730722178108114,2830,58522.8085225007,241.914878671199,474.153162195549,NA,4290.80069654605,9687845.88839656,0.636779921987621,0.00401038659075112,2732.29573281102,4040998.85214526,2010.22358262589,3940.03822194674,NA,5562.29573281102,4099521.66066776,2024.7275522074,3968.4660023265
"315","SE",2001,"SSEO",3276,2016,0.713892052242862,0.00730722178108114,2016,29698.4199670897,172.332295194748,337.771298581706,NA,3146.07499594558,5208212.29965702,0.636779921987621,0.00401038659075112,2003.35739048543,2172451.97406069,1473.92400552426,2888.89105082756,NA,4019.35739048543,2202150.39402778,1483.9644180464,2908.57025937094
"316","SE",2002,"SSEO",5386,3603,0.713892052242862,0.00730722178108114,3603,94859.496038279,307.992688287042,603.665669042602,NA,5172.39314046487,14077761.0959698,0.636779921987621,0.00401038659075112,3293.67610047452,5872122.3567074,2423.24624351456,4749.56263728853,NA,6896.67610047452,5966981.85274568,2442.74064377405,4787.77166179715
"317","SE",2003,"SSEO",4577,2860,0.713892052242862,0.00730722178108114,2860,59770.1512805313,244.479347349692,479.179520805396,NA,4395.477795007,10166295.2305703,0.636779921987621,0.00401038659075112,2798.95200740288,4240569.86770504,2059.26439965951,4036.15822333264,NA,5658.95200740288,4300340.01898557,2073.72611956969,4064.5031943566
"318","SE",2004,"SSEO",4886,3297,0.713892052242862,0.00730722178108114,3297,79431.0279697042,281.835107766411,552.396811222165,NA,4692.2229640385,11585314.236075,0.636779921987621,0.00401038659075112,2987.91337298896,4832471.74542636,2198.28836721354,4308.64519973853,NA,6284.91337298896,4911902.77339607,2216.28129383345,4343.91133591356
"319","SE",2005,"SSEO",6899,4850,0.713892052242862,0.00730722178108114,4850,171884.124345481,414.589103023079,812.594641925235,NA,6625.38809433106,23097936.4730086,0.636779921987621,0.00401038659075112,4218.91411384585,9634622.16984135,3103.96877720143,6083.77880331481,NA,9068.91411384585,9806506.29418684,3131.53417579736,6137.80698456282
"320","SE",2006,"SSEO",2288,1550,NA,NA,1550,0,0,0,NA,2197.25872732707,2540463.34394961,0.463235294117647,0.00184183967704729,1017.84779280592,558721.677888078,747.476874483805,1465.05467398826,NA,2567.84779280592,558721.677888078,747.476874483805,1465.05467398826
"321","SE",2007,"SSEO",2461,1367,NA,NA,1367,0,0,0,NA,2363.3976083706,2939166.03355471,0.641509433962264,0.000621554270539675,1516.14186197359,1214866.42924056,1102.20979366024,2160.33119557408,NA,2883.14186197359,1214866.42924056,1102.20979366024,2160.33119557408
"322","SE",2008,"SSEO",3407,1957,NA,NA,1957,0,0,0,NA,3271.87958216929,5633070.15202709,0.671052631578947,0.000415708092711708,2195.60340382413,2543428.97602242,1594.81314768296,3125.8337694586,NA,4152.60340382413,2543428.97602242,1594.81314768296,3125.8337694586
"323","SE",2009,"SSEO",1253,589,NA,NA,589,0,0,0,NA,1203.30646212449,761908.878905099,0.668195718654434,0.000339525574619171,804.044226220795,340931.583190512,583.893469042523,1144.43119932335,NA,1393.04422622079,340931.583190512,583.893469042523,1144.43119932335
"324","SE",2010,"SSEO",1252,486,NA,NA,486,0,0,0,NA,1202.34612177163,760693.228713503,0.563218390804598,0.00031458239778015,677.183447894368,241997.341279357,491.932252733399,964.187215357462,NA,1163.18344789437,241997.341279357,491.932252733399,964.187215357462
"325","SE",2011,"SSEO",781,458,NA,NA,458,0,0,0,NA,1415.47260589319,1681921.93773869,0.614481409001957,0.000464498052927307,869.781601272917,636784.435290155,797.987741315714,1564.0559729788,NA,1327.78160127292,636784.435290155,797.987741315714,1564.0559729788
"326","SE",2012,"SSEO",863,618,NA,NA,618,0,0,0,NA,493.636531649469,195080.357830493,0.676470588235294,0.000358196614546464,333.930594939346,89428.3632192476,299.045754390942,586.129678606246,NA,951.930594939346,89428.3632192476,299.045754390942,586.129678606246
"327","SE",2013,"SSEO",1075,748,NA,NA,748,0,0,0,NA,1483.44714558864,829827.474327598,0.694736842105263,0.000447421017567236,1030.60538535632,401879.814948895,633.939914304893,1242.52223203759,NA,1778.60538535632,401879.814948895,633.939914304893,1242.52223203759
"328","SE",2014,"SSEO",1870,1413,NA,NA,1413,0,0,0,NA,1194.45308002303,1200719.78546922,0.640776699029126,0.000373066322545321,765.377701762329,493989.482389524,702.843853490605,1377.57395284159,NA,2178.37770176233,493989.482389524,702.843853490605,1377.57395284159
"329","SE",2015,"SSEO",1521,1112,NA,NA,1112,0,0,0,NA,2340.5297542044,4360864.00248046,0.652941176470588,0.000333739317437102,1528.22825127464,1862460.29885817,1364.71986094516,2674.8509274525,NA,2640.22825127464,1862460.29885817,1364.71986094516,2674.8509274525
"330","SE",2016,"SSEO",1567,928,NA,NA,928,0,0,0,NA,676.756130790191,858832.405936229,0.629834254143646,0.000645825668839233,426.24419287338,341541.690573242,584.415683031557,1145.45473874185,NA,1354.24419287338,341541.690573242,584.415683031557,1145.45473874185
"331","SE",2017,"SSEO",1717,710,NA,NA,710,0,0,0,NA,1076.46451612903,2380506.42725509,0.672972972972973,0.000596423714419759,724.431525719267,1080224.7102504,1039.33859268787,2037.10364166822,NA,1434.43152571927,1080224.7102504,1039.33859268787,2037.10364166822
"332","SE",2018,"SSEO",2540,1086,NA,NA,1086,0,0,0,NA,4677.85259326661,13242366.4240172,0.733124018838305,0.00030763080478094,3429.4460927088,7128191.0642244,2669.86723719072,5232.93978489381,NA,4515.4460927088,7128191.0642244,2669.86723719072,5232.93978489381
"333","SE",2019,"SSEO",1758,819,NA,NA,819,0,0,0,NA,915.83646861613,563570.73882264,0.592369477911647,0.000485850864286378,542.513570766583,198439.194913039,445.465144442344,873.111683106995,NA,1361.51357076658,198439.194913039,445.465144442344,873.111683106995
"334","SE",2020,"SSEO",998,314,NA,NA,314,0,0,0,NA,1799.43909626719,2655235.76226252,0.984848484848485,7.57459225387236e-05,1772.17486753587,2575830.0178978,1604.93925676264,3145.68094325477,NA,2086.17486753587,2575830.0178978,1604.93925676264,3145.68094325477
"335","SE",2021,"SSEO",1758,550,NA,NA,550,0,0,0,NA,1441.01952638139,1868355.4654755,0.95906432748538,0.00023094084253174,1382.03042296227,1719432.58534441,1311.27136220708,2570.09186992587,NA,1932.03042296227,1719432.58534441,1311.27136220708,2570.09186992587
"336","SE",2022,"SSEO",1506,376,NA,NA,376,0,0,0,NA,1014.24489795918,942081.618663615,0.9064039408867,0.000419979390256238,919.315572534433,774811.893912635,880.233999520943,1725.25863906105,NA,1295.31557253443,774811.893912635,880.233999520943,1725.25863906105
"337","SE",1999,"EWYKT",195,187,0.871158572353552,0.00112104884222263,187,39.2019569636832,6.26114661732842,12.2718473699637,NA,132.913639096949,32040.4152704687,0.863119695874594,0.00749350046380929,114.720379754945,24241.8032033477,155.697794471687,305.167677164506,NA,301.720379754945,24281.0051603113,155.823634793671,305.414324195595
"338","SE",2000,"EWYKT",361,339,0.871158572353552,0.00112104884222263,339,128.832053997067,11.3504208731248,22.2468249113246,NA,246.060634430763,109810.360511841,0.863119695874594,0.00749350046380929,212.37977995659,83082.6044776718,288.240532329636,564.951443366086,NA,551.37977995659,83211.4365316689,288.463925875782,565.389294716533
"339","SE",2001,"EWYKT",631,578,0.871158572353552,0.00112104884222263,578,374.524481405105,19.3526349990151,37.9311645980696,NA,430.094903949616,335496.220499805,0.863119695874594,0.00749350046380929,371.223382694205,253836.702307642,503.822093905818,987.491304055402,NA,949.223382694205,254211.226789048,504.193640171162,988.219534735478
"340","SE",2002,"EWYKT",810,769,0.871158572353552,0.00112104884222263,769,662.944564385617,25.7477098862329,50.4655113770165,NA,552.102808556559,552839.354607614,0.863119695874594,0.00749350046380929,476.530808212847,418278.687224626,646.744684728546,1267.61958206795,NA,1245.53080821285,418941.631789012,647.257005979087,1268.62373171901
"341","SE",2003,"EWYKT",789,653,0.871158572353552,0.00112104884222263,653,478.025315763309,21.863790059441,42.8530285165043,NA,537.789032038426,524545.203276461,0.863119695874594,0.00749350046380929,464.176305777699,396871.310241977,629.977229939287,1234.755370681,NA,1117.1763057777,397349.335557741,630.356514646863,1235.49876870785
"342","SE",2004,"EWYKT",769,706,0.871158572353552,0.00112104884222263,706,558.771100722079,23.6383396354752,46.3311456855314,NA,524.156863925919,498289.336351338,0.863119695874594,0.00749350046380929,452.41011298232,377006.100831949,614.008225378088,1203.45612174105,NA,1158.41011298232,377564.871932671,614.463076134499,1204.34762922362
"343","SE",2005,"EWYKT",686,649,0.871158572353552,0.00112104884222263,649,472.186893393014,21.7298617895516,42.5905291075211,NA,467.583366259012,396530.999727061,0.863119695874594,0.00749350046380929,403.580412881497,300015.663912757,547.736856449114,1073.56423864026,NA,1052.5804128815,300487.85080615,548.167721419412,1074.40873398205
"344","SE",2006,"EWYKT",448,422,NA,NA,422,0,0,0,NA,305.360565720171,169116.094844028,0.9125,0.000502161949685535,278.641516219656,140947.321144092,375.429515547315,735.841850472738,NA,700.641516219656,140947.321144092,375.429515547315,735.841850472738
"345","SE",2007,"EWYKT",293,270,NA,NA,270,0,0,0,NA,199.711262848237,72337.6097450222,0.949044585987261,0.000309993332022623,189.534892766798,65188.2334635719,255.319864999909,500.426935399822,NA,459.534892766798,65188.2334635719,255.319864999909,500.426935399822
"346","SE",2008,"EWYKT",64,38,NA,NA,38,0,0,0,NA,43.6229379600244,3451.34887436791,0.791044776119403,0.00250443845899404,34.5076971922581,2173.09743997385,46.6164932183219,91.368326707911,NA,72.5076971922581,2173.09743997385,46.6164932183219,91.368326707911
"347","SE",2009,"EWYKT",124,119,NA,NA,119,0,0,0,NA,84.5194422975474,12956.0401104202,0.942708333333333,0.000282771369618964,79.6771825825837,11519.7034972846,107.329881660629,210.366568054833,NA,198.677182582584,11519.7034972846,107.329881660629,210.366568054833
"348","SE",2010,"EWYKT",116,95,NA,NA,95,0,0,0,NA,79.0665750525443,11338.2203255602,0.895522388059702,0.000467810202717754,70.8058881067561,9101.03177402776,95.3993279537532,186.982682789356,NA,165.805888106756,9101.03177402776,95.3993279537532,186.982682789356
"349","SE",2011,"EWYKT",79,54,NA,NA,54,0,0,0,NA,14.4833333333333,4560.09253336561,0.826086956521739,0.000522426533768689,11.9644927536232,3114.38869613462,55.8067083434834,109.381148353228,NA,65.9644927536232,3114.38869613462,55.8067083434834,109.381148353228
"350","SE",2012,"EWYKT",61,43,NA,NA,43,0,0,0,NA,24.4632124352332,1532.2908081916,0.82962962962963,0.0010548082632107,20.2954058721934,1056.90079457057,32.5100106824124,63.7196209375283,NA,63.2954058721934,1056.90079457057,32.5100106824124,63.7196209375283
"351","SE",2013,"EWYKT",88,63,NA,NA,63,0,0,0,NA,120.121673003802,343213.550012279,0.863119695874594,0.00749350046380929,103.679381870989,258365.719812446,508.296881568682,996.261887874616,NA,166.679381870989,258365.719812446,508.296881568682,996.261887874616
"352","SE",2014,"EWYKT",132,82,NA,NA,82,0,0,0,NA,97.335952848723,24263.5588457558,0.863119695874594,0.00749350046380929,84.0125780204536,18328.5741063568,135.383064326218,265.350806079387,NA,166.012578020454,18328.5741063568,135.383064326218,265.350806079387
"353","SE",2015,"EWYKT",194,120,NA,NA,120,0,0,0,NA,245.453044375645,132044.625060994,0.981818181818182,0.000330578512396694,240.990261750633,127350.220991707,356.861627233452,699.448789377566,NA,360.990261750633,127350.220991707,356.861627233452,699.448789377566
"354","SE",2016,"EWYKT",568,402,NA,NA,402,0,0,0,NA,1016.11644832606,3827485.23744867,0.85,0.00161392405063291,863.698981077147,2773201.71923307,1665.29328324865,3263.97483516735,NA,1265.69898107715,2773201.71923307,1665.29328324865,3263.97483516735
"355","SE",2017,"EWYKT",310,159,NA,NA,159,0,0,0,NA,111.385281385281,42121.1226268758,0.907928388746803,0.000214344691421634,101.129859058248,34733.5595216504,186.369416808795,365.284056945239,NA,260.129859058248,34733.5595216504,186.369416808795,365.284056945239
"356","SE",2018,"EWYKT",1167,555,NA,NA,555,0,0,0,NA,589.387991927346,481215.427572373,0.814814814814815,0.000623519142037661,480.242067496356,320006.722104791,565.691366475387,1108.75507829176,NA,1035.24206749636,320006.722104791,565.691366475387,1108.75507829176
"357","SE",2019,"EWYKT",1608,811,NA,NA,811,0,0,0,NA,1721.70654095463,4522629.71082619,0.869757174392936,0.000250618654833964,1497.46661619453,3423144.16645694,1850.17409085117,3626.34121806828,NA,2308.46661619453,3423144.16645694,1850.17409085117,3626.34121806828
"358","SE",2020,"EWYKT",1131,764,NA,NA,764,0,0,0,NA,1396.47588424437,3767077.26261531,0.98876404494382,0.000126246686024492,1380.78514397196,3683621.20235461,1919.27621835801,3761.78138798169,NA,2144.78514397196,3683621.20235461,1919.27621835801,3761.78138798169
"359","SE",2021,"EWYKT",1454,877,NA,NA,877,0,0,0,NA,747.787926926132,641624.815162388,0.996610169491525,1.14909508761848e-05,745.253052597568,637295.98776185,798.308203491515,1564.68407884337,NA,1622.25305259757,637295.98776185,798.308203491515,1564.68407884337
"360","SE",2022,"EWYKT",1444,625,NA,NA,625,0,0,0,NA,485.061971830986,2457066.78253711,0.982222222222222,3.88902636861063e-05,476.438647887324,2370585.6687621,1539.67063645512,3017.75444745203,NA,1101.43864788732,2370585.6687621,1539.67063645512,3017.75444745203
