"","Region","year","RptArea","Log_rfharv","Gui_pelharv","gui_pPel","gui_var_pPel","GuiPel","var_GuiPel","sqrt_GuiPel","GuiPel_UPRLWR95","blank","PRIV_rfharv","var_PRIV_rfharv","priv_pPel","priv_var_pPel","Priv_Pel","var_PrivPel","sqrt_PrivPel","PrivPel_UPRLWR95","blank2","TotalPelharv","var_totalPelharv","sqrt_totalPel","TotalPel_UPRLWR95"
"1","SC",1998,"AFOGNAK",416,329,0.858654572940287,0.0015055577019235,329,162.963071213902,12.7656990099995,25.020770059599,NA,113.501596084661,3943.57521179245,NA,NA,NA,NA,NA,NA,NA,NA,NA,NA,NA
"2","SC",1999,"AFOGNAK",506,419,0.858654572940287,0.0015055577019235,419,264.317215707392,16.2578355172942,31.8653576138966,NA,138.057229852978,5834.51150452161,NA,NA,NA,NA,NA,NA,NA,NA,NA,NA,NA
"3","SC",2000,"AFOGNAK",1412,1224,0.858654572940287,0.0015055577019235,1224,2255.59041563694,47.4930564992078,93.0863907384472,NA,385.25060978736,45433.1512172934,NA,NA,NA,NA,NA,NA,NA,NA,NA,NA,NA
"4","SC",2001,"AFOGNAK",535,477,0.858654572940287,0.0015055577019235,477,342.558038360952,18.5083234886619,36.2763140377772,NA,145.969600733879,6522.45408997836,NA,NA,NA,NA,NA,NA,NA,NA,NA,NA,NA
"5","SC",2002,"AFOGNAK",345,291,0.858654572940287,0.0015055577019235,291,127.492131756584,11.2912413735862,22.1308330922289,NA,94.129929445212,2712.3245630524,NA,NA,NA,NA,NA,NA,NA,NA,NA,NA,NA
"6","SC",2003,"AFOGNAK",567,484,0.858654572940287,0.0015055577019235,484,352.685925021791,18.7799341058959,36.8086708475559,NA,154.700492740392,7326.0450447482,NA,NA,NA,NA,NA,NA,NA,NA,NA,NA,NA
"7","SC",2004,"AFOGNAK",468,338,0.858654572940287,0.0015055577019235,338,172.000934098548,13.1149126607289,25.7052288150287,NA,127.689295595244,4991.08737742482,NA,NA,NA,NA,NA,NA,NA,NA,NA,NA,NA
"8","SC",2005,"AFOGNAK",1385,1179,0.858654572940287,0.0015055577019235,1179,2092.78693353944,45.7469882455604,89.6640969612984,NA,377.883919656866,43712.2351183465,NA,NA,NA,NA,NA,NA,NA,NA,NA,NA,NA
"9","SC",2006,"AFOGNAK",925,766,NA,NA,766,0,0,0,NA,252.37734706325,19497.8593090671,NA,NA,NA,NA,NA,NA,NA,NA,NA,NA,NA
"10","SC",2007,"AFOGNAK",2488,2184,NA,NA,2184,0,0,0,NA,678.826853506341,141060.110229208,NA,NA,NA,NA,NA,NA,NA,NA,NA,NA,NA
"11","SC",2008,"AFOGNAK",2670,2069,NA,NA,2069,0,0,0,NA,728.48380179338,162452.346797263,NA,NA,NA,NA,NA,NA,NA,NA,NA,NA,NA
"12","SC",2009,"AFOGNAK",3763,3206,NA,NA,3206,0,0,0,NA,1026.69833189082,322679.892423215,NA,NA,NA,NA,NA,NA,NA,NA,NA,NA,NA
"13","SC",2010,"AFOGNAK",3032,1971,NA,NA,1971,0,0,0,NA,827.252017617052,209489.307321405,NA,NA,NA,NA,NA,NA,NA,NA,NA,NA,NA
"14","SC",2011,"AFOGNAK",3052,2565,NA,NA,2565,0,0,0,NA,852.740819584886,200039.386792782,NA,NA,NA,NA,NA,NA,NA,NA,NA,NA,NA
"15","SC",2012,"AFOGNAK",3025,2461,NA,NA,2461,0,0,0,NA,1110.75418994413,261396.564199334,NA,NA,NA,NA,NA,NA,NA,NA,NA,NA,NA
"16","SC",2013,"AFOGNAK",2487,2014,NA,NA,2014,0,0,0,NA,731.128956927867,125971.007753653,NA,NA,NA,NA,NA,NA,NA,NA,NA,NA,NA
"17","SC",2014,"AFOGNAK",2843,2263,NA,NA,2263,0,0,0,NA,1234.160730187,268862.961985166,NA,NA,NA,NA,NA,NA,NA,NA,NA,NA,NA
"18","SC",2015,"AFOGNAK",3919,3289,NA,NA,3289,0,0,0,NA,1736.49589725294,1075446.44057946,NA,NA,NA,NA,NA,NA,NA,NA,NA,NA,NA
"19","SC",2016,"AFOGNAK",5287,4527,NA,NA,4527,0,0,0,NA,467.586544220403,63684.1140884378,NA,NA,NA,NA,NA,NA,NA,NA,NA,NA,NA
"20","SC",2017,"AFOGNAK",4756,4217,NA,NA,4217,0,0,0,NA,537.74758244483,89663.7846843908,NA,NA,NA,NA,NA,NA,NA,NA,NA,NA,NA
"21","SC",2018,"AFOGNAK",5694,5092,NA,NA,5092,0,0,0,NA,1496.40161725067,412259.260321395,NA,NA,NA,NA,NA,NA,NA,NA,NA,NA,NA
"22","SC",2019,"AFOGNAK",6782,5762,NA,NA,5762,0,0,0,NA,4435.37642585551,3560251.27696312,NA,NA,NA,NA,NA,NA,NA,NA,NA,NA,NA
"23","SC",2020,"AFOGNAK",5835,5004,NA,NA,5004,0,0,0,NA,1752.41998205205,564645.391568006,NA,NA,NA,NA,NA,NA,NA,NA,NA,NA,NA
"24","SC",2021,"AFOGNAK",9007,7930,NA,NA,7930,0,0,0,NA,1406.68271488962,336808.639803129,NA,NA,NA,NA,NA,NA,NA,NA,NA,NA,NA
"25","SC",2022,"AFOGNAK",9241,8314,NA,NA,8314,0,0,0,NA,3527.87821422937,2029671.21508681,NA,NA,NA,NA,NA,NA,NA,NA,NA,NA,NA
"26","SC",2023,"AFOGNAK",11425,10252,NA,NA,10252,0,0,0,NA,1660.22536001497,1065094.87280733,NA,NA,NA,NA,NA,NA,NA,NA,NA,NA,NA
"27","SC",2024,"AFOGNAK",9951,8508,NA,NA,8508,0,0,0,NA,1843.38686899038,686476.278525986,NA,NA,NA,NA,NA,NA,NA,NA,NA,NA,NA
"28","SC",2023,"BSAI",NA,NA,NA,NA,NA,0,0,0,NA,NA,NA,NA,NA,NA,NA,NA,NA,NA,NA,NA,NA,NA
"29","SC",2024,"BSAI",NA,NA,NA,NA,NA,0,0,0,NA,NA,NA,NA,NA,NA,NA,NA,NA,NA,NA,NA,NA,NA
"30","SC",1998,"CI",994,723,0.926810665287881,0.00408933140395719,723,2137.61211545914,46.2343175083091,90.6192623162858,NA,692.475895164088,44240.1365971878,0.96636533224366,0.000758867921263573,669.18469850097,41711.6474086971,204.234295378365,400.299218941595,NA,1392.18469850097,43849.2595241563,209.402147849912,410.428209785827
"31","SC",1999,"CI",911,809,0.926810665287881,0.00408933140395719,809,2676.38970659331,51.7338352202242,101.398317031639,NA,634.653461262057,37160.4054962316,0.983333333333333,0.000277777777777779,624.075903574355,36054.2547093806,189.879579495481,372.163975811142,NA,1433.07590357436,38730.6444159739,196.801027476926,385.730013854776
"32","SC",2000,"CI",1400,1225,0.926810665287881,0.00408933140395719,1225,6136.55293806326,78.3361534546039,153.538860771024,NA,975.318162202941,87760.635979345,0.96636533224366,0.000758867921263573,942.513659860521,82744.7875594071,287.653937152626,563.801716819148,NA,2167.51365986052,88881.3404974704,298.129737693962,584.334285880165
"33","SC",2001,"CI",763,694,0.926810665287881,0.00408933140395719,694,1969.56922007632,44.379828977547,86.9844647959922,NA,531.548398400603,26067.1029017649,0.982142857142857,0.000318877551020409,522.056462714878,25242.8562119206,158.880005702167,311.404811176247,NA,1216.05646271488,27212.4254319969,164.961890847544,323.325306061185
"34","SC",2002,"CI",2378,2107,0.926810665287881,0.00408933140395719,2107,18154.3782119663,134.738183941919,264.086840526161,NA,1656.64756408471,253202.15113746,0.96636533224366,0.000758867921263573,1600.92677367737,238730.70165974,488.600758963532,957.657487568524,NA,3707.92677367737,256885.079871706,506.83831728837,993.403101885205
"35","SC",2003,"CI",4623,4247,0.926810665287881,0.00408933140395719,4247,73759.3073371585,271.586647936084,532.309829954725,NA,3220.63990276014,956954.914935001,0.96636533224366,0.000758867921263573,3112.31474966799,902261.364182268,949.874393897566,1861.75381203923,NA,7359.31474966799,976020.671519426,987.937584829844,1936.3576662665
"36","SC",2004,"CI",4736,4470,0.926810665287881,0.00408933140395719,4470,81708.5218493282,285.847025258841,560.260169507327,NA,3299.36201156652,1004308.36009356,0.96636533224366,0.000758867921263573,3188.38906649959,946908.382929634,973.092175967742,1907.26066489677,NA,7658.38906649959,1028616.90477896,1014.20752549908,1987.84674997819
"37","SC",2005,"CI",3615,3460,0.926810665287881,0.00408933140395719,3460,48955.8398356139,221.259666084024,433.668945524687,NA,2518.41082597402,585140.682204681,0.96636533224366,0.000758867921263573,2433.70491456842,551697.704797721,742.763559147675,1455.81657592944,NA,5893.70491456842,600653.544633335,775.018415673676,1519.0360947204
"38","SC",2006,"CI",2463,2250,NA,NA,2250,0,0,0,NA,1715.86330964703,271626.735472134,0.96636533224366,0.000758867921263573,1658.15081731176,256102.252123456,506.065462290656,991.888306089686,NA,3908.15081731176,256102.252123456,506.065462290656,991.888306089686
"39","SC",2007,"CI",2559,2365,NA,NA,2365,0,0,0,NA,1782.74226934095,293213.702682988,0.96636533224366,0.000758867921263573,1722.78032541648,276455.443460109,525.790303695408,1030.548995243,NA,4087.78032541648,276455.443460109,525.790303695408,1030.548995243
"40","SC",2008,"CI",2163,2006,NA,NA,2006,0,0,0,NA,1506.86656060354,209486.832098596,0.96636533224366,0.000758867921263573,1456.1836044845,197513.876523994,444.425332900808,871.073652485583,NA,3462.1836044845,197513.876523994,444.425332900808,871.073652485583
"41","SC",2009,"CI",2918,2662,NA,NA,2662,0,0,0,NA,2032.84171236299,381253.874198261,1,0,2032.84171236299,381253.874198261,617.457588987504,1210.21687441551,NA,4694.84171236299,381253.874198261,617.457588987504,1210.21687441551
"42","SC",2010,"CI",4422,3249,NA,NA,3249,0,0,0,NA,3080.612080901,875550.432568129,0.993939393939394,3.67309458218552e-05,3061.94170465312,865350.602592396,930.242227912921,1823.27476670933,NA,6310.94170465312,865350.602592396,930.242227912921,1823.27476670933
"43","SC",2011,"CI",3046,2570,NA,NA,2570,0,0,0,NA,2195.28867313916,347241.009711714,0.94,0.000378523489932886,2063.57135275081,308777.810422628,555.677793710193,1089.12847567198,NA,4633.57135275081,308777.810422628,555.677793710193,1089.12847567198
"44","SC",2012,"CI",4677,4109,NA,NA,4109,0,0,0,NA,5339.94120805369,1729256.16045698,0.984126984126984,0.000251952632905015,5255.18023649728,1682414.94307446,1297.07938965757,2542.27560372884,NA,9364.18023649728,1682414.94307446,1297.07938965757,2542.27560372884
"45","SC",2013,"CI",4808,4380,NA,NA,4380,0,0,0,NA,3482.43547188506,863231.705073926,0.91025641025641,0.00106090490705875,3169.90921158769,729026.852295729,853.83069299231,1673.50815826493,NA,7549.90921158769,729026.852295729,853.83069299231,1673.50815826493
"46","SC",2014,"CI",4731,4369,NA,NA,4369,0,0,0,NA,3444.65020993195,609818.572969687,0.966942148760331,0.000266375247592378,3330.77747571933,573489.559223065,757.290934333077,1484.29023129283,NA,7699.77747571933,573489.559223065,757.290934333077,1484.29023129283
"47","SC",2015,"CI",6321,5864,NA,NA,5864,0,0,0,NA,4002.37573740735,811336.580709056,0.962025316455696,0.000232691764038304,3850.38678535391,754802.373792629,868.793631302986,1702.83551735385,NA,9714.38678535391,754802.373792629,868.793631302986,1702.83551735385
"48","SC",2016,"CI",10123,9344,NA,NA,9344,0,0,0,NA,6323.03048716606,1298638.7245063,0.981308411214953,0.000173039748054127,6204.84300142463,1257688.1639001,1121.46696959835,2198.07526041276,NA,15548.8430014246,1257688.1639001,1121.46696959835,2198.07526041276
"49","SC",2017,"CI",8376,7453,NA,NA,7453,0,0,0,NA,3322.49026093348,525119.785217767,0.925925925925926,0.000857338820301783,3076.3798712347,460119.89586504,678.321380958201,1329.50990667807,NA,10529.3798712347,460119.89586504,678.321380958201,1329.50990667807
"50","SC",2018,"CI",13009,11978,NA,NA,11978,0,0,0,NA,10029.600289296,5460886.09676424,0.95906432748538,0.00023094084253174,9619.03185640088,5047439.12027024,2246.65064490905,4403.43526402173,NA,21597.0318564009,5047439.12027024,2246.65064490905,4403.43526402173
"51","SC",2019,"CI",16061,15076,NA,NA,15076,0,0,0,NA,11565.4935365356,7400162.77937075,0.973684210526316,0.000112877835674277,11261.1384434689,7031739.22027636,2651.74267610497,5197.41564516574,NA,26337.1384434689,7031739.22027636,2651.74267610497,5197.41564516574
"52","SC",2020,"CI",9784,9134,NA,NA,9134,0,0,0,NA,10340.8130081301,6856537.92502457,0.947368421052632,0.000664819944598339,9796.55969191271,6229439.43515389,2495.88449956201,4891.93361914154,NA,18930.5596919127,6229439.43515389,2495.88449956201,4891.93361914154
"53","SC",2021,"CI",14326,13225,NA,NA,13225,0,0,0,NA,7068.2694391332,3061133.83121908,0.926829268292683,0.000837244144799171,6551.07899236736,2673944.19869114,1635.21992364671,3205.03105034755,NA,19776.0789923674,2673944.19869114,1635.21992364671,3205.03105034755
"54","SC",2022,"CI",13586,12464,NA,NA,12464,0,0,0,NA,9088.41279917646,3966049.88243469,0.945945945945946,0.000464838302676141,8597.14724246422,3589114.76495399,1894.49591315315,3713.21198978017,NA,21061.1472424642,3589114.76495399,1894.49591315315,3713.21198978017
"55","SC",2023,"CI",11260,9879,NA,NA,9879,0,0,0,NA,5105.20419827497,1435415.25760218,0.96636533224366,0.000758867921263573,4933.49235123772,1361347.44785017,1166.76794944418,2286.86518091059,NA,14812.4923512377,1361347.44785017,1166.76794944418,2286.86518091059
"56","SC",2024,"CI",12430,10775,NA,NA,10775,0,0,0,NA,3302.48141030996,868353.141610741,0.96636533224366,0.000758867921263573,3191.4035453027,819857.43266211,905.459790748385,1774.70118986684,NA,13966.4035453027,819857.43266211,905.459790748385,1774.70118986684
"57","SC",1998,"EASTSIDE",157,75,0.970588235294118,0.00149378635823592,75,8.40254826507705,2.89871493339325,5.68148126945078,NA,22.1083155336663,350.741043579169,NA,NA,NA,NA,NA,NA,NA,NA,NA,NA,NA
"58","SC",1999,"EASTSIDE",121,100,0.970588235294118,0.00149378635823592,100,14.9378635823592,3.86495324452434,7.5753083592677,NA,16.687051745013,206.217044614773,NA,NA,NA,NA,NA,NA,NA,NA,NA,NA,NA
"59","SC",2000,"EASTSIDE",423,380,0.970588235294118,0.00149378635823592,380,215.702750129267,14.6868223291925,28.7861717652173,NA,58.3357263482687,2520.19736192041,NA,NA,NA,NA,NA,NA,NA,NA,NA,NA,NA
"60","SC",2001,"EASTSIDE",298,231,0.970588235294118,0.00149378635823592,231,79.7099338618269,8.92804199485122,17.4989623099084,NA,41.0970365290404,1250.79560344036,NA,NA,NA,NA,NA,NA,NA,NA,NA,NA,NA
"61","SC",2002,"EASTSIDE",319,269,0.970588235294118,0.00149378635823592,269,108.091874668309,10.3967242277705,20.3775794864301,NA,43.9931364186708,1433.29367372747,NA,NA,NA,NA,NA,NA,NA,NA,NA,NA,NA
"62","SC",2003,"EASTSIDE",1012,964,0.970588235294118,0.00149378635823592,964,1388.16968756321,37.2581492772146,73.0259725833406,NA,139.564432776473,14424.9674844582,NA,NA,NA,NA,NA,NA,NA,NA,NA,NA,NA
"63","SC",2004,"EASTSIDE",730,672,0.970588235294118,0.00149378635823592,672,674.57001879761,25.9724858032035,50.9060721742789,NA,100.673948544294,7505.84407316527,NA,NA,NA,NA,NA,NA,NA,NA,NA,NA,NA
"64","SC",2005,"EASTSIDE",1242,1074,0.970588235294118,0.00149378635823592,1074,1723.04671335254,41.5095978461914,81.3588117785351,NA,171.283622043853,21726.8621821695,NA,NA,NA,NA,NA,NA,NA,NA,NA,NA,NA
"65","SC",2006,"EASTSIDE",1516,1356,NA,NA,1356,0,0,0,NA,209.070830127602,32370.7096570023,NA,NA,NA,NA,NA,NA,NA,NA,NA,NA,NA
"66","SC",2007,"EASTSIDE",3481,3310,NA,NA,3310,0,0,0,NA,480.063034085871,170671.837576007,NA,NA,NA,NA,NA,NA,NA,NA,NA,NA,NA
"67","SC",2008,"EASTSIDE",2311,2098,NA,NA,2098,0,0,0,NA,318.708897377894,75223.5298635378,NA,NA,NA,NA,NA,NA,NA,NA,NA,NA,NA
"68","SC",2009,"EASTSIDE",2296,2247,NA,NA,2247,0,0,0,NA,316.640254599587,74250.1927371049,NA,NA,NA,NA,NA,NA,NA,NA,NA,NA,NA
"69","SC",2010,"EASTSIDE",2555,1663,NA,NA,1663,0,0,0,NA,352.358819905028,91946.5898962746,NA,NA,NA,NA,NA,NA,NA,NA,NA,NA,NA
"70","SC",2011,"EASTSIDE",1928,1853,NA,NA,1853,0,0,0,NA,51.4612042209808,1649.96208496157,NA,NA,NA,NA,NA,NA,NA,NA,NA,NA,NA
"71","SC",2012,"EASTSIDE",3433,3210,NA,NA,3210,0,0,0,NA,276.3989021043,25117.984568883,NA,NA,NA,NA,NA,NA,NA,NA,NA,NA,NA
"72","SC",2013,"EASTSIDE",2207,2081,NA,NA,2081,0,0,0,NA,351.779886148008,93936.2648939072,NA,NA,NA,NA,NA,NA,NA,NA,NA,NA,NA
"73","SC",2014,"EASTSIDE",3551,3385,NA,NA,3385,0,0,0,NA,250.879498184219,23714.5514360069,NA,NA,NA,NA,NA,NA,NA,NA,NA,NA,NA
"74","SC",2015,"EASTSIDE",2787,2635,NA,NA,2635,0,0,0,NA,932.19872110182,360398.183163205,NA,NA,NA,NA,NA,NA,NA,NA,NA,NA,NA
"75","SC",2016,"EASTSIDE",3561,3392,NA,NA,3392,0,0,0,NA,418.190684713376,86017.5798102307,NA,NA,NA,NA,NA,NA,NA,NA,NA,NA,NA
"76","SC",2017,"EASTSIDE",3933,3877,NA,NA,3877,0,0,0,NA,1353.80317164179,628325.573566688,NA,NA,NA,NA,NA,NA,NA,NA,NA,NA,NA
"77","SC",2018,"EASTSIDE",3914,3690,NA,NA,3690,0,0,0,NA,302.279627163782,37596.4489918866,NA,NA,NA,NA,NA,NA,NA,NA,NA,NA,NA
"78","SC",2019,"EASTSIDE",5680,5564,NA,NA,5564,0,0,0,NA,1827.15456034954,1939226.08965312,NA,NA,NA,NA,NA,NA,NA,NA,NA,NA,NA
"79","SC",2020,"EASTSIDE",1507,1436,NA,NA,1436,0,0,0,NA,285.07252075142,20342.545329166,NA,NA,NA,NA,NA,NA,NA,NA,NA,NA,NA
"80","SC",2021,"EASTSIDE",2885,2698,NA,NA,2698,0,0,0,NA,450.569516204791,34555.2892761411,NA,NA,NA,NA,NA,NA,NA,NA,NA,NA,NA
"81","SC",2022,"EASTSIDE",1829,1703,NA,NA,1703,0,0,0,NA,698.245780091497,79508.7934448446,NA,NA,NA,NA,NA,NA,NA,NA,NA,NA,NA
"82","SC",2023,"EASTSIDE",2230,2147,NA,NA,2147,0,0,0,NA,10.9231348907301,134.895563868769,NA,NA,NA,NA,NA,NA,NA,NA,NA,NA,NA
"83","SC",2024,"EASTSIDE",2409,2316,NA,NA,2316,0,0,0,NA,109.467047848329,13969.808304558,NA,NA,NA,NA,NA,NA,NA,NA,NA,NA,NA
"84","SC",1998,"NG",5169,3927,0.779445229375175,0.00810818733946347,3927,125039.024555501,353.608575342144,693.072807670603,NA,2556.22095591302,380846.865218316,0.855351123232161,0.000754424263522203,2186.46646586979,283854.223561798,532.779713917299,1044.2482392779,NA,6113.46646586979,408893.248117299,639.447611706619,1253.31731894497
"85","SC",1999,"NG",9276,8138,0.779445229375175,0.00810818733946347,8138,536981.27969089,732.790065223929,1436.2685278389,NA,4587.25199981604,1226475.28434982,0.613332720275074,0.00158103796343368,2813.51174763445,496580.522199097,704.684697009306,1381.18200613824,NA,10951.5117476344,1033561.80188999,1016.64241594082,1992.61913524401
"86","SC",2000,"NG",13107,10703,0.779445229375175,0.00810818733946347,10703,928826.987096052,963.756705344275,1888.96314247478,NA,6481.79301008936,2448747.01585511,0.823529411764706,0.00107650903498654,5337.94718477947,1708606.08280069,1307.13659684086,2561.98772980808,NA,16040.9471847795,2637433.06989675,1624.01757068597,3183.07443854449
"87","SC",2001,"NG",20907,18457,0.779445229375175,0.00810818733946347,18457,2762141.98291268,1661.96930865545,3257.45984496468,NA,10339.1200474508,6230469.28501396,0.783132530120482,0.00102930891143984,8096.90124197958,3937568.90546183,1984.33084576686,3889.28845770305,NA,26553.9012419796,6699710.8883745,2588.37997372382,5073.22474849868
"88","SC",2002,"NG",17318,15088,0.779445229375175,0.00810818733946347,15088,1845810.55575822,1358.60610765528,2662.86797100434,NA,8564.25508115721,4274967.24517582,0.893290646613033,0.00034288657297375,7650.36895920588,3437903.17623713,1854.15834713142,3634.15036037759,NA,22738.3689592059,5283713.73199535,2298.63301377043,4505.32070699005
"89","SC",2003,"NG",17020,13573,0.779445229375175,0.00810818733946347,13573,1493741.58839363,1222.18721495262,2395.48694130713,NA,8416.8854071657,4129109.80704342,0.877220427392964,0.000351976304436176,7383.4638141915,3203803.47770376,1789.91717062655,3508.23765442804,NA,20956.4638141915,4697545.06609739,2167.3820766301,4248.06887019499
"90","SC",2004,"NG",19434,15959,0.779445229375175,0.00810818733946347,15959,2065071.64697619,1437.03571527509,2816.59000193918,NA,9610.67867231835,5383462.81587312,0.771351397291179,0.000401750385394361,7413.21042280929,3242339.27937325,1800.64968257939,3529.2733778556,NA,23372.2104228093,5307410.92634944,2303.78187473325,4515.41247447717
"91","SC",2005,"NG",22792,18621,0.779445229375175,0.00810818733946347,18621,2811446.18362099,1676.73676634736,3286.40406204082,NA,11271.3074148132,7404610.07061186,0.752848231668428,0.000765710994823658,8485.58385583336,4299735.83289965,2073.58043801046,4064.2176585005,NA,27106.5838558334,7111182.01652064,2666.67996139781,5226.69272433971
"92","SC",2006,"NG",19998,15867,NA,NA,15867,0,0,0,NA,9889.59308886603,5700467.17192204,0.694638460708106,0.000682044596826942,6869.69172027942,2821198.88792975,1679.64248812947,3292.09927673376,NA,22736.6917202794,2821198.88792975,1679.64248812947,3292.09927673376
"93","SC",2007,"NG",23861,19743,NA,NA,19743,0,0,0,NA,11799.9590305747,8115487.29826043,0.788821231281846,0.000653263907297404,9308.05821157325,5146033.56260302,2268.48706467615,4446.23464676526,NA,29051.0582115732,5146033.56260302,2268.48706467615,4446.23464676526
"94","SC",2008,"NG",25596,20867,NA,NA,20867,0,0,0,NA,12657.9670318339,9338594.62884355,0.762557077625571,0.00083056780270055,9652.4223484761,5571163.51578054,2360.33123009897,4626.24921099399,NA,30519.4223484761,5571163.51578054,2360.33123009897,4626.24921099399
"95","SC",2009,"NG",21909,18588,NA,NA,18588,0,0,0,NA,10834.6382130196,6841989.94512548,0.803241313825112,0.000285795127648499,8702.82903304562,4449933.42789586,2109.48653181191,4134.59360235135,NA,27290.8290330456,4449933.42789586,2109.48653181191,4134.59360235135
"96","SC",2010,"NG",27027,20838,NA,NA,20838,0,0,0,NA,13365.6381844576,10411972.3031119,0.776003089029436,0.000318939990543503,10371.7765179888,6330186.07536405,2515.98610396879,4931.33276377883,NA,31209.7765179888,6330186.07536405,2515.98610396879,4931.33276377883
"97","SC",2011,"NG",30322,24713,NA,NA,24713,0,0,0,NA,21882.4050102823,8183614.27568271,0.553914191193621,0.000640137979243362,12120.9746726418,2822666.24031268,1680.07923631973,3292.95530318667,NA,36833.9746726418,2822666.24031268,1680.07923631973,3292.95530318667
"98","SC",2012,"NG",27771,22056,NA,NA,22056,0,0,0,NA,13248.802237331,2524598.6215632,0.649187133690906,0.000437127061691155,8600.95194929058,1141809.59227968,1068.55490840653,2094.36762047679,NA,30656.9519492906,1141809.59227968,1068.55490840653,2094.36762047679
"99","SC",2013,"NG",30558,25257,NA,NA,25257,0,0,0,NA,17157.239835729,3987660.00851041,0.848380583988944,0.000199427858448871,14555.8691514741,2929617.76147105,1711.61262015418,3354.76073550219,NA,39812.8691514741,2929617.76147105,1711.61262015418,3354.76073550219
"100","SC",2014,"NG",37025,31936,NA,NA,31936,0,0,0,NA,21744.197040285,6732768.26814203,0.749569693139111,0.000355520773231913,16298.7911030428,3953325.11600442,1988.29703917811,3897.06219678909,NA,48234.7911030428,3953325.11600442,1988.29703917811,3897.06219678909
"101","SC",2015,"NG",45883,39744,NA,NA,39744,0,0,0,NA,24091.1398132316,7216831.48034125,0.79665457230252,0.000313945861883738,19192.3166841902,4764698.03773236,2182.8188284263,4278.32490371554,NA,58936.3166841902,4764698.03773236,2182.8188284263,4278.32490371554
"102","SC",2016,"NG",56991,49153,NA,NA,49153,0,0,0,NA,21657.0417034909,6461271.99837842,0.766303231415356,0.000397961308750531,16595.8610402822,3983418.4103408,1995.85029757765,3911.8665832522,NA,65748.8610402822,3983418.4103408,1995.85029757765,3911.8665832522
"103","SC",2017,"NG",38626,32335,NA,NA,32335,0,0,0,NA,15237.511532832,3824430.67665073,0.808467479649982,0.000730414216973529,12319.0325450862,2672105.37547382,1634.65757132001,3203.92883978721,NA,44654.0325450862,2672105.37547382,1634.65757132001,3203.92883978721
"104","SC",2018,"NG",50115,41846,NA,NA,41846,0,0,0,NA,18807.337515014,5909265.1225643,0.700557866200659,0.000574730252890517,13175.6282384338,3106844.44771913,1762.62430702607,3454.7436417711,NA,55021.6282384338,3106844.44771913,1762.62430702607,3454.7436417711
"105","SC",2019,"NG",64565,55039,NA,NA,55039,0,0,0,NA,30264.4725707348,14426596.2526484,0.707010912501231,0.00057700969945796,21397.3123686037,7748171.88754477,2783.55382336048,5455.76549378655,NA,76436.3123686037,7748171.88754477,2783.55382336048,5455.76549378655
"106","SC",2020,"NG",43363,37152,NA,NA,37152,0,0,0,NA,14406.7675572619,3787465.83049275,0.662098872240623,0.000847439225826962,9538.70455229588,1839429.8721358,1356.25582842464,2658.26142371229,NA,46690.7045522959,1839429.8721358,1356.25582842464,2658.26142371229
"107","SC",2021,"NG",83097,73272,NA,NA,73272,0,0,0,NA,24593.025482509,11012636.5777569,0.742895295483153,0.00113018861202457,18270.0429326533,6773805.19655917,2602.65349145044,5101.20084324287,NA,91542.0429326533,6773805.19655917,2602.65349145044,5101.20084324287
"108","SC",2022,"NG",86545,76808,NA,NA,76808,0,0,0,NA,23511.6567259476,12484731.1974769,0.800626380681699,0.000506742156311817,18824.052628326,8289197.76705093,2879.09669289708,5643.02951807829,NA,95632.052628326,8289197.76705093,2879.09669289708,5643.02951807829
"109","SC",2023,"NG",64944,56421,NA,NA,56421,0,0,0,NA,19357.5567417035,7814004.74749447,0.847441291373374,0.000366245181441367,16404.3928830226,5751779.59982146,2398.28680516352,4700.64213812051,NA,72825.3928830226,5751779.59982146,2398.28680516352,4700.64213812051
"110","SC",2024,"NG",67850,56991,NA,NA,56991,0,0,0,NA,17886.8793571827,5001618.63575744,0.626754767611391,0.000649814524688284,11210.686914804,2175895.60652807,1475.09172817424,2891.17978722151,NA,68201.686914804,2175895.60652807,1475.09172817424,2891.17978722151
"111","SC",1998,"NORTHEAS",1488,NA,NA,NA,NA,NA,NA,NA,NA,1158.75150780327,130721.746578884,NA,NA,NA,NA,NA,NA,NA,NA,NA,NA,NA
"112","SC",1999,"NORTHEAS",1866,NA,NA,NA,NA,NA,NA,NA,NA,1453.11176986619,205572.613990248,NA,NA,NA,NA,NA,NA,NA,NA,NA,NA,NA
"113","SC",2000,"NORTHEAS",2115,NA,NA,NA,NA,NA,NA,NA,NA,1647.01575201876,264096.546945604,NA,NA,NA,NA,NA,NA,NA,NA,NA,NA,NA
"114","SC",2001,"NORTHEAS",2081,NA,NA,NA,NA,NA,NA,NA,NA,1620.53890305013,255673.749126705,NA,NA,NA,NA,NA,NA,NA,NA,NA,NA,NA
"115","SC",2002,"NORTHEAS",2262,NA,NA,NA,NA,NA,NA,NA,NA,1761.48918726545,302083.622520652,NA,NA,NA,NA,NA,NA,NA,NA,NA,NA,NA
"116","SC",2003,"NORTHEAS",2743,NA,NA,NA,NA,NA,NA,NA,NA,2136.05872708626,444215.383744285,NA,NA,NA,NA,NA,NA,NA,NA,NA,NA,NA
"117","SC",2004,"NORTHEAS",3291,NA,NA,NA,NA,NA,NA,NA,NA,2562.80323399231,639436.972915372,NA,NA,NA,NA,NA,NA,NA,NA,NA,NA,NA
"118","SC",2005,"NORTHEAS",4641,NA,NA,NA,NA,NA,NA,NA,NA,3614.08988421704,1271642.74034333,NA,NA,NA,NA,NA,NA,NA,NA,NA,NA,NA
"119","SC",2006,"NORTHEAS",3693,NA,NA,NA,NA,0,0,0,NA,2875.85303650367,805194.119965873,NA,NA,NA,NA,NA,NA,NA,NA,NA,NA,NA
"120","SC",2007,"NORTHEAS",5080,NA,NA,NA,NA,0,0,0,NA,3955.95272825309,1523594.5272364,NA,NA,NA,NA,NA,NA,NA,NA,NA,NA,NA
"121","SC",2008,"NORTHEAS",6260,NA,NA,NA,NA,0,0,0,NA,4874.85513363471,2313612.62692701,NA,NA,NA,NA,NA,NA,NA,NA,NA,NA,NA
"122","SC",2009,"NORTHEAS",6369,NA,NA,NA,NA,0,0,0,NA,4959.73679650471,2394883.97070247,NA,NA,NA,NA,NA,NA,NA,NA,NA,NA,NA
"123","SC",2010,"NORTHEAS",8141,NA,NA,NA,NA,0,0,0,NA,6339.64786628118,3912888.64697792,NA,NA,NA,NA,NA,NA,NA,NA,NA,NA,NA
"124","SC",2011,"NORTHEAS",6904,NA,NA,NA,NA,0,0,0,NA,6000.52273540995,2122890.10283591,NA,NA,NA,NA,NA,NA,NA,NA,NA,NA,NA
"125","SC",2012,"NORTHEAS",6813,NA,NA,NA,NA,0,0,0,NA,4938.4793337446,2023168.10524286,NA,NA,NA,NA,NA,NA,NA,NA,NA,NA,NA
"126","SC",2013,"NORTHEAS",9965,NA,NA,NA,NA,0,0,0,NA,8625.83003952569,4761147.93639947,NA,NA,NA,NA,NA,NA,NA,NA,NA,NA,NA
"127","SC",2014,"NORTHEAS",11896,NA,NA,NA,NA,0,0,0,NA,5411.00740009867,1633143.85857633,NA,NA,NA,NA,NA,NA,NA,NA,NA,NA,NA
"128","SC",2015,"NORTHEAS",12377,NA,NA,NA,NA,0,0,0,NA,10776.4774069028,10110394.0207914,NA,NA,NA,NA,NA,NA,NA,NA,NA,NA,NA
"129","SC",2016,"NORTHEAS",13580,NA,NA,NA,NA,0,0,0,NA,14147.366319692,22590691.391821,NA,NA,NA,NA,NA,NA,NA,NA,NA,NA,NA
"130","SC",2017,"NORTHEAS",6719,NA,NA,NA,NA,0,0,0,NA,3758.28257093225,1035822.31493221,NA,NA,NA,NA,NA,NA,NA,NA,NA,NA,NA
"131","SC",2018,"NORTHEAS",8479,NA,NA,NA,NA,0,0,0,NA,8690.77890841813,6090869.30855337,NA,NA,NA,NA,NA,NA,NA,NA,NA,NA,NA
"132","SC",2019,"NORTHEAS",9881,NA,NA,NA,NA,0,0,0,NA,10303.6600721829,5030013.85985713,NA,NA,NA,NA,NA,NA,NA,NA,NA,NA,NA
"133","SC",2020,"NORTHEAS",4479,NA,NA,NA,NA,0,0,0,NA,5425.96958456973,2642689.71023513,NA,NA,NA,NA,NA,NA,NA,NA,NA,NA,NA
"134","SC",2021,"NORTHEAS",9680,NA,NA,NA,NA,0,0,0,NA,6922.74712522418,2666714.99015296,NA,NA,NA,NA,NA,NA,NA,NA,NA,NA,NA
"135","SC",2022,"NORTHEAS",10973,NA,NA,NA,NA,0,0,0,NA,3514.09680057242,1054686.77476271,NA,NA,NA,NA,NA,NA,NA,NA,NA,NA,NA
"136","SC",2023,"NORTHEAST",10167,9726,NA,NA,9726,0,0,0,NA,4557.84868848905,1954890.1793157,0.953488372093023,0.000259346762435203,4345.85572623374,1783163.66574595,1335.35151392656,2617.28896729605,NA,14071.8557262337,1783163.66574595,1335.35151392656,2617.28896729605
"137","SC",2024,"NORTHEAST",9100,8161,NA,NA,8161,0,0,0,NA,7501.59872948651,3584870.62161296,0.901639344262295,0.000487284819453591,6763.73655937308,2943501.45534044,1715.66356123234,3362.70058001539,NA,14924.7365593731,2943501.45534044,1715.66356123234,3362.70058001539
"138","SC",1998,"PWSI",3821,2098,0.599730661164571,0.0187030336164465,2098,82323.3475782854,286.920455140942,562.364092076247,NA,9768.35508061479,8755809.36950131,0.4727616096719,0.0348531479349178,4618.10327175813,5587835.80374492,2363.86036045806,4633.1663064978,NA,6716.10327175813,5670159.1513232,2381.2095983603,4667.17081278618
"139","SC",1999,"PWSI",4514,2609,0.599730661164571,0.0187030336164465,2609,127309.324166151,356.804321955538,699.336471032854,NA,11540.0038822023,12219834.714957,0.485663140815049,0.00129427178481197,5604.55453044825,3070452.50925954,1752.27067237329,3434.45051785165,NA,8213.55453044825,3197761.8334257,1788.22868599788,3504.92822455584
"140","SC",2000,"PWSI",6011,3391,0.599730661164571,0.0187030336164465,3391,215063.957894518,463.749887217795,908.949778946879,NA,15367.0720726447,21668840.7650194,0.700739493002267,0.00119149804516587,10768.3142931144,10947364.3190239,3308.68014758512,6485.01308926684,NA,14159.3142931144,11162428.2769184,3341.02204077112,6548.40319991139
"141","SC",2001,"PWSI",7036,4209,0.599730661164571,0.0187030336164465,4209,331336.977281243,575.618777735093,1128.21280436078,NA,17987.4761442569,29688884.7474288,0.0769502197908072,0.000293507782913032,1384.14024278247,279476.027599258,528.65492298782,1036.16364905613,NA,5593.14024278247,610813.004880501,781.545267326532,1531.82872396
"142","SC",2002,"PWSI",7398,4880,0.599730661164571,0.0187030336164465,4880,445401.523755504,667.384090127644,1308.07281665018,NA,18912.926167597,32822440.9876515,0.313628280585146,0.00112117490730391,5931.62851477727,3666346.45255955,1914.77060050533,3752.95037699045,NA,10811.6285147773,4111747.97631505,2027.74455400947,3974.37932585855
"143","SC",2003,"PWSI",11932,8745,0.599730661164571,0.0187030336164465,8745,1430314.96339359,1195.95775987013,2344.07720934546,NA,30504.059885343,85382469.4861944,0.628704953072876,0.000615923575341712,19178.0535387468,34374826.2413298,5863.00488157138,11491.4895678799,NA,27923.0535387468,35805141.2047234,5983.73973403952,11728.1298787175
"144","SC",2004,"PWSI",10310,7438,0.599730661164571,0.0187030336164465,7438,1034723.71412304,1017.21370130521,1993.73885455821,NA,26357.4302227528,63746970.8695646,0.514017680037821,0.00103224588696842,13548.1851348582,17625771.6916849,4198.30581207288,8228.67939166284,NA,20986.1851348582,18660495.4058079,4319.77955523288,8466.76792825644
"145","SC",2005,"PWSI",10930,8176,0.599730661164571,0.0187030336164465,8176,1250241.23928579,1118.14186903353,2191.55806330572,NA,27942.455124606,71644448.8578174,0.178663337307568,0.000529757217363502,4992.29228512907,2738511.36848259,1654.84481703953,3243.49584139748,NA,13168.2922851291,3988752.60776838,1997.18617253585,3914.48489817026
"146","SC",2006,"PWSI",7578,4593,NA,NA,4593,0,0,0,NA,19373.0946874899,34439070.7081555,0.553789149608463,0.000742062244397593,10728.6096322693,10865921.9833413,3296.34979687249,6460.84560187007,NA,15321.6096322693,10865921.9833413,3296.34979687249,6460.84560187007
"147","SC",2007,"PWSI",12404,9289,NA,NA,9289,0,0,0,NA,31710.7240041732,92271108.3507866,0.675882982992574,0.000691057338465722,21432.7387327948,42909756.5045391,6550.55390822326,12839.0856601176,NA,30721.7387327948,42909756.5045391,6550.55390822326,12839.0856601176
"148","SC",2008,"PWSI",9522,6899,NA,NA,6899,0,0,0,NA,24342.9147023329,54374913.1749479,0.654524362783427,0.000425041769372887,15933.0307338358,23569311.0435593,4854.82348222459,9515.4540251602,NA,22832.0307338358,23569311.0435593,4854.82348222459,9515.4540251602
"149","SC",2009,"PWSI",8197,5973,NA,NA,5973,0,0,0,NA,20955.5630975659,40295086.4991799,0.570204621109564,0.00051270148781352,11948.9589161851,13347079.6865373,3653.36552873337,7160.59643631741,NA,17921.9589161851,13347079.6865373,3653.36552873337,7160.59643631741
"150","SC",2010,"PWSI",11909,8081,NA,NA,8081,0,0,0,NA,30445.2605744678,85053622.0002798,0.685040243621592,0.000464000232775187,20856.2287210563,40383528.4087473,6354.80356964299,12455.4149965003,NA,28937.2287210563,40383528.4087473,6354.80356964299,12455.4149965003
"151","SC",2011,"PWSI",11367,8192,NA,NA,8192,0,0,0,NA,58599.9872813991,100066036.134332,0.643810135702339,0.000460479206564809,37727.2657637929,43103865.3177737,6565.35340387505,12868.0926715951,NA,45919.2657637929,43103865.3177737,6565.35340387505,12868.0926715951
"152","SC",2012,"PWSI",13580,9313,NA,NA,9313,0,0,0,NA,31117.1540904279,29413124.019686,0.437941173007567,0.000543374618084599,13627.4829630192,6183335.37755104,2486.63133124938,4873.79740924878,NA,22940.4829630192,6183335.37755104,2486.63133124938,4873.79740924878
"153","SC",2013,"PWSI",14209,10875,NA,NA,10875,0,0,0,NA,46247.9431333989,49601334.7875974,0.483999041370078,0.000384221491266036,22383.9601419029,12460222.8363687,3529.90408316836,6918.61200300999,NA,33258.9601419029,12460222.8363687,3529.90408316836,6918.61200300999
"154","SC",2014,"PWSI",14913,10729,NA,NA,10729,0,0,0,NA,37953.4695998231,47097436.3869558,0.244058137635942,0.000373469156051857,9262.85310735517,3360888.34800711,1833.27257875284,3593.21425435558,NA,19991.8531073552,3360888.34800711,1833.27257875284,3593.21425435558
"155","SC",2015,"PWSI",20073,14853,NA,NA,14853,0,0,0,NA,52130.4467541129,59819505.5901026,0.162920272550286,0.000277189547443956,8493.10659334825,2357657.12291271,1535.4664186861,3009.51418062475,NA,23346.1065933483,2357657.12291271,1535.4664186861,3009.51418062475
"156","SC",2016,"PWSI",28893,22198,NA,NA,22198,0,0,0,NA,64825.5486313337,114245520.833818,0.59719819414665,0.00190914691313199,38713.7005771983,48986190.1830474,6999.01351499248,13718.0664893853,NA,60911.7005771983,48986190.1830474,6999.01351499248,13718.0664893853
"157","SC",2017,"PWSI",16300,11566,NA,NA,11566,0,0,0,NA,33515.7747846135,29331655.3806163,0.546668077960025,0.00223263144594159,18322.0041828457,11339065.1797925,3367.35284456389,6600.01157534523,NA,29888.0041828457,11339065.1797925,3367.35284456389,6600.01157534523
"158","SC",2018,"PWSI",12107,8741,NA,NA,8741,0,0,0,NA,22239.0090393105,18423976.8258652,0.38978907125679,0.000978821198294482,8668.5226791042,3301389.32836923,1816.97257226663,3561.2662416426,NA,17409.5226791042,3301389.32836923,1816.97257226663,3561.2662416426
"159","SC",2019,"PWSI",15083,11420,NA,NA,11420,0,0,0,NA,32001.722103821,26016565.5488536,0.383801234753063,0.000748410908085719,12282.3004576709,4618254.58360343,2149.01246706561,4212.0644354486,NA,23702.3004576709,4618254.58360343,2149.01246706561,4212.0644354486
"160","SC",2020,"PWSI",9001,6714,NA,NA,6714,0,0,0,NA,18605.8843262001,9865637.98516963,0.417870542013154,0.000928453252407584,7774.85096802329,2053266.90807009,1432.92250595421,2808.52811167025,NA,14488.8509680233,2053266.90807009,1432.92250595421,2808.52811167025
"161","SC",2021,"PWSI",16848,13201,NA,NA,13201,0,0,0,NA,26712.1147279763,21799295.2685851,0.546248855369933,0.00100348600557478,14591.4620946674,7242543.77337077,2691.19746086584,5274.74702329705,NA,27792.4620946674,7242543.77337077,2691.19746086584,5274.74702329705
"162","SC",2022,"PWSI",21685,17943,NA,NA,17943,0,0,0,NA,25116.8539817057,15249701.1066846,0.126117994692015,0.000292340175349813,3167.68725714487,431440.669227816,656.841433854333,1287.40921035449,NA,21110.6872571449,431440.669227816,656.841433854333,1287.40921035449
"163","SC",2023,"PWSI",17019,13806,NA,NA,13806,0,0,0,NA,20580.5377869487,12724573.8721693,0.785807076719268,0.00055733216853373,16172.3322356726,8100486.8748317,2846.13542805533,5578.42543898845,NA,29978.3322356726,8100486.8748317,2846.13542805533,5578.42543898845
"164","SC",2024,"PWSI",13250,10257,NA,NA,10257,0,0,0,NA,18301.7874183366,10720103.7742331,0.143239393574092,0.000502958482387781,2621.53693112448,393810.423289589,627.5431644832,1229.98460238707,NA,12878.5369311245,393810.423289589,627.5431644832,1229.98460238707
"165","SC",1998,"PWSO",7091,5439,0.661122484195471,0.0207544133439471,5439,613972.019472664,783.563666508768,1535.78478635719,NA,1471.20399853039,494154.907787815,0.752344344040335,0.00785710708865012,1106.85200722387,300591.429516355,548.262190485861,1074.59389335229,NA,6545.85200722387,914563.448989019,956.328107392551,1874.4030904894
"166","SC",1999,"PWSO",4594,3253,0.661122484195471,0.0207544133439471,3253,219623.388795368,468.639935126498,918.534272847936,NA,953.139355415123,207410.206538899,0.752344344040335,0.00785710708865012,717.089003128818,126166.369082346,355.199055576371,696.190148929687,NA,3970.08900312882,345789.757877714,588.038908472657,1152.55626060641
"167","SC",2000,"PWSO",9244,7038,0.661122484195471,0.0207544133439471,7038,1028037.57112526,1013.92187624356,1987.28687743737,NA,1917.8973011444,839784.81191828,0.752344344040335,0.00785710708865012,1442.91918696622,510836.001266693,714.727921146707,1400.86672544755,NA,8480.91918696622,1538873.57239195,1240.51343095992,2431.40632468144
"168","SC",2001,"PWSO",11235,8211,0.661122484195471,0.0207544133439471,8211,1399273.36069827,1182.90885561748,2318.50135701027,NA,2330.97968177817,1240492.93667428,0.651109204467541,0.00445423545735661,1517.72232623258,555625.926135595,745.403197025338,1460.99026616966,NA,9728.72232623258,1954899.28683386,1398.17712999243,2740.42717478516
"169","SC",2002,"PWSO",9018,6632,0.661122484195471,0.0207544133439471,6632,912850.161978083,955.431924303392,1872.64657163465,NA,1871.00799023369,799224.160636753,0.752344344040335,0.00785710708865012,1407.64227910659,486163.2034078,697.254045099633,1366.61792839528,NA,8039.64227910659,1399013.36538588,1182.79895391646,2318.28594967627
"170","SC",2003,"PWSO",9696,7248,0.661122484195471,0.0207544133439471,7248,1090302.0564219,1044.17529966088,2046.58358733533,NA,2011.67592296583,923917.846117396,0.916202068068087,0.00127959730893079,1843.10164090407,781921.442351476,884.263220060337,1733.15591131826,NA,9091.10164090407,1872223.49877337,1368.29218326108,2681.85267919172
"171","SC",2004,"PWSO",12216,9240,0.661122484195471,0.0207544133439471,9240,1771962.00071418,1331.15063036239,2609.05523551028,NA,2534.51248710299,1466581.45947665,0.703603220031885,0.00386195794060459,1783.29114713669,756514.279959868,869.778293566739,1704.76545539081,NA,11023.2911471367,2528476.28067405,1590.11832285338,3116.63191279262
"172","SC",2005,"PWSO",9664,7477,0.661122484195471,0.0207544133439471,7477,1160286.45707802,1077.16593757787,2111.24523765263,NA,2005.0367285006,917829.441964197,0.864231013121311,0.00202303050139006,1732.81492321751,695512.173148361,833.973724495179,1634.58850001055,NA,9209.81492321751,1855798.63022638,1362.27700201772,2670.06292395473
"173","SC",2006,"PWSO",9129,6195,NA,NA,6195,0,0,0,NA,1894.03769603497,819020.092953157,0.752344344040335,0.00785710708865012,1424.9685480111,498204.94881965,705.836347051957,1383.43924022184,NA,7619.9685480111,498204.94881965,705.836347051957,1383.43924022184
"174","SC",2007,"PWSO",12198,8339,NA,NA,8339,0,0,0,NA,2530.7779402163,1462262.69433278,0.752344344040335,0.00785710708865012,1904.01646934378,889485.516972063,943.125398328379,1848.52578072362,NA,10243.0164693438,889485.516972063,943.125398328379,1848.52578072362
"175","SC",2008,"PWSO",13387,9818,NA,NA,9818,0,0,0,NA,2777.46550956514,1761224.30055801,0.752344344040335,0.00785710708865012,2089.61046688844,1071342.04651266,1035.05654266454,2028.71082362249,NA,11907.6104668884,1071342.04651266,1035.05654266454,2028.71082362249
"176","SC",2009,"PWSO",13724,10348,NA,NA,10348,0,0,0,NA,2847.38452627713,1851013.39263593,0.743057483826949,0.001928515753088,2115.77038158327,1041213.55404615,1020.3987230716,1999.98149722033,NA,12463.7703815833,1041213.55404615,1020.3987230716,1999.98149722033
"177","SC",2010,"PWSO",13038,8515,NA,NA,8515,0,0,0,NA,2705.05679492868,1670590.83943948,0.718627641842346,0.00198237210022014,1943.92858558921,880553.430987791,938.37808530879,1839.22104720523,NA,10458.9285855892,880553.430987791,938.37808530879,1839.22104720523
"178","SC",2011,"PWSO",15590,11330,NA,NA,11330,0,0,0,NA,3693.2731282159,1342172.62098087,0.865250793064619,0.00084486853743237,3195.60750319305,1017487.71621656,1008.70596122783,1977.06368400655,NA,14525.6075031931,1017487.71621656,1008.70596122783,1977.06368400655
"179","SC",2012,"PWSO",16566,11401,NA,NA,11401,0,0,0,NA,2004.04318026045,375586.443758186,0.739490782597044,0.000688014875182341,1481.97145972907,208409.783246082,456.519203589599,894.777639035614,NA,12882.9714597291,208409.783246082,456.519203589599,894.777639035614
"180","SC",2013,"PWSO",19818,14223,NA,NA,14223,0,0,0,NA,6885.76450428396,4343369.56720538,0.796352942526586,0.000497469121030166,5483.49882453165,2780217.03496407,1667.39828324371,3268.10063515767,NA,19706.4988245317,2780217.03496407,1667.39828324371,3268.10063515767
"181","SC",2014,"PWSO",21309,15752,NA,NA,15752,0,0,0,NA,7356.72564483206,3862984.94697562,0.778237371618777,0.000646381891515635,5725.27882955456,2377110.05703376,1541.78794165533,3021.90436564444,NA,21477.2788295546,2377110.05703376,1541.78794165533,3021.90436564444
"182","SC",2015,"PWSO",24516,18386,NA,NA,18386,0,0,0,NA,2612.96377469114,501421.427867282,0.769156051325152,0.000887775100175261,2009.7768991971,303147.938536928,550.588719950679,1079.15389110333,NA,20395.7768991971,303147.938536928,550.588719950679,1079.15389110333
"183","SC",2016,"PWSO",29349,21660,NA,NA,21660,0,0,0,NA,3728.73607259894,690520.60458105,0.599936191987267,0.00108113854743732,2237.00372032057,264312.676285224,514.113485803693,1007.66243217524,NA,23897.0037203206,264312.676285224,514.113485803693,1007.66243217524
"184","SC",2017,"PWSO",28647,20918,NA,NA,20918,0,0,0,NA,7308.86216164331,5936209.98069122,0.776615895138175,0.00124808378817918,5676.17853010615,3654400.53075497,1911.64864207704,3746.83133847099,NA,26594.1785301062,3654400.53075497,1911.64864207704,3746.83133847099
"185","SC",2018,"PWSO",27142,21809,NA,NA,21809,0,0,0,NA,4727.74485742032,2237274.06117763,0.633299155602204,0.00207349406353339,2994.07682610695,948283.456716744,973.798468224686,1908.64499772038,NA,24803.076826107,948283.456716744,973.798468224686,1908.64499772038
"186","SC",2019,"PWSO",33682,26059,NA,NA,26059,0,0,0,NA,6995.35203031944,5326815.95621287,0.729995345387075,0.000804498535103183,5106.57442147721,2882277.53479879,1697.72716736194,3327.5452480294,NA,31165.5744214772,2882277.53479879,1697.72716736194,3327.5452480294
"187","SC",2020,"PWSO",29279,23828,NA,NA,23828,0,0,0,NA,6546.10194239786,3018032.51046166,0.742772561836163,0.00109177990411147,4862.26490979554,1715161.35156288,1309.64168823495,2566.89770894049,NA,28690.2649097955,1715161.35156288,1309.64168823495,2566.89770894049
"188","SC",2021,"PWSO",38638,32675,NA,NA,32675,0,0,0,NA,8140.88169550459,4846611.7748931,0.724720478515419,0.00246297168562718,5899.8636779035,2720704.27297405,1649.45575053532,3232.93327104923,NA,38574.8636779035,2720704.27297405,1649.45575053532,3232.93327104923
"189","SC",2022,"PWSO",36656,31685,NA,NA,31685,0,0,0,NA,13333.0230233803,23551712.98404,0.755133736448644,0.00165095336183709,10068.215493801,13762193.6341078,3709.74306847628,7271.0964142135,NA,41753.215493801,13762193.6341078,3709.74306847628,7271.0964142135
"190","SC",2023,"PWSO",25617,21740,NA,NA,21740,0,0,0,NA,3883.22625264643,2311246.4062183,0.734725791350425,0.00145450599160386,2853.10648146839,1272956.4973526,1128.25373801845,2211.37732651616,NA,24593.1064814684,1272956.4973526,1128.25373801845,2211.37732651616
"191","SC",2024,"PWSO",27256,22949,NA,NA,22949,0,0,0,NA,13921.4039022202,27874897.3209787,0.78887706855792,0.00160144268520561,10982.2763005943,17702310.4710085,4207.41137411218,8246.52629325987,NA,33931.2763005943,17702310.4710085,4207.41137411218,8246.52629325987
"192","SC",1998,"SKMA",27,22,NA,NA,22,NA,NA,NA,NA,7.92150114760534,23.0192672260885,NA,NA,NA,NA,NA,NA,NA,NA,NA,NA,NA
"193","SC",1999,"SKMA",88,73,NA,NA,73,NA,NA,NA,NA,25.8182259625656,244.52840246753,NA,NA,NA,NA,NA,NA,NA,NA,NA,NA,NA
"194","SC",2000,"SKMA",65,5,NA,NA,5,NA,NA,NA,NA,19.0702805405314,133.410705116905,NA,NA,NA,NA,NA,NA,NA,NA,NA,NA,NA
"195","SC",2001,"SKMA",27,8,NA,NA,8,NA,NA,NA,NA,7.92150114760534,23.0192672260885,NA,NA,NA,NA,NA,NA,NA,NA,NA,NA,NA
"196","SC",2002,"SKMA",99,88,NA,NA,88,NA,NA,NA,NA,29.0455042078862,309.481259372967,NA,NA,NA,NA,NA,NA,NA,NA,NA,NA,NA
"197","SC",2003,"SKMA",144,104,NA,NA,104,NA,NA,NA,NA,42.2480061205618,654.770267764295,NA,NA,NA,NA,NA,NA,NA,NA,NA,NA,NA
"198","SC",2004,"SKMA",200,159,NA,NA,159,NA,NA,NA,NA,58.6777862785581,1263.05993010088,NA,NA,NA,NA,NA,NA,NA,NA,NA,NA,NA
"199","SC",2005,"SKMA",287,128,NA,NA,128,NA,NA,NA,NA,84.2026233097309,2600.92458456198,NA,NA,NA,NA,NA,NA,NA,NA,NA,NA,NA
"200","SC",2006,"SKMA",303,191,NA,NA,191,0,0,0,NA,88.8968462120155,2899.00672806579,NA,NA,NA,NA,NA,NA,NA,NA,NA,NA,NA
"201","SC",2007,"SKMA",1148,969,NA,NA,969,0,0,0,NA,336.810493238924,41614.7933529917,NA,NA,NA,NA,NA,NA,NA,NA,NA,NA,NA
"202","SC",2008,"SKMA",1130,1042,NA,NA,1042,0,0,0,NA,331.529492473853,40320.0306186452,NA,NA,NA,NA,NA,NA,NA,NA,NA,NA,NA
"203","SC",2009,"SKMA",810,721,NA,NA,721,0,0,0,NA,237.64503442816,20717.3405034796,NA,NA,NA,NA,NA,NA,NA,NA,NA,NA,NA
"204","SC",2010,"SKMA",644,400,NA,NA,400,0,0,0,NA,188.942471816957,13095.9105792579,NA,NA,NA,NA,NA,NA,NA,NA,NA,NA,NA
"205","SC",2011,"SKMA",689,552,NA,NA,552,0,0,0,NA,161.994954591322,13094.4023311972,NA,NA,NA,NA,NA,NA,NA,NA,NA,NA,NA
"206","SC",2012,"SKMA",918,568,NA,NA,568,0,0,0,NA,591,113950.990644289,NA,NA,NA,NA,NA,NA,NA,NA,NA,NA,NA
"207","SC",2013,"SKMA",1035,868,NA,NA,868,0,0,0,NA,209.797297297297,18918.407507864,NA,NA,NA,NA,NA,NA,NA,NA,NA,NA,NA
"208","SC",2014,"SKMA",653,557,NA,NA,557,0,0,0,NA,219.902635104958,18177.0150373466,NA,NA,NA,NA,NA,NA,NA,NA,NA,NA,NA
"209","SC",2015,"SKMA",619,547,NA,NA,547,0,0,0,NA,281.780946948089,62212.4072839494,NA,NA,NA,NA,NA,NA,NA,NA,NA,NA,NA
"210","SC",2016,"SKMA",804,713,NA,NA,713,0,0,0,NA,94.4187898089173,4384.85633984141,NA,NA,NA,NA,NA,NA,NA,NA,NA,NA,NA
"211","SC",2017,"SKMA",666,607,NA,NA,607,0,0,0,NA,229.248134328358,18017.1171281788,NA,NA,NA,NA,NA,NA,NA,NA,NA,NA,NA
"212","SC",2018,"SKMA",671,599,NA,NA,599,0,0,0,NA,107.642453798768,4325.82548085818,NA,NA,NA,NA,NA,NA,NA,NA,NA,NA,NA
"213","SC",2019,"SKMA",716,588,NA,NA,588,0,0,0,NA,230.324412889132,30814.6911022494,NA,NA,NA,NA,NA,NA,NA,NA,NA,NA,NA
"214","SC",2020,"SKMA",302,255,NA,NA,255,0,0,0,NA,57.128003494976,816.944726512398,NA,NA,NA,NA,NA,NA,NA,NA,NA,NA,NA
"215","SC",2021,"SKMA",1622,1428,NA,NA,1428,0,0,0,NA,253.318459370596,10922.5639907573,NA,NA,NA,NA,NA,NA,NA,NA,NA,NA,NA
"216","SC",2022,"SKMA",1321,NA,NA,NA,NA,0,0,0,NA,504.309828048588,41475.6677984591,NA,NA,NA,NA,NA,NA,NA,NA,NA,NA,NA
"217","SC",2023,"SKMA",1383,1251,NA,NA,1251,0,0,0,NA,59.9276681841168,1542.75327606148,NA,NA,NA,NA,NA,NA,NA,NA,NA,NA,NA
"218","SC",2024,"SKMA",444,386,NA,NA,386,0,0,0,NA,33.1599109131402,387.831707221386,NA,NA,NA,NA,NA,NA,NA,NA,NA,NA,NA
"219","SC",2023,"SOKO2SAP",NA,NA,NA,NA,NA,0,0,0,NA,NA,NA,NA,NA,NA,NA,NA,NA,NA,NA,NA,NA,NA
"220","SC",2024,"SOKO2SAP",NA,NA,NA,NA,NA,0,0,0,NA,NA,NA,NA,NA,NA,NA,NA,NA,NA,NA,NA,NA,NA
"221","SC",1998,"WKMA",148,117,NA,NA,117,NA,NA,NA,NA,42.6866041625117,681.090329904363,NA,NA,NA,NA,NA,NA,NA,NA,NA,NA,NA
"222","SC",1999,"WKMA",228,223,NA,NA,223,NA,NA,NA,NA,65.7604442503559,1616.40794876499,NA,NA,NA,NA,NA,NA,NA,NA,NA,NA,NA
"223","SC",2000,"WKMA",386,308,NA,NA,308,NA,NA,NA,NA,111.331278423848,4632.93164693346,NA,NA,NA,NA,NA,NA,NA,NA,NA,NA,NA
"224","SC",2001,"WKMA",1182,1158,NA,NA,1158,NA,NA,NA,NA,340.915987297898,43442.6427171888,NA,NA,NA,NA,NA,NA,NA,NA,NA,NA,NA
"225","SC",2002,"WKMA",880,811,NA,NA,811,NA,NA,NA,NA,253.812240966286,24079.4535919439,NA,NA,NA,NA,NA,NA,NA,NA,NA,NA,NA
"226","SC",2003,"WKMA",1107,958,NA,NA,958,NA,NA,NA,NA,319.284262215544,38104.5226301576,NA,NA,NA,NA,NA,NA,NA,NA,NA,NA,NA
"227","SC",2004,"WKMA",810,716,NA,NA,716,NA,NA,NA,NA,233.622630889422,20400.9936746828,NA,NA,NA,NA,NA,NA,NA,NA,NA,NA,NA
"228","SC",2005,"WKMA",1266,1133,NA,NA,1133,NA,NA,NA,NA,365.143519390134,49836.633162719,NA,NA,NA,NA,NA,NA,NA,NA,NA,NA,NA
"229","SC",2006,"WKMA",737,582,NA,NA,582,0,0,0,NA,212.567751809264,16889.4792459744,NA,NA,NA,NA,NA,NA,NA,NA,NA,NA,NA
"230","SC",2007,"WKMA",1645,1308,NA,NA,1308,0,0,0,NA,474.455836806296,84142.0498529699,NA,NA,NA,NA,NA,NA,NA,NA,NA,NA,NA
"231","SC",2008,"WKMA",1196,900,NA,NA,900,0,0,0,NA,344.95390931327,44477.8353424251,NA,NA,NA,NA,NA,NA,NA,NA,NA,NA,NA
"232","SC",2009,"WKMA",1849,1517,NA,NA,1517,0,0,0,NA,533.294129030298,106305.346099679,NA,NA,NA,NA,NA,NA,NA,NA,NA,NA,NA
"233","SC",2010,"WKMA",1266,793,NA,NA,793,0,0,0,NA,365.143519390134,49836.633162719,NA,NA,NA,NA,NA,NA,NA,NA,NA,NA,NA
"234","SC",2011,"WKMA",1366,1117,NA,NA,1117,0,0,0,NA,321.168516649849,51469.3443018351,NA,NA,NA,NA,NA,NA,NA,NA,NA,NA,NA
"235","SC",2012,"WKMA",1747,1322,NA,NA,1322,0,0,0,NA,1124.70261437908,412684.875481518,NA,NA,NA,NA,NA,NA,NA,NA,NA,NA,NA
"236","SC",2013,"WKMA",1983,1626,NA,NA,1626,0,0,0,NA,401.959459459459,69446.3308275021,NA,NA,NA,NA,NA,NA,NA,NA,NA,NA,NA
"237","SC",2014,"WKMA",2396,1757,NA,NA,1757,0,0,0,NA,806.870924519875,244720.207028088,NA,NA,NA,NA,NA,NA,NA,NA,NA,NA,NA
"238","SC",2015,"WKMA",2031,1664,NA,NA,1664,0,0,0,NA,924.551055333714,669754.368953018,NA,NA,NA,NA,NA,NA,NA,NA,NA,NA,NA
"239","SC",2016,"WKMA",3337,2644,NA,NA,2644,0,0,0,NA,295.126971451387,25370.2591946919,NA,NA,NA,NA,NA,NA,NA,NA,NA,NA,NA
"240","SC",2017,"WKMA",2899,2301,NA,NA,2301,0,0,0,NA,997.883395522388,341376.22709592,NA,NA,NA,NA,NA,NA,NA,NA,NA,NA,NA
"241","SC",2018,"WKMA",4291,3583,NA,NA,3583,0,0,0,NA,688.366273100616,176905.356555074,NA,NA,NA,NA,NA,NA,NA,NA,NA,NA,NA
"242","SC",2019,"WKMA",6954,5644,NA,NA,5644,0,0,0,NA,4547.86311787072,3743126.05375538,NA,NA,NA,NA,NA,NA,NA,NA,NA,NA,NA
"243","SC",2020,"WKMA",4035,3456,NA,NA,3456,0,0,0,NA,763.283093053735,145836.37674786,NA,NA,NA,NA,NA,NA,NA,NA,NA,NA,NA
"244","SC",2021,"WKMA",7924,6893,NA,NA,6893,0,0,0,NA,1237.54344762799,260682.472630994,NA,NA,NA,NA,NA,NA,NA,NA,NA,NA,NA
"245","SC",2022,"WKMA",11146,NA,NA,NA,NA,0,0,0,NA,4525.72483221476,4143553.54256178,NA,NA,NA,NA,NA,NA,NA,NA,NA,NA,NA
"246","SC",2023,"WKMA",10031,8638,NA,NA,8638,0,0,0,NA,434.659753835775,81159.7270770129,NA,NA,NA,NA,NA,NA,NA,NA,NA,NA,NA
"247","SC",2024,"WKMA",8838,7342,NA,NA,7342,0,0,0,NA,660.061469933182,153668.681935309,NA,NA,NA,NA,NA,NA,NA,NA,NA,NA,NA
"248","SE",1998,"CSEO",9366,4464,0.747799087415838,0.0058048551910895,4464,115675.067629977,340.110375657634,666.616336288963,NA,1419.55665614784,224247.084726638,0.606261752546111,0.00136736599011768,860.622906194685,85484.8220747173,292.377875487728,573.060635955947,NA,5324.62290619469,201159.889704694,448.508516869741,879.076693064691
"249","SE",1999,"CSEO",9636,3836,0.747799087415838,0.0058048551910895,3836,85417.8404319421,292.263306680709,572.836081094189,NA,1460.47917346152,237362.485825007,0.606261752546111,0.00136736599011768,885.432663259874,90484.5202010019,300.80644973305,589.580641476778,NA,4721.43266325987,175902.360632944,419.407153769394,822.038021388012
"250","SE",2000,"CSEO",16855,5777,0.747799087415838,0.0058048551910895,5777,193729.664031664,440.147320827543,862.688748821985,NA,2554.62603452614,726233.055647466,0.606261752546111,0.00136736599011768,1548.77205679174,276845.978276511,526.161551499643,1031.2766409393,NA,7325.77205679174,470575.642308175,685.985161871724,1344.53091726858
"251","SE",2001,"CSEO",15083,4037,0.747799087415838,0.0058048551910895,4037,94603.8670407511,307.577416337336,602.851736021179,NA,2286.05306904525,581559.240911473,0.606261752546111,0.00136736599011768,1385.94654005279,221695.137289423,470.84513089701,922.85645655814,NA,5422.94654005279,316299.004330174,562.404662436376,1102.3131383753
"252","SE",2002,"CSEO",14004,5206,0.747799087415838,0.0058048551910895,5206,157325.716305771,396.643059066676,777.420395770686,NA,2122.51456466948,501328.856231431,0.606261752546111,0.00136736599011768,1286.79939978116,191110.658709823,437.162050857371,856.837619680448,NA,6492.79939978116,348436.375015594,590.284994740332,1156.95858969105
"253","SE",2003,"CSEO",15272,6711,0.747799087415838,0.0058048551910895,6711,261436.287570652,511.308407490677,1002.16447868173,NA,2314.69883116483,596225.202401773,0.606261752546111,0.00136736599011768,1403.31336999842,227285.921714028,476.745132868736,934.420460422722,NA,8114.31336999842,488722.209284681,699.086696543913,1370.20992522607
"254","SE",2004,"CSEO",21796,9789,0.747799087415838,0.0058048551910895,9789,556247.468160515,745.819997157836,1461.80719442936,NA,3303.50810136646,1214428.91038436,0.606261752546111,0.00136736599011768,2002.79061108471,462950.229445134,680.404460189036,1333.59274197051,NA,11791.7906110847,1019197.69760565,1009.55321682695,1978.72430498083
"255","SE",2005,"CSEO",27304,12886,0.747799087415838,0.0058048551910895,12886,963890.3764058,981.779189230348,1924.28721089148,NA,4138.32745456551,1905772.47191312,0.606261752546111,0.00136736599011768,2508.90965521457,726496.047317553,852.347374793607,1670.60085459547,NA,15394.9096552146,1690386.42372335,1300.14861601409,2548.29128738762
"256","SE",2006,"CSEO",33748,20139,NA,NA,20139,0,0,0,NA,5115.01153445198,2911485.15300989,0.561776061776062,0.00047617740462561,2873.49103576356,932687.198958904,965.757318874107,1892.88434499325,NA,23012.4910357636,932687.198958904,965.757318874107,1892.88434499325
"257","SE",2007,"CSEO",38443,24055,NA,NA,24055,0,0,0,NA,5826.60864107317,3777922.47883726,0.629213483146067,0.000657194016262707,3666.18071797862,1520509.95500224,1233.08959731329,2416.85561073404,NA,27721.1807179786,1520509.95500224,1233.08959731329,2416.85561073404
"258","SE",2008,"CSEO",52901,37625,NA,NA,37625,0,0,0,NA,8017.9336607812,7153955.95984754,0.619771863117871,0.000448866096771951,4969.28968329786,2780024.80244716,1667.34063779636,3267.98765008086,NA,42594.2896832979,2780024.80244716,1667.34063779636,3267.98765008086
"259","SE",2009,"CSEO",31717,22290,NA,NA,22290,0,0,0,NA,4807.18326532575,2571595.77342618,0.605128205128205,0.00061426236628926,2908.96218106892,957441.942524621,978.489623105233,1917.83966128626,NA,25198.9621810689,957441.942524621,978.489623105233,1917.83966128626
"260","SE",2010,"CSEO",43813,30785,NA,NA,30785,0,0,0,NA,6640.51204097856,4907095.18265662,0.654565456545655,0.00024901929476083,4346.64979580005,2114676.8798091,1454.19286197158,2850.2180094643,NA,35131.6497958,2114676.8798091,1454.19286197158,2850.2180094643
"261","SE",2011,"CSEO",58843,46504,NA,NA,46504,0,0,0,NA,9637.96803839231,7141508.80309229,0.570028011204482,0.00034375326458169,5493.91175297713,2354890.56871562,1534.56527026895,3007.74792972714,NA,51997.9117529771,2354890.56871562,1534.56527026895,3007.74792972714
"262","SE",2012,"CSEO",57675,43380,NA,NA,43380,0,0,0,NA,6152.58763969815,1027468.70625185,0.61136023916293,0.000355686971756849,3761.44745087675,397857.833439128,630.759727185501,1236.28906528358,NA,47141.4474508768,397857.833439128,630.759727185501,1236.28906528358
"263","SE",2013,"CSEO",60735,48283,NA,NA,48283,0,0,0,NA,9629.98716381418,3833914.13233448,0.638344226579521,0.000251756679358903,6147.24670805568,1586568.46566711,1259.59059446596,2468.79756515328,NA,54430.2467080557,1586568.46566711,1259.59059446596,2468.79756515328
"264","SE",2014,"CSEO",73709,60201,NA,NA,60201,0,0,0,NA,12999.0528964621,10006306.8184141,0.623584905660377,0.000221649453345529,8106.01317411458,3930704.99551917,1982.60056378464,3885.89710501789,NA,68307.0131741146,3930704.99551917,1982.60056378464,3885.89710501789
"265","SE",2015,"CSEO",80105,63217,NA,NA,63217,0,0,0,NA,8154.54599031177,3137762.11054326,0.611059044048735,0.000222951115136005,4982.90907749136,1187143.95829174,1089.56136049868,2135.54026657741,NA,68199.9090774914,1187143.95829174,1089.56136049868,2135.54026657741
"266","SE",2016,"CSEO",54908,42288,NA,NA,42288,0,0,0,NA,8439.77214221996,2423165.61916061,0.546928327645051,0.000211612068372706,4615.95046344965,740428.821472619,860.481738023893,1686.54420652683,NA,46903.9504634497,740428.821472619,860.481738023893,1686.54420652683
"267","SE",2017,"CSEO",57388,46059,NA,NA,46059,0,0,0,NA,14552.0829034384,13249322.287968,0.532722513089005,0.000326250638449725,7752.22217499924,3833479.0281654,1957.92722749478,3837.53736588977,NA,53811.2221749992,3833479.0281654,1957.92722749478,3837.53736588977
"268","SE",2018,"CSEO",55460,44943,NA,NA,44943,0,0,0,NA,6239.04732072004,1305580.49638512,0.634860050890585,0.000295302887482533,3960.92189954109,538091.090079319,733.546924251829,1437.75197153359,NA,48903.9218995411,538091.090079319,733.546924251829,1437.75197153359
"269","SE",2019,"CSEO",59842,51062,NA,NA,51062,0,0,0,NA,9834.2503043694,3923387.55156857,0.648322147651007,0.000306452339403485,6375.76227786634,1679924.65783566,1296.11907548484,2540.39338795028,NA,57437.7622778663,1679924.65783566,1296.11907548484,2540.39338795028
"270","SE",2020,"CSEO",24728,23904,NA,NA,23904,0,0,0,NA,5579.58251293176,3148769.52383551,0.940540540540541,0.000151555642656499,5247.82355270338,2790648.90673848,1670.52354270704,3274.2261437058,NA,29151.8235527034,2790648.90673848,1670.52354270704,3274.2261437058
"271","SE",2021,"CSEO",56521,53700,NA,NA,53700,0,0,0,NA,6300.38324569167,1468791.0672019,0.959574468085106,8.27106786445449e-05,6045.6869017169,1355842.75090012,1164.40660892152,2282.23695348619,NA,59745.6869017169,1355842.75090012,1164.40660892152,2282.23695348619
"272","SE",2022,"CSEO",67729,64331,NA,NA,64331,0,0,0,NA,11225.9394255959,5307635.0491281,0.92695652173913,0.000117958412098299,10405.9577632045,4576068.28933736,2139.1746748074,4192.78236262251,NA,74736.9577632045,4576068.28933736,2139.1746748074,4192.78236262251
"273","SE",2023,"CSEO",51033,48472,NA,NA,48472,0,0,0,NA,9405.04802722803,3870986.23769378,0.92713567839196,8.49749839555224e-05,8719.75558303302,3335269.93485985,1826.27214151119,3579.49339736192,NA,57191.755583033,3335269.93485985,1826.27214151119,3579.49339736192
"274","SE",2024,"CSEO",52729,48852,NA,NA,48852,0,0,0,NA,7538.7827630995,1878396.63089439,0.922341696535245,8.56788174255157e-05,6953.33368352786,1603009.04091176,1266.09993322477,2481.55586912054,NA,55805.3336835279,1603009.04091176,1266.09993322477,2481.55586912054
"275","SE",1998,"EWYKT",1305,699,0.871158572353552,0.00112104884222263,699,547.745585358819,23.4039651631688,45.8717717198109,NA,340.03895326402,27091.9385422038,0.863119695874594,0.00749350046380929,293.494317926757,21252.2940339894,145.781665630454,285.732064635689,NA,992.494317926757,21800.0396193482,147.648364770316,289.390794949819
"276","SE",1999,"EWYKT",663,547,0.871158572353552,0.00112104884222263,547,335.427903032591,18.3146909073724,35.89679417845,NA,172.755422232985,6992.71962129621,0.863119695874594,0.00749350046380929,149.108607498421,5485.4448033509,74.0637887455867,145.16502594135,NA,696.108607498421,5820.87270638349,76.2946440216054,149.537502282347
"277","SE",2000,"EWYKT",1199,1057,0.871158572353552,0.00112104884222263,1057,1252.49069792439,35.3905453182681,69.3654688238056,NA,312.41893100656,22869.5397543845,0.863119695874594,0.00749350046380929,269.654932715848,17940.0297444589,133.940396238248,262.523176626966,NA,1326.65493271585,19192.5204423833,138.537072447715,271.532661997521
"278","SE",2001,"EWYKT",1043,891,0.871158572353552,0.00112104884222263,891,889.979375912544,29.832522117859,58.4717433510036,NA,271.770596363504,17305.6404052776,0.863119695874594,0.00749350046380929,234.570554480925,13575.4242084416,116.513622415757,228.366699934884,NA,1125.57055448093,14465.4035843542,120.272206200577,235.733524153131
"279","SE",2002,"EWYKT",893,791,0.871158572353552,0.00112104884222263,791,701.418960650697,26.4843153706245,51.909258126424,NA,232.68565920672,12685.9202293225,0.863119695874594,0.00749350046380929,200.835575408884,9951.48082095729,99.7571091249004,195.523933884805,NA,991.835575408884,10652.899781608,103.212885734331,202.297256039288
"280","SE",2003,"EWYKT",1627,1184,0.871158572353552,0.00112104884222263,1184,1571.54904576285,39.6427678872559,77.6998250590215,NA,423.94128502725,42110.8651847656,0.863119695874594,0.00749350046380929,365.912073001405,33033.9037030579,181.752314161493,356.234535756526,NA,1549.9120730014,34605.4527488208,186.025408879596,364.609801404008
"281","SE",2004,"EWYKT",1501,1123,0.871158572353552,0.00112104884222263,1123,1413.78720534338,37.6003617714429,73.6967090720281,NA,391.109937815551,35841.026777366,0.863119695874594,0.00749350046380929,337.57469058089,28115.5236774986,167.676842997173,328.646612274459,NA,1460.57469058089,29529.310882842,171.840946467488,336.808255076276
"282","SE",2005,"EWYKT",1676,1392,0.871158572353552,0.00112104884222263,1392,2172.21598381647,46.6070379215036,91.349794326147,NA,436.709031165133,44685.5478683669,0.863119695874594,0.00749350046380929,376.932166164938,35053.6157052417,187.226108503173,366.963172666218,NA,1768.93216616494,37225.8316890582,192.939969133039,378.162339500757
"283","SE",2006,"EWYKT",2529,2089,NA,NA,2089,0,0,0,NA,658.972040463378,101745.852995527,0.9125,0.000502161949685535,601.311986922832,84988.4741932794,291.527827476691,571.394541854315,NA,2690.31198692283,84988.4741932794,291.527827476691,571.394541854315
"284","SE",2007,"EWYKT",2290,1956,NA,NA,1956,0,0,0,NA,596.696707260235,83423.81051903,0.949044585987261,0.000309993332022623,566.291779501752,75274.8600252537,274.362643275745,537.75078082046,NA,2522.29177950175,75274.8600252537,274.362643275745,537.75078082046
"285","SE",2008,"EWYKT",2857,2456,NA,NA,2456,0,0,0,NA,744.437769712878,129849.277997606,0.791044776119403,0.00250443845899404,588.883608877352,82966.5525943887,288.03915114857,564.556736251197,NA,3044.88360887735,82966.5525943887,288.03915114857,564.556736251197
"286","SE",2009,"EWYKT",2494,2193,NA,NA,2193,0,0,0,NA,649.852221793461,98949.1246706861,0.942708333333333,0.000282771369618964,612.621104919877,88083.3848831661,296.788451397904,581.705364739892,NA,2805.62110491988,88083.3848831661,296.788451397904,581.705364739892
"287","SE",2010,"EWYKT",2435,1932,NA,NA,1932,0,0,0,NA,634.478813178459,94322.8662543993,0.895522388059702,0.000467810202717754,568.189981950859,75875.6470483747,275.455344926133,539.89247605522,NA,2500.18998195086,75875.6470483747,275.455344926133,539.89247605522
"288","SE",2011,"EWYKT",2848,2363,NA,NA,2363,0,0,0,NA,1436.43668122271,404683.388629028,0.826086956521739,0.000522426533768689,1186.62160622745,277453.266674404,526.738328465286,1032.40712379196,NA,3549.62160622745,277453.266674404,526.738328465286,1032.40712379196
"289","SE",2012,"EWYKT",3241,2727,NA,NA,2727,0,0,0,NA,535.144277011863,48300.3406377392,0.82962962962963,0.0010548082632107,443.971548335768,33597.438478935,183.296040543529,359.260239465317,NA,3170.97154833577,33597.438478935,183.296040543529,359.260239465317
"290","SE",2013,"EWYKT",3884,3432,NA,NA,3432,0,0,0,NA,591.36648814078,87012.2978025348,0.863119695874594,0.00749350046380929,510.420063394497,68094.6507190758,260.949517568199,511.46105443367,NA,3942.4200633945,68094.6507190758,260.949517568199,511.46105443367
"291","SE",2014,"EWYKT",4695,4020,NA,NA,4020,0,0,0,NA,1023.13978494624,234030.602065489,0.863119695874594,0.00749350046380929,883.092100019993,183945.107653111,428.888222795999,840.620916680159,NA,4903.09210001999,183945.107653111,428.888222795999,840.620916680159
"292","SE",2015,"EWYKT",5729,4715,NA,NA,4715,0,0,0,NA,2397.56789359728,1115072.92742745,0.981818181818182,0.000330578512396694,2353.97575007733,1077162.33425133,1037.86431398875,2034.21405541794,NA,7068.97575007733,1077162.33425133,1037.86431398875,2034.21405541794
"293","SE",2016,"EWYKT",7499,6237,NA,NA,6237,0,0,0,NA,2107.86743084974,521828.911830426,0.85,0.00161392405063291,1791.68731622228,385034.415218725,620.511414253376,1216.20237193662,NA,8028.68731622228,385034.415218725,620.511414253376,1216.20237193662
"294","SE",2017,"EWYKT",6324,5527,NA,NA,5527,0,0,0,NA,1256.04884004884,191271.467619989,0.907928388746803,0.000214344691421634,1140.40239953283,158050.726953072,397.555941916445,779.209646156232,NA,6667.40239953283,158050.726953072,397.555941916445,779.209646156232
"295","SE",2018,"EWYKT",8659,7682,NA,NA,7682,0,0,0,NA,1971.37950630439,502872.733877008,0.814814814814815,0.000623519142037661,1606.30922735913,336605.622224711,580.177233459493,1137.14737758061,NA,9288.30922735913,336605.622224711,580.177233459493,1137.14737758061
"296","SE",2019,"EWYKT",7908,7169,NA,NA,7169,0,0,0,NA,3002.49447353112,1226769.44460753,0.869757174392936,0.000250618654833964,2611.44110942884,930590.306288474,964.671087100921,1890.75533071781,NA,9780.44110942884,930590.306288474,964.671087100921,1890.75533071781
"297","SE",2020,"EWYKT",4059,3983,NA,NA,3983,0,0,0,NA,914.638387715931,109543.02664472,0.98876404494382,0.000126246686024492,904.361551898898,107214.657839117,327.436494360535,641.775528946648,NA,4887.3615518989,107214.657839117,327.436494360535,641.775528946648
"298","SE",2021,"EWYKT",7343,7225,NA,NA,7225,0,0,0,NA,1513.75077974157,303380.239712913,0.996610169491525,1.14909508761848e-05,1508.61942116618,301356.72762411,548.959677594002,1075.96096808424,NA,8733.61942116618,301356.72762411,548.959677594002,1075.96096808424
"299","SE",2022,"EWYKT",6780,6589,NA,NA,6589,0,0,0,NA,2639.47063688999,966290.796216208,0.982222222222222,3.88902636861063e-05,2592.54671445639,932547.705935001,965.685096672306,1892.74278947772,NA,9181.54671445639,932547.705935001,965.685096672306,1892.74278947772
"300","SE",2023,"EWYKT",6906,6785,NA,NA,6785,0,0,0,NA,4315.52102685357,3196463.99802434,0.974658869395711,4.82401517655956e-05,4206.16084488652,3037565.26636021,1742.86122980581,3416.00801041938,NA,10991.1608448865,3037565.26636021,1742.86122980581,3416.00801041938
"301","SE",2024,"EWYKT",6995,6907,NA,NA,6907,0,0,0,NA,1698.80836355394,511065.800593477,0.967441860465116,4.89101041691161e-05,1643.49832381032,478494.99202135,691.733324353649,1355.79731573315,NA,8550.49832381032,478494.99202135,691.733324353649,1355.79731573315
"302","SE",1998,"NSEI",5285,2544,0.658473355230599,0.00957302887023125,2544,61956.030174289,248.909682765233,487.862978219857,NA,3144.40151429046,781648.066122264,0.481909605455261,0.0139632864583167,1515.31729314464,330500.530476947,574.891755443533,1126.78784066932,NA,4059.31729314464,392456.560651236,626.463534973294,1227.86852854766
"303","SE",1999,"NSEI",6363,3857,0.658473355230599,0.00957302887023125,3857,142412.675763523,377.376040261597,739.657038912731,NA,3785.77612780137,1133039.68373943,0.481909605455261,0.0139632864583167,1824.4018800907,479077.775225687,692.15444463334,1356.62271148135,NA,5681.4018800907,621490.45098921,788.346656610663,1545.1594469569
"304","SE",2000,"NSEI",9746,5582,0.658473355230599,0.00957302887023125,5582,298283.364411567,546.153242608306,1070.46035551228,NA,5798.55007725163,2658116.97277721,0.481909605455261,0.0139632864583167,2794.37697994091,1123918.94466126,1060.15043492009,2077.89485244338,NA,8376.37697994091,1422202.30907282,1192.56123912897,2337.42002869278
"305","SE",2001,"NSEI",7242,3909,0.658473355230599,0.00957302887023125,3909,146278.571158246,382.463816796107,749.62908092037,NA,4308.75227369755,1467703.45107877,0.481909605455261,0.0139632864583167,2076.42910822204,620582.0626805,787.770310865103,1544.0298092956,NA,5985.42910822204,766860.633838746,875.705791826654,1716.38335198024
"306","SE",2002,"NSEI",4958,3120,0.658473355230599,0.00957302887023125,3120,93187.6922343791,305.266592070569,598.322520458315,NA,2949.847248411,687914.271302955,0.481909605455261,0.0139632864583167,1421.55972363503,290867.516267515,539.32134786926,1057.06984182375,NA,4541.55972363503,384055.208501894,619.721879960595,1214.65488472277
"307","SE",2003,"NSEI",6069,3551,0.658473355230599,0.00957302887023125,3551,120712.074415097,347.436432193138,680.97540709855,NA,3610.85577866203,1030755.23560437,0.481909605455261,0.0139632864583167,1740.10608365087,435829.328983266,660.173711217938,1293.94047398716,NA,5291.10608365087,556541.403398362,746.017026212112,1462.19337137574
"308","SE",2004,"NSEI",6052,3328,0.658473355230599,0.00957302887023125,3328,106026.885386671,325.617698208607,638.210688488869,NA,3600.74133670499,1024988.78405915,0.481909605455261,0.0139632864583167,1735.23183691795,433391.127729705,658.324485136095,1290.31599086675,NA,5063.23183691795,539418.013116376,734.450824164815,1439.52361536304
"309","SE",2005,"NSEI",7678,4465,0.658473355230599,0.00957302887023125,4465,190850.057488426,436.863888972785,856.253222386659,NA,4568.15796153684,1649747.54215939,0.481909605455261,0.0139632864583167,2201.43920090153,697554.899024635,835.197520964134,1636.9871410897,NA,6666.43920090153,888404.956513061,942.552362743344,1847.40263097695
"310","SE",2006,"NSEI",6437,3476,NA,NA,3476,0,0,0,NA,3829.80369867317,1159546.82935267,0.557894736842105,0.00130501692828563,2136.62732662819,381559.364383323,617.704916916907,1210.70163715714,NA,5612.62732662819,381559.364383323,617.704916916907,1210.70163715714
"311","SE",2007,"NSEI",7499,4164,NA,NA,4164,0,0,0,NA,4461.65883740098,1573721.87507113,0.363636363636364,0.00111252383979657,1622.42139541854,231992.601756864,481.656103207324,944.045962286354,NA,5786.42139541854,231992.601756864,481.656103207324,944.045962286354
"312","SE",2008,"NSEI",10923,6828,NA,NA,6828,0,0,0,NA,6498.82644098292,3338913.29750725,0.325581395348837,0.00128408275059381,2115.89698078514,412455.992942948,642.227368572025,1258.76564240117,NA,8943.89698078514,412455.992942948,642.227368572025,1258.76564240117
"313","SE",2009,"NSEI",9325,5994,NA,NA,5994,0,0,0,NA,5548.06889702149,2433430.54662668,0.30316742081448,0.00096025879895989,1681.99373801104,255552.296808868,505.521806462262,990.822740666033,NA,7675.99373801104,255552.296808868,505.521806462262,990.822740666033
"314","SE",2010,"NSEI",11942,7473,NA,NA,7473,0,0,0,NA,7105.09799123117,3990941.92530611,0.349633251833741,0.000557328041779178,2484.17851527153,518225.883923724,719.879075903533,1410.96298877092,NA,9957.17851527153,518225.883923724,719.879075903533,1410.96298877092
"315","SE",2011,"NSEI",13281,8325,NA,NA,8325,0,0,0,NA,7853.14412595882,2883554.54717307,0.390804597701149,0.000686099032036865,3069.04483083448,484691.608555564,696.197966497723,1364.54801433554,NA,11394.0448308345,484691.608555564,696.197966497723,1364.54801433554
"316","SE",2012,"NSEI",15243,9183,NA,NA,9183,0,0,0,NA,15088.8378409091,11116596.9906183,0.525291828793774,0.000486082501747108,7926.04322382384,3183490.80052854,1784.2339534177,3497.09854869868,NA,17109.0432238238,3183490.80052854,1784.2339534177,3497.09854869868
"317","SE",2013,"NSEI",14770,9583,NA,NA,9583,0,0,0,NA,8172.23880597015,2814788.85737179,0.601220752797558,0.000244149041958346,4913.31956696679,1034444.41769953,1017.07640701155,1993.46975774264,NA,14496.3195669668,1034444.41769953,1017.07640701155,1993.46975774264
"318","SE",2014,"NSEI",19857,13571,NA,NA,13571,0,0,0,NA,12419.1199241513,9528568.36911342,0.497773820124666,0.000222811982284459,6181.91276723116,2397465.39027738,1548.37508061754,3034.81515801038,NA,19752.9127672312,2397465.39027738,1548.37508061754,3034.81515801038
"319","SE",2015,"NSEI",22095,13976,NA,NA,13976,0,0,0,NA,9668.88570014844,4304414.60669642,0.492598684210526,0.000205716230884432,4762.88037367509,1064598.46682208,1031.79381022668,2022.31586804429,NA,18738.8803736751,1064598.46682208,1031.79381022668,2022.31586804429
"320","SE",2016,"NSEI",25877,16646,NA,NA,16646,0,0,0,NA,14189.2918187014,6762576.62555134,0.440884820747521,0.000188172057696143,6255.84338002242,1353664.09491594,1163.47071081138,2280.40259319031,NA,22901.8433800224,1353664.09491594,1163.47071081138,2280.40259319031
"321","SE",2017,"NSEI",24305,19203,NA,NA,19203,0,0,0,NA,16806.2283606367,14540377.8749319,0.687445127304653,0.000188808720781847,11553.359794889,6927577.69623307,2632.02919745072,5158.77722700341,NA,30756.359794889,6927577.69623307,2632.02919745072,5158.77722700341
"322","SE",2018,"NSEI",34673,28268,NA,NA,28268,0,0,0,NA,15349.2690105927,8197994.46042361,0.56642800318218,0.000195531306045564,8694.25579597616,2677920.29201803,1636.43523917631,3207.41306878557,NA,36962.2557959762,2677920.29201803,1636.43523917631,3207.41306878557
"323","SE",2019,"NSEI",36293,30096,NA,NA,30096,0,0,0,NA,23183.36121673,24125308.8190178,0.644373673036093,0.000121697420357975,14938.7476205468,10085593.2237535,3175.78230106433,6224.53331008609,NA,45034.7476205468,10085593.2237535,3175.78230106433,6224.53331008609
"324","SE",2020,"NSEI",17585,17302,NA,NA,17302,0,0,0,NA,4858.39789044496,1472700.4379099,0.69811320754717,0.000569597721609114,3391.71173483893,732021.953826384,855.582815293987,1676.94231797621,NA,20693.7117348389,732021.953826384,855.582815293987,1676.94231797621
"325","SE",2021,"NSEI",33151,31211,NA,NA,31211,0,0,0,NA,7926.48998058092,3864104.35741784,0.769047619047619,0.000423898278484027,6095.84824697056,2313634.82061795,1521.06371353009,2981.28487851898,NA,37306.8482469706,2313634.82061795,1521.06371353009,2981.28487851898
"326","SE",2022,"NSEI",34168,31320,NA,NA,31320,0,0,0,NA,23959.7262735353,56312393.2057588,0.857853589196873,8.67288824316613e-05,20553.9371799269,41495682.0894528,6441.71421979063,12625.7598707896,NA,51873.9371799269,41495682.0894528,6441.71421979063,12625.7598707896
"327","SE",2023,"NSEI",31783,29468,NA,NA,29468,0,0,0,NA,15106.2697195537,11460905.6924948,0.878787878787879,5.87209166942554e-05,13275.2067232442,8864965.34687551,2977.40916685556,5835.72196703689,NA,42743.2067232442,8864965.34687551,2977.40916685556,5835.72196703689
"328","SE",2024,"NSEI",37144,34672,NA,NA,34672,0,0,0,NA,21829.9540670672,25454057.1127231,0.843304843304843,6.27751945669534e-05,18409.30599388,18133498.3210773,4258.34455170989,8346.35532135138,NA,53081.30599388,18133498.3210773,4258.34455170989,8346.35532135138
"329","SE",1998,"NSEO",1123,601,0.710663947554132,0.00835200555810994,601,3016.75275959487,54.9249739152862,107.652948873961,NA,595.655338971554,93360.3427904111,0.649849958295162,0.0237205162937612,387.086597188955,50057.2566274251,223.734790829288,438.520190025404,NA,988.086597188955,53074.00938702,230.37797070688,451.540822585485
"330","SE",1999,"NSEO",1071,484,0.710663947554132,0.00835200555810994,484,1956.5074140206,44.2324249168029,86.6955528369336,NA,568.073791663877,84914.5019697874,0.649849958295162,0.0237205162937612,369.162729821345,45528.8282952643,213.374853943159,418.214713728591,NA,853.162729821345,47485.3357092849,217.911302389951,427.106152684305
"331","SE",2000,"NSEO",2883,1457,0.710663947554132,0.00835200555810994,1457,17730.0466470281,133.154221288805,260.982273726058,NA,1529.18463246214,615307.501617431,0.649849958295162,0.0237205162937612,993.740569631127,329911.015669568,574.378808513657,1125.78246468677,NA,2450.74056963113,347641.062316596,589.610941483107,1155.63744530689
"332","SE",2001,"NSEO",2839,1235,0.710663947554132,0.00835200555810994,1235,12738.6876773682,112.865794983991,221.216958168622,NA,1505.84640012488,596669.323616881,0.649849958295162,0.0237205162937612,978.574220320073,319917.73553203,565.612708071547,1108.60090782023,NA,2213.57422032007,332656.423209398,576.763749909265,1130.45694982216
"333","SE",2002,"NSEO",2029,687,0.710663947554132,0.00835200555810994,687,3941.88771125559,62.7844543757098,123.057530576391,NA,1076.21075937069,304766.353777939,0.649849958295162,0.0237205162937612,699.375517093846,163407.364695686,404.236768114537,792.304065504492,NA,1386.37551709385,167349.252406941,409.08342964112,801.803522096596
"334","SE",2003,"NSEO",3083,1424,0.710663947554132,0.00835200555810994,1424,16935.9964226019,130.138374135387,255.071213305358,NA,1635.26750672244,703639.116398725,0.649849958295162,0.0237205162937612,1062.67852104501,377272.006185085,614.224719614153,1203.88045044374,NA,2486.67852104501,394208.002607687,627.859859051116,1230.60532374019
"335","SE",2004,"NSEO",2923,999,0.710663947554132,0.00835200555810994,999,8335.30989899928,91.2979183716654,178.943920008464,NA,1550.4012073142,632500.03783668,0.649849958295162,0.0237205162937612,1007.5281599139,339129.182311643,582.347990733756,1141.40206183816,NA,2006.5281599139,347464.492210642,589.461188044338,1155.3439285669
"336","SE",2005,"NSEO",2796,1188,0.710663947554132,0.00835200555810994,1188,11787.5529324051,108.570497523062,212.798175145201,NA,1483.03858215892,578731.683724506,0.649849958295162,0.0237205162937612,963.752560766088,310300.064725071,557.045837184941,1091.80984088248,NA,2151.75256076609,322087.617657477,567.527636029715,1112.35416661824
"337","SE",2006,"NSEO",3058,1407,NA,NA,1407,0,0,0,NA,1622.0071474399,692273.786898811,0.378787878787879,0.00362011725648089,614.396646757539,111357.925726991,333.703349888776,654.058565782002,NA,2021.39664675754,111357.925726991,333.703349888776,654.058565782002
"338","SE",2007,"NSEO",4266,2518,NA,NA,2518,0,0,0,NA,2262.74770797208,1347238.94107506,0.344262295081967,0.00376242945444773,778.978719137929,184002.714014569,428.955375318423,840.75253562411,NA,3296.97871913793,184002.714014569,428.955375318423,840.75253562411
"339","SE",2008,"NSEO",5010,3047,NA,NA,3047,0,0,0,NA,2657.37600022038,1858139.76212869,0.643564356435644,0.00229389275561219,1710.19247538935,790056.220964686,888.851067932466,1742.14809314763,NA,4757.19247538935,790056.220964686,888.851067932466,1742.14809314763
"340","SE",2009,"NSEO",2818,1954,NA,NA,1954,0,0,0,NA,1494.70769832755,587874.879398666,0.5,0.00324675324675325,747.353849163775,156131.141871869,395.134333957287,774.463294556283,NA,2701.35384916377,156131.141871869,395.134333957287,774.463294556283
"341","SE",2010,"NSEO",4613,2971,NA,NA,2971,0,0,0,NA,2446.80149481369,1575323.79981807,0.574074074074074,0.00151871448167744,1404.64530257823,530650.117743299,728.457354787018,1427.77641538255,NA,4375.64530257823,530650.117743299,728.457354787018,1427.77641538255
"342","SE",2011,"NSEO",8950,6832,NA,NA,6832,0,0,0,NA,2109.86387208297,736850.511553881,0.587878787878788,0.00147730072342046,1240.34421570938,262321.411123665,512.173223747264,1003.85951854464,NA,8072.34421570938,262321.411123665,512.173223747264,1003.85951854464
"343","SE",2012,"NSEO",8600,6467,NA,NA,6467,0,0,0,NA,4056.14035087719,2425591.28382108,0.696498054474708,0.000825736385108026,2825.09386306232,1192265.61233737,1091.90915937974,2140.14195238429,NA,9292.09386306232,1192265.61233737,1091.90915937974,2140.14195238429
"344","SE",2013,"NSEO",6970,5295,NA,NA,5295,0,0,0,NA,3563.46380325597,1983952.15972031,0.709150326797386,0.000676249641969006,2527.03152060963,1007646.85679043,1003.81614690661,1967.47964793696,NA,7822.03152060963,1007646.85679043,1003.81614690661,1967.47964793696
"345","SE",2014,"NSEO",8688,6428,NA,NA,6428,0,0,0,NA,9722.2508839872,9687106.4801496,0.818396226415094,0.00035135660284782,7956.65343571594,6524771.01020746,2554.36313201695,5006.55173875323,NA,14384.6534357159,6524771.01020746,2554.36313201695,5006.55173875323
"346","SE",2015,"NSEO",9156,6577,NA,NA,6577,0,0,0,NA,4529.48035542233,3708908.49097668,0.635782747603834,0.000742189248247287,2879.765465588,1517193.49486419,1231.74408659599,2414.21840972814,NA,9456.765465588,1517193.49486419,1231.74408659599,2414.21840972814
"347","SE",2016,"NSEO",5839,4347,NA,NA,4347,0,0,0,NA,1660.62785079242,405106.185098781,0.731075697211155,0.000392423197920915,1214.04466382633,217758.933899799,466.646476360637,914.627093666849,NA,5561.04466382633,217758.933899799,466.646476360637,914.627093666849
"348","SE",2017,"NSEO",9211,7495,NA,NA,7495,0,0,0,NA,6867.01714719272,4662505.66568143,0.820662768031189,0.000287451932028468,5635.50530013281,3155034.02743776,1776.24154535293,3481.43342889174,NA,13130.5053001328,3155034.02743776,1776.24154535293,3481.43342889174
"349","SE",2018,"NSEO",11024,9189,NA,NA,9189,0,0,0,NA,7836.88364070585,7422148.53560271,0.794055201698514,0.000347939443306482,6222.91822000847,4703792.05091849,2168.82273386243,4250.89255837036,NA,15411.9182200085,4703792.05091849,2168.82273386243,4250.89255837036
"350","SE",2019,"NSEO",11553,9925,NA,NA,9925,0,0,0,NA,6640.66345167248,4892127.85531231,0.863711001642036,0.000193609058033794,5735.6140814117,3658996.22053269,1912.85028701482,3749.18656254905,NA,15660.6140814117,3658996.22053269,1912.85028701482,3749.18656254905
"351","SE",2020,"NSEO",3314,3142,NA,NA,3142,0,0,0,NA,1085.57191634656,110201.419375961,0.649849958295162,0.0237205162937612,705.458864564214,77106.4725800016,277.680522507434,544.253824114571,NA,3847.45886456421,77106.4725800016,277.680522507434,544.253824114571
"352","SE",2021,"NSEO",9732,9094,NA,NA,9094,0,0,0,NA,6262.89467835535,3588518.03593881,0.649849958295162,0.0237205162937612,4069.94184553622,2530980.46308994,1590.90554813601,3118.17487434658,NA,13163.9418455362,2530980.46308994,1590.90554813601,3118.17487434658
"353","SE",2022,"NSEO",10558,9674,NA,NA,9674,0,0,0,NA,4984.015808541,3116937.65814128,0.973913043478261,5.53516932923137e-05,4853.99800483993,2957983.47793887,1719.87891374331,3370.96267093689,NA,14527.9980048399,2957983.47793887,1719.87891374331,3370.96267093689
"354","SE",2023,"NSEO",14337,13719,NA,NA,13719,0,0,0,NA,18770.2219843733,48858955.4862636,0.994623655913978,9.60042910285494e-06,18669.3068124143,48338854.1472768,6952.6149143525,13627.1252321309,NA,32388.3068124143,48338854.1472768,6952.6149143525,13627.1252321309
"355","SE",2024,"NSEO",15816,15088,NA,NA,15088,0,0,0,NA,19906.2349385452,40581683.3942191,0.960556844547564,8.81102161404444e-05,19121.0702193914,37481969.6182532,6122.25200545136,11999.6139306847,NA,34209.0702193914,37481969.6182532,6122.25200545136,11999.6139306847
"356","SE",1998,"SSEI",6261,2769,0.39134369037234,0.014294231035248,2769,109599.02956465,331.057441488105,648.872585316686,NA,7422.47676333871,2528282.45560498,0.181105049970108,0.00289380108485485,1344.24802512642,249670.231637155,499.6701228182,979.353440723672,NA,4113.24802512642,359269.261201805,599.390741671746,1174.80585367662
"357","SE",1999,"SSEI",7370,3832,0.39134369037234,0.014294231035248,3832,209899.690429334,458.148109708349,897.970295028364,NA,8737.20711480695,3503266.36269439,0.181105049970108,0.00289380108485485,1582.3523311263,345950.794509338,588.175819385104,1152.8246059948,NA,5414.3523311263,555850.484938672,745.553810894071,1461.28546935238
"358","SE",2000,"SSEI",11989,5112,0.39134369037234,0.014294231035248,5112,373544.621474784,611.182968901117,1197.91861904619,NA,14213.0768113189,9270520.18438958,0.181105049970108,0.00289380108485485,2574.0599861429,915472.445217609,956.803242687654,1875.3343556678,NA,7686.0599861429,1289017.06669239,1135.3488744401,2225.28379390259
"359","SE",2001,"SSEI",9348,4514,0.39134369037234,0.014294231035248,4514,291262.053243496,539.686995621996,1057.78651141911,NA,11082.1454693644,5636059.77962201,0.181105049970108,0.00289380108485485,2007.03250900524,556566.117673894,746.033590178012,1462.2258367489,NA,6521.03250900524,847828.17091739,920.775852701074,1804.72067129411
"360","SE",2002,"SSEI",8033,3969,0.39134369037234,0.014294231035248,3969,225176.464023251,474.527621981325,930.074139083397,NA,9523.2001022041,4161919.8980246,0.181105049970108,0.00289380108485485,1724.69963038501,410993.440504038,641.087701101837,1256.5318941596,NA,5693.69963038501,636169.90452729,797.602598119696,1563.3010923146
"361","SE",2003,"SSEI",11263,5648,0.39134369037234,0.014294231035248,5648,455984.597778232,675.266316188089,1323.52197972865,NA,13352.3967074723,8181752.76003623,0.181105049970108,0.00289380108485485,2418.18647292747,807955.654744036,898.863535106434,1761.77252880861,NA,8066.18647292747,1263940.25252227,1124.25097399214,2203.53190902459
"362","SE",2004,"SSEI",13195,5266,0.39134369037234,0.014294231035248,5266,396389.83304609,629.594975397747,1234.00615177958,NA,15642.8016119237,11229410.8731841,0.181105049970108,0.00289380108485485,2832.99036759993,1108914.71308565,1053.05019495067,2063.97838210331,NA,8098.99036759993,1505304.54613173,1226.90853209672,2404.74072290958
"363","SE",2005,"SSEI",15329,5745,0.39134369037234,0.014294231035248,5745,471781.452674136,686.863489111291,1346.25243865813,NA,18172.6794929275,15155345.1625626,0.181105049970108,0.00289380108485485,3291.16402765739,1496604.35640393,1223.35782026516,2397.78132771972,NA,9036.16402765739,1968385.80907807,1402.99173521374,2749.86380101894
"364","SE",2006,"SSEI",17714,6326,NA,NA,6326,0,0,0,NA,21000.1203299444,20238180.4598216,0.139230139230139,9.82336947213896e-05,2923.84967738783,437627.396231378,661.534123255466,1296.60688158071,NA,9249.84967738783,437627.396231378,661.534123255466,1296.60688158071
"365","SE",2007,"SSEI",20368,8353,NA,NA,8353,0,0,0,NA,24146.4632991028,26756848.2789062,0.113764927718416,6.34103578236727e-05,2747.02065187782,384967.583506714,620.457559794958,1216.09681719812,NA,11100.0206518778,384967.583506714,620.457559794958,1216.09681719812
"366","SE",2008,"SSEI",18756,8206,NA,NA,8206,0,0,0,NA,22235.4215258235,22689171.1729488,0.189526184538653,0.000127792021558131,4214.19460339796,881080.646466159,938.658961746043,1839.77156502224,NA,12420.194603398,881080.646466159,938.658961746043,1839.77156502224
"367","SE",2009,"SSEI",14837,6518,NA,NA,6518,0,0,0,NA,17589.4086787504,14198104.7772729,0.203650336215178,0.000155939304590983,3582.0889912537,639304.205246102,799.565010018636,1567.14741963653,NA,10100.0889912537,639304.205246102,799.565010018636,1567.14741963653
"368","SE",2010,"SSEI",20015,8957,NA,NA,8957,0,0,0,NA,23727.9783450286,25837433.5267717,0.170993733213966,0.000127020498580212,4057.33559883659,830253.597121018,911.182526786493,1785.91775250153,NA,13014.3355988366,830253.597121018,911.182526786493,1785.91775250153
"369","SE",2011,"SSEI",17328,9231,NA,NA,9231,0,0,0,NA,26057.6562594726,22721971.6945686,0.16601714731099,0.000107999574188542,4326.017757808,702041.843486562,837.879372873304,1642.24357083168,NA,13557.017757808,702041.843486562,837.879372873304,1642.24357083168
"370","SE",2012,"SSEI",20908,9031,NA,NA,9031,0,0,0,NA,30342.2396878484,23087012.9574232,0.139674378748929,0.000103057844485446,4238.03347825132,547662.625550175,740.042313351186,1450.48293416832,NA,13269.0334782513,547662.625550175,740.042313351186,1450.48293416832
"371","SE",2013,"SSEI",24779,11207,NA,NA,11207,0,0,0,NA,34267.8420658215,37595985.1319944,0.173138128580522,9.11855522370424e-05,5933.07004576923,1237513.79888984,1112.43597518682,2180.37451136616,NA,17140.0700457692,1237513.79888984,1112.43597518682,2180.37451136616
"372","SE",2014,"SSEI",25686,10668,NA,NA,10668,0,0,0,NA,33152.0733369684,19566076.6333573,0.165740272865083,6.99041632030794e-05,5494.63368091238,615673.573865507,784.648694554134,1537.9114413261,NA,16162.6336809124,615673.573865507,784.648694554134,1537.9114413261
"373","SE",2015,"SSEI",29160,11218,NA,NA,11218,0,0,0,NA,31796.6453596569,18451721.9403925,0.129048582995951,5.69088841633866e-05,4103.31202768851,365872.895630541,604.874280847302,1185.55359046071,NA,15321.3120276885,365872.895630541,604.874280847302,1185.55359046071
"374","SE",2016,"SSEI",32540,13373,NA,NA,13373,0,0,0,NA,33865.5324462817,23923054.4684109,0.156234351527291,6.60446788227143e-05,5290.95950087126,661266.900011775,813.183189700682,1593.83905181334,NA,18663.9595008713,661266.900011775,813.183189700682,1593.83905181334
"375","SE",2017,"SSEI",30249,16481,NA,NA,16481,0,0,0,NA,32660.8348717368,21220862.4266651,0.192934782608696,0.00010585380847616,6301.41107579706,905085.539106401,951.359836815913,1864.66528015919,NA,22782.4110757971,905085.539106401,951.359836815913,1864.66528015919
"376","SE",2018,"SSEI",42049,25419,NA,NA,25419,0,0,0,NA,34725.8595505618,18537755.6843756,0.273385636692818,0.000119955271946184,9493.55122293571,1532382.41944099,1237.89434906255,2426.27292416259,NA,34912.5512229357,1532382.41944099,1237.89434906255,2426.27292416259
"377","SE",2019,"SSEI",35867,21016,NA,NA,21016,0,0,0,NA,69950.3486044632,111154603.321565,0.322132097334878,0.000253321356382263,22533.2525052616,12802084.047922,3578.00000669676,7012.88001312564,NA,43549.2525052616,12802084.047922,3578.00000669676,7012.88001312564
"378","SE",2020,"SSEI",11107,10782,NA,NA,10782,0,0,0,NA,15196.6491548652,6640608.26213042,0.936857562408223,8.6993338480508e-05,14237.095684,5849143.53437286,2418.50026553086,4740.26052044049,NA,25019.095684,5849143.53437286,2418.50026553086,4740.26052044049
"379","SE",2021,"SSEI",28388,27134,NA,NA,27134,0,0,0,NA,14186.636497865,6428956.91495986,0.84,0.000192274678111588,11916.7746582066,4576205.45249731,2139.20673439883,4192.84519942171,NA,39050.7746582066,4576205.45249731,2139.20673439883,4192.84519942171
"380","SE",2022,"SSEI",33837,29854,NA,NA,29854,0,0,0,NA,25305.766593391,17493065.751003,0.579787234042553,0.000432742446330087,14671.9604185086,6165041.06171761,2482.95007233686,4866.58214178024,NA,44525.9604185086,6165041.06171761,2482.95007233686,4866.58214178024
"381","SE",2023,"SSEI",44574,40360,NA,NA,40360,0,0,0,NA,26788.6852395201,23919887.1687195,0.720748829953198,0.000314484303241084,19307.9135423686,12659083.0471671,3557.96051793258,6973.60261514787,NA,59667.9135423686,12659083.0471671,3557.96051793258,6973.60261514787
"382","SE",2024,"SSEI",45682,40387,NA,NA,40387,0,0,0,NA,24102.0815397456,21333101.9749431,0.714285714285714,0.000206979343461523,17215.7725283897,11008887.6525972,3317.96438386509,6503.21019237557,NA,57602.7725283897,11008887.6525972,3317.96438386509,6503.21019237557
"383","SE",1998,"SSEO",3185,1462,0.713892052242862,0.00730722178108114,1462,15618.7773526412,124.975106931905,244.951209586535,NA,1543.42157574843,277633.929629772,0.636779921987621,0.00401038659075112,982.819870599095,123244.175057035,351.06149754286,688.080535184005,NA,2444.81987059909,138862.952409676,372.643197186902,730.380666486328
"384","SE",1999,"SSEO",4616,1568,0.713892052242862,0.00730722178108114,1568,17965.7108442888,134.036229595915,262.711010007993,NA,2236.87095562158,583156.696513874,0.636779921987621,0.00401038659075112,1424.39451261709,258868.453458404,508.791168809369,997.230690866363,NA,2992.39451261709,276834.164302692,526.150324814774,1031.25463663696
"385","SE",2000,"SSEO",6910,2150,0.713892052242862,0.00730722178108114,2150,33777.6326830476,183.786921958684,360.222367039021,NA,3348.52216276974,1306801.91294607,0.636779921987621,0.00401038659075112,2132.27168158234,580101.01264915,761.643625752326,1492.82150647456,NA,4282.27168158234,613878.645332197,783.504081247952,1535.66799924599
"386","SE",2001,"SSEO",5756,1879,0.713892052242862,0.00730722178108114,1879,25799.1768163781,160.621221562962,314.817594263405,NA,2789.30442386435,906766.020504302,0.636779921987621,0.00401038659075112,1776.17305342807,402521.515708934,634.445833549984,1243.51383375797,NA,3655.17305342807,428320.692525312,654.462139871599,1282.74579414833
"387","SE",2002,"SSEO",7617,3492,0.713892052242862,0.00730722178108114,3492,89104.7300606974,298.504154176617,585.068142186169,NA,3691.12783123258,1587894.25698243,0.636779921987621,0.00401038659075112,2350.43609241862,704880.408675446,839.571562569532,1645.56026263628,NA,5842.43609241862,793985.138736144,891.05843732953,1746.47453716588
"388","SE",2003,"SSEO",6896,2806,0.713892052242862,0.00730722178108114,2806,57534.4044755046,239.863303728404,470.132075307672,NA,3341.73789210711,1301511.9872539,0.636779921987621,0.00401038659075112,2127.95159423904,577752.767501617,760.100498290599,1489.79697664957,NA,4933.95159423904,635287.171977122,797.049039882191,1562.21611816909
"389","SE",2004,"SSEO",10061,4143,0.713892052242862,0.00730722178108114,4143,125424.435593056,354.153124499921,694.140124019845,NA,4875.46765262321,2770358.44857322,0.636779921987621,0.00401038659075112,3104.59991149058,1229786.79897661,1108.95752803099,2173.55675494074,NA,7247.59991149058,1355211.23456966,1164.1354021632,2281.70538823986
"390","SE",2005,"SSEO",12666,5423,0.713892052242862,0.00730722178108114,5423,214897.566547069,463.5704547823,908.598091373309,NA,6137.82658663409,4390688.57336862,0.636779921987621,0.00401038659075112,3908.4447350104,1949065.77837502,1396.08945930231,2736.33534023253,NA,9331.4447350104,2163963.34492209,1471.04158504173,2883.24150668179
"391","SE",2006,"SSEO",12007,4774,NA,NA,4774,0,0,0,NA,5818.48127472884,3945687.5188521,0.463235294117647,0.00184183967704729,2695.32588461704,916315.300234164,957.243595034286,1876.1974462672,NA,7469.32588461704,916315.300234164,957.243595034286,1876.1974462672
"392","SE",2007,"SSEO",12018,5924,NA,NA,5924,0,0,0,NA,5823.81177310662,3952920.37367866,0.641509433962264,0.000621554270539675,3736.0301940684,1650300.60806147,1284.64026406674,2517.89491757082,NA,9660.0301940684,1650300.60806147,1284.64026406674,2517.89491757082
"393","SE",2008,"SSEO",17754,10801,NA,NA,10801,0,0,0,NA,8603.42438173864,8626727.85886849,0.671052631578947,0.000415708092711708,5773.35057195619,3919072.38215071,1979.66471457939,3880.14284057561,NA,16574.3505719562,3919072.38215071,1979.66471457939,3880.14284057561
"394","SE",2009,"SSEO",9645,5953,NA,NA,5953,0,0,0,NA,4673.87789579076,2545998.42556601,0.668195718654434,0.000339525574619171,3123.06519948098,1145032.84040695,1070.06207315602,2097.32166338579,NA,9076.06519948098,1145032.84040695,1070.06207315602,2097.32166338579
"395","SE",2010,"SSEO",12415,7422,NA,NA,7422,0,0,0,NA,6016.19430546836,4218393.74711524,0.563218390804598,0.00031458239778015,3388.43127549367,1350850.80034939,1162.26107237118,2278.0317018475,NA,10810.4312754937,1350850.80034939,1162.26107237118,2278.0317018475
"396","SE",2011,"SSEO",11926,8143,NA,NA,8143,0,0,0,NA,5499.83264540338,3434887.63936153,0.614481409001957,0.000464498052927307,3379.54491322243,1312616.00957929,1145.6945533515,2245.56132456894,NA,11522.5449132224,1312616.00957929,1145.6945533515,2245.56132456894
"397","SE",2012,"SSEO",14290,9606,NA,NA,9606,0,0,0,NA,7211.48404861375,3512142.9566568,0.676470588235294,0.000358196614546464,4878.35685641518,1627086.59938058,1275.57304744988,2500.12317300177,NA,14484.3568564152,1627086.59938058,1275.57304744988,2500.12317300177
"398","SE",2013,"SSEO",15619,11144,NA,NA,11144,0,0,0,NA,7064.68019164546,3429125.89069863,0.694736842105263,0.000447421017567236,4908.09360682737,1678964.34720848,1295.74856635401,2539.66719005387,NA,16052.0936068274,1678964.34720848,1295.74856635401,2539.66719005387
"399","SE",2014,"SSEO",18453,13323,NA,NA,13323,0,0,0,NA,5969.05725915875,5648205.4842977,0.640776699029126,0.000373066322545321,3824.83280683959,2334523.05274878,1527.91460911557,2994.71263386651,NA,17147.8328068396,2334523.05274878,1527.91460911557,2994.71263386651
"400","SE",2015,"SSEO",17669,12749,NA,NA,12749,0,0,0,NA,15546.5243355195,23591989.047448,0.652941176470588,0.000333739317437102,10150.9658896627,10146560.6242206,3185.36663890056,6243.31861224509,NA,22899.9658896627,10146560.6242206,3185.36663890056,6243.31861224509
"401","SE",2016,"SSEO",17707,13558,NA,NA,13558,0,0,0,NA,9530.76170282172,11849070.1453104,0.629834254143646,0.000645825668839233,6002.80018851755,4766737.98764369,2183.28605263802,4279.24066317051,NA,19560.8001885175,4766737.98764369,2183.28605263802,4279.24066317051
"402","SE",2017,"SSEO",20760,16390,NA,NA,16390,0,0,0,NA,7420.22133270544,9465736.89381753,0.672972972972973,0.000596423714419759,4993.60841038825,4325446.89591342,2079.77087582104,4076.35091660924,NA,21383.6084103883,4325446.89591342,2079.77087582104,4076.35091660924
"403","SE",2018,"SSEO",26949,22414,NA,NA,22414,0,0,0,NA,12867.6358994501,12734528.8226822,0.733124018838305,0.00030763080478094,9433.57294355292,6899291.56573631,2626.6502556938,5148.23450115985,NA,31847.5729435529,6899291.56573631,2626.6502556938,5148.23450115985
"404","SE",2019,"SSEO",22912,19342,NA,NA,19342,0,0,0,NA,16359.9859993,28189042.1157384,0.592369477911647,0.000485850864286378,9691.15636504717,10035313.1720787,3167.85624233151,6208.99823496976,NA,29033.1563650472,10035313.1720787,3167.85624233151,6208.99823496976
"405","SE",2020,"SSEO",12619,12449,NA,NA,12449,0,0,0,NA,2769.62253557906,1279455.89249293,0.984848484848485,7.57459225387236e-05,2727.65855776725,1241656.17053847,1114.29626694989,2184.02068322179,NA,15176.6585577673,1241656.17053847,1114.29626694989,2184.02068322179
"406","SE",2021,"SSEO",29399,29038,NA,NA,29038,0,0,0,NA,1670.08700007155,492653.231678409,0.95906432748538,0.00023094084253174,1601.72086556569,453902.514191917,673.722876405364,1320.49683775451,NA,30639.7208655657,453902.514191917,673.722876405364,1320.49683775451
"407","SE",2022,"SSEO",38456,37538,NA,NA,37538,0,0,0,NA,6059.51210251543,7024339.3858511,0.9064039408867,0.000419979390256238,5492.36564957064,5789343.94100886,2406.10555483521,4715.96688747701,NA,43030.3656495706,5789343.94100886,2406.10555483521,4715.96688747701
"408","SE",2023,"SSEO",41560,40948,NA,NA,40948,0,0,0,NA,11954.6101026582,17973650.3518437,0.922077922077922,0.000312392294323407,11023.0820427108,15331954.9552612,3915.60403453429,7674.5839076872,NA,51971.0820427108,15331954.9552612,3915.60403453429,7674.5839076872
"409","SE",2024,"SSEO",43860,42895,NA,NA,42895,0,0,0,NA,9956.67089142373,12542407.3152397,0.913875598086124,0.000188745777719071,9099.15856584656,10496103.5630093,3239.7690601352,6349.94735786498,NA,51994.1585658466,10496103.5630093,3239.7690601352,6349.94735786498
