"Region","year","RptArea","Log_rfrel","Gui_Nonpelrel","gui_pSlopeinNonpel","gui_var_pSlopeinNonpel","GuiSlope","var_GuiSlope","sqrt_GuiSlope","GuiSlope_UPRLWR95","blank","PRIV_rfrel","var_PRIV_rfrel","priv_pSlope","priv_var_pSlope","Priv_Slope","var_PrivSlope","sqrt_PrivSlope","PrivSlope_UPRLWR95","blank2","TotalSloperel","var_totalSloperel","sqrt_totalSlope","TotalSlope_UPRLWR95"
"SC",1999,"AFOGNAK",770,2,NA,NA,0,0,0,0,NA,411.552007740248,129118.934375443,NA,NA,0,0,0,0,NA,0,0,0,0
"SC",2000,"AFOGNAK",2000,51,NA,NA,0,0,0,0,NA,1068.96625387077,871100.923430212,NA,NA,0,0,0,0,NA,0,0,0,0
"SC",2001,"AFOGNAK",910,57,NA,NA,0,0,0,0,NA,486.379645511202,180339.66867314,NA,NA,0,0,0,0,NA,0,0,0,0
"SC",2002,"AFOGNAK",708,12,NA,NA,0,0,0,0,NA,378.414053870254,109162.88332058,NA,NA,0,0,0,0,NA,0,0,0,0
"SC",2003,"AFOGNAK",818,42,NA,NA,0,0,0,0,NA,437.207197833147,145718.633572329,NA,NA,0,0,0,0,NA,0,0,0,0
"SC",2004,"AFOGNAK",758,117,NA,NA,0,0,0,0,NA,405.138210217023,125125.807742439,NA,NA,0,0,0,0,NA,0,0,0,0
"SC",2005,"AFOGNAK",1426,51,NA,NA,0,0,0,0,NA,762.172939009862,442840.705343294,NA,NA,0,0,0,0,NA,0,0,0,0
"SC",2006,"AFOGNAK",842,36,NA,NA,0,0,0,0,NA,450.034792879596,154394.798769694,NA,NA,0,0,0,0,NA,0,0,0,0
"SC",2007,"AFOGNAK",2835,76,NA,NA,0,0,0,0,NA,1515.25966486182,1750308.5298291,NA,NA,0,0,0,0,NA,0,0,0,0
"SC",2008,"AFOGNAK",1487,38,NA,NA,0,0,0,0,NA,794.77640975292,481537.839440065,NA,NA,0,0,0,0,NA,0,0,0,0
"SC",2009,"AFOGNAK",1564,42,NA,NA,0,0,0,0,NA,835.931610526945,532699.121099737,NA,NA,0,0,0,0,NA,0,0,0,0
"SC",2010,"AFOGNAK",1405,178,NA,NA,0,0,0,0,NA,750.948793344219,429893.750093581,NA,NA,0,0,0,0,NA,0,0,0,0
"SC",2011,"AFOGNAK",2417,232,NA,NA,0,0,0,0,NA,2788.84615384615,11082356.8887375,NA,NA,0,0,0,0,NA,0,0,0,0
"SC",2012,"AFOGNAK",1340,174,NA,NA,0,0,0,0,NA,723.996710526316,686590.428375789,NA,NA,0,0,0,0,NA,0,0,0,0
"SC",2013,"AFOGNAK",1722,179,NA,NA,0,0,0,0,NA,672.377867746289,639080.198974921,NA,NA,0,0,0,0,NA,0,0,0,0
"SC",2014,"AFOGNAK",2290,317,NA,NA,0,0,0,0,NA,2052.37384506041,4444516.35623331,NA,NA,0,0,0,0,NA,0,0,0,0
"SC",2015,"AFOGNAK",1554,294,NA,NA,0,0,0,0,NA,423.373228346457,541004.165428356,NA,NA,0,0,0,0,NA,0,0,0,0
"SC",2016,"AFOGNAK",1266,160,NA,NA,0,0,0,0,NA,989.829278350515,1922869.00698582,NA,NA,0,0,0,0,NA,0,0,0,0
"SC",2017,"AFOGNAK",1358,173,NA,NA,0,0,0,0,NA,143.314318311466,108175.8345845,NA,NA,0,0,0,0,NA,0,0,0,0
"SC",2018,"AFOGNAK",872,10,NA,NA,0,0,0,0,NA,577.035120147874,627701.400476123,NA,NA,0,0,0,0,NA,0,0,0,0
"SC",2019,"AFOGNAK",833,32,NA,NA,0,0,0,0,NA,2090.56847027388,8383202.98640306,NA,NA,0,0,0,0,NA,0,0,0,0
"SC",2020,"AFOGNAK",237,45,NA,NA,0,0,0,0,NA,657.073512252042,1093965.40172161,NA,NA,0,0,0,0,NA,0,0,0,0
"SC",2021,"AFOGNAK",1479,86,NA,NA,0,0,0,0,NA,181.814952575786,69799.7849505814,NA,NA,0,0,0,0,NA,0,0,0,0
"SC",1999,"CI",621,98,NA,NA,0,0,0,0,NA,1211.57279049933,419914.105784278,NA,NA,0,0,0,0,NA,0,0,0,0
"SC",2000,"CI",774,117,NA,NA,0,0,0,0,NA,1510.07623163684,652317.732909163,NA,NA,0,0,0,0,NA,0,0,0,0
"SC",2001,"CI",730,107,NA,NA,0,0,0,0,NA,1424.23210477377,580260.467565539,NA,NA,0,0,0,0,NA,0,0,0,0
"SC",2002,"CI",1636,135,NA,NA,0,0,0,0,NA,3191.84071699984,2914364.45936816,NA,NA,0,0,0,0,NA,0,0,0,0
"SC",2003,"CI",3266,337,NA,NA,0,0,0,0,NA,6371.97541670016,11614743.5240524,NA,NA,0,0,0,0,NA,0,0,0,0
"SC",2004,"CI",3521,140,NA,NA,0,0,0,0,NA,6869.48115192936,13499239.8410137,NA,NA,0,0,0,0,NA,0,0,0,0
"SC",2005,"CI",2204,103,NA,NA,0,0,0,0,NA,4300.01035468682,5289327.3248524,NA,NA,0,0,0,0,NA,0,0,0,0
"SC",2006,"CI",1504,105,NA,NA,0,0,0,0,NA,2934.30833641061,2463048.34265478,NA,NA,0,0,0,0,NA,0,0,0,0
"SC",2007,"CI",1262,36,NA,NA,0,0,0,0,NA,2462.16563866369,1734187.18728739,NA,NA,0,0,0,0,NA,0,0,0,0
"SC",2008,"CI",737,48,NA,NA,0,0,0,0,NA,1437.88912495653,591442.105286369,NA,NA,0,0,0,0,NA,0,0,0,0
"SC",2009,"CI",605,67,NA,NA,0,0,0,0,NA,1180.3567443673,398554.771327972,NA,NA,0,0,0,0,NA,0,0,0,0
"SC",2010,"CI",690,144,NA,NA,0,0,0,0,NA,1346.1919894437,518412.476276887,NA,NA,0,0,0,0,NA,0,0,0,0
"SC",2011,"CI",862,222,NA,NA,0,0,0,0,NA,3933.12558139535,11556848.9704225,NA,NA,0,0,0,0,NA,0,0,0,0
"SC",2012,"CI",344,46,NA,NA,0,0,0,0,NA,547.436307692308,207052.598682298,NA,NA,0,0,0,0,NA,0,0,0,0
"SC",2013,"CI",564,104,NA,NA,0,0,0,0,NA,834.858902001026,376691.774003759,NA,NA,0,0,0,0,NA,0,0,0,0
"SC",2014,"CI",351,64,NA,NA,0,0,0,0,NA,720.523424878837,414487.872746563,NA,NA,0,0,0,0,NA,0,0,0,0
"SC",2015,"CI",609,123,NA,NA,0,0,0,0,NA,1152.66067761807,990408.275532107,NA,NA,0,0,0,0,NA,0,0,0,0
"SC",2016,"CI",441,86,NA,NA,0,0,0,0,NA,588.200600436681,143523.432631461,NA,NA,0,0,0,0,NA,0,0,0,0
"SC",2017,"CI",256,28,NA,NA,0,0,0,0,NA,415.616851441242,116443.014775311,NA,NA,0,0,0,0,NA,0,0,0,0
"SC",2018,"CI",378,36,NA,NA,0,0,0,0,NA,1080.49140546006,1139629.68717722,NA,NA,0,0,0,0,NA,0,0,0,0
"SC",2019,"CI",348,42,NA,NA,0,0,0,0,NA,547.291139240506,271302.844059131,NA,NA,0,0,0,0,NA,0,0,0,0
"SC",2020,"CI",204,17,NA,NA,0,0,0,0,NA,1210.53924914676,2273424.86038658,NA,NA,0,0,0,0,NA,0,0,0,0
"SC",2021,"CI",445,44,NA,NA,0,0,0,0,NA,640.737489025461,632576.579077663,NA,NA,0,0,0,0,NA,0,0,0,0
"SC",1999,"EASTSIDE",434,133,NA,NA,0,0,0,0,NA,162.859496047015,70201.7233726159,NA,NA,0,0,0,0,NA,0,0,0,0
"SC",2000,"EASTSIDE",1194,159,NA,NA,0,0,0,0,NA,448.051240276811,531345.452770513,NA,NA,0,0,0,0,NA,0,0,0,0
"SC",2001,"EASTSIDE",548,163,NA,NA,0,0,0,0,NA,205.638257681484,111925.600117278,NA,NA,0,0,0,0,NA,0,0,0,0
"SC",2002,"EASTSIDE",736,41,NA,NA,0,0,0,0,NA,276.185689148855,201894.24676704,NA,NA,0,0,0,0,NA,0,0,0,0
"SC",2003,"EASTSIDE",878,44,NA,NA,0,0,0,0,NA,329.471515044422,287314.369175262,NA,NA,0,0,0,0,NA,0,0,0,0
"SC",2004,"EASTSIDE",453,33,NA,NA,0,0,0,0,NA,169.98928965276,76482.9655098385,NA,NA,0,0,0,0,NA,0,0,0,0
"SC",2005,"EASTSIDE",744,47,NA,NA,0,0,0,0,NA,279.187707509169,206307.105421565,NA,NA,0,0,0,0,NA,0,0,0,0
"SC",2006,"EASTSIDE",822,27,NA,NA,0,0,0,0,NA,308.457386522227,251832.600263876,NA,NA,0,0,0,0,NA,0,0,0,0
"SC",2007,"EASTSIDE",2661,50,NA,NA,0,0,0,0,NA,998.546357099325,2639113.47270778,NA,NA,0,0,0,0,NA,0,0,0,0
"SC",2008,"EASTSIDE",902,116,NA,NA,0,0,0,0,NA,338.477570125363,303236.44026659,NA,NA,0,0,0,0,NA,0,0,0,0
"SC",2009,"EASTSIDE",637,33,NA,NA,0,0,0,0,NA,239.035711939974,151233.213123994,NA,NA,0,0,0,0,NA,0,0,0,0
"SC",2010,"EASTSIDE",1209,195,NA,NA,0,0,0,0,NA,453.680024702399,544779.700253821,NA,NA,0,0,0,0,NA,0,0,0,0
"SC",2011,"EASTSIDE",491,2,NA,NA,0,0,0,0,NA,71.087542087542,14775.8886749292,NA,NA,0,0,0,0,NA,0,0,0,0
"SC",2012,"EASTSIDE",540,16,NA,NA,0,0,0,0,NA,458.470588235294,1490481.06812281,NA,NA,0,0,0,0,NA,0,0,0,0
"SC",2013,"EASTSIDE",635,7,NA,NA,0,0,0,0,NA,47.3701605288007,68725.1189085319,NA,NA,0,0,0,0,NA,0,0,0,0
"SC",2014,"EASTSIDE",835,10,NA,NA,0,0,0,0,NA,34.0652104079666,3250.74242732813,NA,NA,0,0,0,0,NA,0,0,0,0
"SC",2015,"EASTSIDE",769,11,NA,NA,0,0,0,0,NA,51.5452898550725,68872.7351033432,NA,NA,0,0,0,0,NA,0,0,0,0
"SC",2016,"EASTSIDE",1006,10,NA,NA,0,0,0,0,NA,738.602917341977,1565888.80413708,NA,NA,0,0,0,0,NA,0,0,0,0
"SC",2017,"EASTSIDE",745,0,NA,NA,0,0,0,0,NA,808.650485436893,3209969.22588526,NA,NA,0,0,0,0,NA,0,0,0,0
"SC",2018,"EASTSIDE",730,71,NA,NA,0,0,0,0,NA,218.115746971736,204519.581919291,NA,NA,0,0,0,0,NA,0,0,0,0
"SC",2019,"EASTSIDE",675,0,NA,NA,0,0,0,0,NA,437.387892376682,2196614.67277969,NA,NA,0,0,0,0,NA,0,0,0,0
"SC",2020,"EASTSIDE",339,3,NA,NA,0,0,0,0,NA,60.5736677115987,19870.2791125859,NA,NA,0,0,0,0,NA,0,0,0,0
"SC",2021,"EASTSIDE",693,15,NA,NA,0,0,0,0,NA,85.1911846754696,15324.4256291858,NA,NA,0,0,0,0,NA,0,0,0,0
"SC",1999,"NG",3209,125,NA,NA,0,0,0,0,NA,3707.31759627751,2137459.19177732,NA,NA,0,0,0,0,NA,0,0,0,0
"SC",2000,"NG",6487,1077,NA,NA,0,0,0,0,NA,7494.35003024375,8734663.80244102,NA,NA,0,0,0,0,NA,0,0,0,0
"SC",2001,"NG",5305,284,NA,NA,0,0,0,0,NA,6128.80020201065,5841564.47171638,NA,NA,0,0,0,0,NA,0,0,0,0
"SC",2002,"NG",3882,274,NA,NA,0,0,0,0,NA,4484.82608561835,3128019.55830498,NA,NA,0,0,0,0,NA,0,0,0,0
"SC",2003,"NG",4229,608,NA,NA,0,0,0,0,NA,4885.71084906749,3712220.52860728,NA,NA,0,0,0,0,NA,0,0,0,0
"SC",2004,"NG",4972,394,NA,NA,0,0,0,0,NA,5744.0894635998,5131220.02795985,NA,NA,0,0,0,0,NA,0,0,0,0
"SC",2005,"NG",4991,529,NA,NA,0,0,0,0,NA,5766.03992615177,5170511.84644072,NA,NA,0,0,0,0,NA,0,0,0,0
"SC",2006,"NG",3683,440,NA,NA,0,0,0,0,NA,4254.92387257403,2815540.86738677,NA,NA,0,0,0,0,NA,0,0,0,0
"SC",2007,"NG",3175,359,NA,NA,0,0,0,0,NA,3668.03782118451,2092405.5197583,NA,NA,0,0,0,0,NA,0,0,0,0
"SC",2008,"NG",2762,396,NA,NA,0,0,0,0,NA,3190.90408255484,1583455.07484616,NA,NA,0,0,0,0,NA,0,0,0,0
"SC",2009,"NG",1655,220,NA,NA,0,0,0,0,NA,1912.00081702689,568531.319115232,NA,NA,0,0,0,0,NA,0,0,0,0
"SC",2010,"NG",1667,297,NA,NA,0,0,0,0,NA,1925.86426705971,576805.77170519,NA,NA,0,0,0,0,NA,0,0,0,0
"SC",2011,"NG",1572,349,NA,NA,0,0,0,0,NA,2275.67840909091,892264.959117483,NA,NA,0,0,0,0,NA,0,0,0,0
"SC",2012,"NG",1193,333,NA,NA,0,0,0,0,NA,949.130104681928,240497.985542594,NA,NA,0,0,0,0,NA,0,0,0,0
"SC",2013,"NG",1672,414,NA,NA,0,0,0,0,NA,2602.96202531646,2110427.89504745,NA,NA,0,0,0,0,NA,0,0,0,0
"SC",2014,"NG",1570,350,NA,NA,0,0,0,0,NA,3083.28812107367,2945178.43906103,NA,NA,0,0,0,0,NA,0,0,0,0
"SC",2015,"NG",2088,346,NA,NA,0,0,0,0,NA,1923.77528089888,1041844.51753997,NA,NA,0,0,0,0,NA,0,0,0,0
"SC",2016,"NG",2900,738,NA,NA,0,0,0,0,NA,2935.53144997659,2018848.2847185,NA,NA,0,0,0,0,NA,0,0,0,0
"SC",2017,"NG",1281,422,NA,NA,0,0,0,0,NA,1309.54128440367,666136.047787057,NA,NA,0,0,0,0,NA,0,0,0,0
"SC",2018,"NG",2876,921,NA,NA,0,0,0,0,NA,2808.95900214702,2622776.24162904,NA,NA,0,0,0,0,NA,0,0,0,0
"SC",2019,"NG",3435,806,NA,NA,0,0,0,0,NA,3945.75703356367,2905309.87921552,NA,NA,0,0,0,0,NA,0,0,0,0
"SC",2020,"NG",1464,456,NA,NA,0,0,0,0,NA,1757.73372309328,866649.66309017,NA,NA,0,0,0,0,NA,0,0,0,0
"SC",2021,"NG",2146,606,NA,NA,0,0,0,0,NA,2319.75365011946,1685346.16150104,NA,NA,0,0,0,0,NA,0,0,0,0
"SC",1999,"NORTHEAS",1736,110,NA,NA,0,0,0,0,NA,3114.84339965888,3312896.09508709,NA,NA,0,0,0,0,NA,0,0,0,0
"SC",2000,"NORTHEAS",2051,174,NA,NA,0,0,0,0,NA,3680.03675846795,4624232.84448379,NA,NA,0,0,0,0,NA,0,0,0,0
"SC",2001,"NORTHEAS",1891,104,NA,NA,0,0,0,0,NA,3392.95441748556,3930894.88833515,NA,NA,0,0,0,0,NA,0,0,0,0
"SC",2002,"NORTHEAS",1913,131,NA,NA,0,0,0,0,NA,3432.42823937064,4022891.44286675,NA,NA,0,0,0,0,NA,0,0,0,0
"SC",2003,"NORTHEAS",3121,95,NA,NA,0,0,0,0,NA,5599.89991378765,10707692.9897857,NA,NA,0,0,0,0,NA,0,0,0,0
"SC",2004,"NORTHEAS",1756,158,NA,NA,0,0,0,0,NA,3150.72869228167,3389669.8185419,NA,NA,0,0,0,0,NA,0,0,0,0
"SC",2005,"NORTHEAS",4080,199,NA,NA,0,0,0,0,NA,7320.59969505082,18299056.5595394,NA,NA,0,0,0,0,NA,0,0,0,0
"SC",2006,"NORTHEAS",1667,62,NA,NA,0,0,0,0,NA,2991.03914011022,3054777.42837382,NA,NA,0,0,0,0,NA,0,0,0,0
"SC",2007,"NORTHEAS",1731,179,NA,NA,0,0,0,0,NA,3105.87207650318,3293840.07423816,NA,NA,0,0,0,0,NA,0,0,0,0
"SC",2008,"NORTHEAS",1565,117,NA,NA,0,0,0,0,NA,2808.02414773395,2692384.34748882,NA,NA,0,0,0,0,NA,0,0,0,0
"SC",2009,"NORTHEAS",1317,39,NA,NA,0,0,0,0,NA,2363.04651921126,1906689.27292982,NA,NA,0,0,0,0,NA,0,0,0,0
"SC",2010,"NORTHEAS",975,108,NA,NA,0,0,0,0,NA,1749.40801536141,1045003.16236016,NA,NA,0,0,0,0,NA,0,0,0,0
"SC",2011,"NORTHEAS",1219,78,NA,NA,0,0,0,0,NA,2616.67981495009,2544045.9494767,NA,NA,0,0,0,0,NA,0,0,0,0
"SC",2012,"NORTHEAS",898,57,NA,NA,0,0,0,0,NA,4246.1969775925,24972801.1999943,NA,NA,0,0,0,0,NA,0,0,0,0
"SC",2013,"NORTHEAS",624,15,NA,NA,0,0,0,0,NA,1016.98723404255,459340.411226593,NA,NA,0,0,0,0,NA,0,0,0,0
"SC",2014,"NORTHEAS",958,59,NA,NA,0,0,0,0,NA,1259.27149321267,1496236.16432664,NA,NA,0,0,0,0,NA,0,0,0,0
"SC",2015,"NORTHEAS",836,13,NA,NA,0,0,0,0,NA,1832.11676753293,3448525.28475836,NA,NA,0,0,0,0,NA,0,0,0,0
"SC",2016,"NORTHEAS",943,12,NA,NA,0,0,0,0,NA,1392.97305009512,2173555.29623333,NA,NA,0,0,0,0,NA,0,0,0,0
"SC",2017,"NORTHEAS",461,9,NA,NA,0,0,0,0,NA,617.310911224091,430226.763672178,NA,NA,0,0,0,0,NA,0,0,0,0
"SC",2018,"NORTHEAS",461,23,NA,NA,0,0,0,0,NA,653.122735042735,350972.719664972,NA,NA,0,0,0,0,NA,0,0,0,0
"SC",2019,"NORTHEAS",1483,16,NA,NA,0,0,0,0,NA,3667.09830744262,6276046.85379077,NA,NA,0,0,0,0,NA,0,0,0,0
"SC",2020,"NORTHEAS",222,4,NA,NA,0,0,0,0,NA,693.173770491803,242030.157540037,NA,NA,0,0,0,0,NA,0,0,0,0
"SC",2021,"NORTHEAS",921,16,NA,NA,0,0,0,0,NA,1068.29797979798,815518.773068042,NA,NA,0,0,0,0,NA,0,0,0,0
"SC",1999,"PWSI",1069,143,NA,NA,0,0,0,0,NA,4538.31966520129,4601365.12224497,NA,NA,0,0,0,0,NA,0,0,0,0
"SC",2000,"PWSI",913,126,NA,NA,0,0,0,0,NA,3876.03915278651,3356393.26471993,NA,NA,0,0,0,0,NA,0,0,0,0
"SC",2001,"PWSI",1120,231,NA,NA,0,0,0,0,NA,4754.83444810612,5050883.26373064,NA,NA,0,0,0,0,NA,0,0,0,0
"SC",2002,"PWSI",1080,158,NA,NA,0,0,0,0,NA,4585.01893210233,4696548.34089239,NA,NA,0,0,0,0,NA,0,0,0,0
"SC",2003,"PWSI",1926,316,NA,NA,0,0,0,0,NA,8176.61709558249,14936328.3207992,NA,NA,0,0,0,0,NA,0,0,0,0
"SC",2004,"PWSI",1703,269,NA,NA,0,0,0,0,NA,7229.89559386136,11677787.8662476,NA,NA,0,0,0,0,NA,0,0,0,0
"SC",2005,"PWSI",2399,331,NA,NA,0,0,0,0,NA,10184.6855723273,23173507.9801545,NA,NA,0,0,0,0,NA,0,0,0,0
"SC",2006,"PWSI",974,243,NA,NA,0,0,0,0,NA,4135.00781469229,3819875.423392,NA,NA,0,0,0,0,NA,0,0,0,0
"SC",2007,"PWSI",2121,330,NA,NA,0,0,0,0,NA,9004.46773610096,18113927.4046815,NA,NA,0,0,0,0,NA,0,0,0,0
"SC",2008,"PWSI",1254,275,NA,NA,0,0,0,0,NA,5323.71642671882,6331787.90365804,NA,NA,0,0,0,0,NA,0,0,0,0
"SC",2009,"PWSI",721,118,NA,NA,0,0,0,0,NA,3060.92467596831,2093157.05253587,NA,NA,0,0,0,0,NA,0,0,0,0
"SC",2010,"PWSI",749,161,NA,NA,0,0,0,0,NA,3179.79553717097,2258889.15962703,NA,NA,0,0,0,0,NA,0,0,0,0
"SC",2011,"PWSI",376,73,NA,NA,0,0,0,0,NA,1849.23851478918,1977358.22853037,NA,NA,0,0,0,0,NA,0,0,0,0
"SC",2012,"PWSI",895,213,NA,NA,0,0,0,0,NA,3391.79151624549,8025139.90987966,NA,NA,0,0,0,0,NA,0,0,0,0
"SC",2013,"PWSI",534,78,NA,NA,0,0,0,0,NA,2868.07121661721,7105054.96489599,NA,NA,0,0,0,0,NA,0,0,0,0
"SC",2014,"PWSI",714,190,NA,NA,0,0,0,0,NA,2887.67368421053,7498565.55502285,NA,NA,0,0,0,0,NA,0,0,0,0
"SC",2015,"PWSI",563,99,NA,NA,0,0,0,0,NA,3102.53114100648,6796012.90221313,NA,NA,0,0,0,0,NA,0,0,0,0
"SC",2016,"PWSI",901,181,NA,NA,0,0,0,0,NA,2899.70160167131,5851468.8366538,NA,NA,0,0,0,0,NA,0,0,0,0
"SC",2017,"PWSI",841,252,NA,NA,0,0,0,0,NA,2812.92110376992,4853912.43058098,NA,NA,0,0,0,0,NA,0,0,0,0
"SC",2018,"PWSI",723,359,NA,NA,0,0,0,0,NA,3495.81181959564,14276073.6687363,NA,NA,0,0,0,0,NA,0,0,0,0
"SC",2019,"PWSI",936,492,NA,NA,0,0,0,0,NA,6636.27092511013,17989742.9391782,NA,NA,0,0,0,0,NA,0,0,0,0
"SC",2020,"PWSI",375,234,NA,NA,0,0,0,0,NA,2763.45933562428,3878494.50871839,NA,NA,0,0,0,0,NA,0,0,0,0
"SC",2021,"PWSI",712,390,NA,NA,0,0,0,0,NA,2375.28830313015,2735926.70504548,NA,NA,0,0,0,0,NA,0,0,0,0
"SC",1999,"PWSO",748,59,NA,NA,0,0,0,0,NA,392.788175090064,125537.229387322,NA,NA,0,0,0,0,NA,0,0,0,0
"SC",2000,"PWSO",1756,86,NA,NA,0,0,0,0,NA,922.106999275605,691860.230053877,NA,NA,0,0,0,0,NA,0,0,0,0
"SC",2001,"PWSO",1756,94,NA,NA,0,0,0,0,NA,922.106999275605,691860.230053877,NA,NA,0,0,0,0,NA,0,0,0,0
"SC",2002,"PWSO",1719,176,NA,NA,0,0,0,0,NA,902.677637673557,663011.554676266,NA,NA,0,0,0,0,NA,0,0,0,0
"SC",2003,"PWSO",1548,176,NA,NA,0,0,0,0,NA,812.882479999224,537664.368672532,NA,NA,0,0,0,0,NA,0,0,0,0
"SC",2004,"PWSO",1830,168,NA,NA,0,0,0,0,NA,960.965722479702,751400.575322431,NA,NA,0,0,0,0,NA,0,0,0,0
"SC",2005,"PWSO",1432,103,NA,NA,0,0,0,0,NA,751.968805787396,460103.333443813,NA,NA,0,0,0,0,NA,0,0,0,0
"SC",2006,"PWSO",1336,213,NA,NA,0,0,0,0,NA,701.557489198296,400481.31663851,NA,NA,0,0,0,0,NA,0,0,0,0
"SC",2007,"PWSO",925,247,NA,NA,0,0,0,0,NA,485.734040051216,191978.595138778,NA,NA,0,0,0,0,NA,0,0,0,0
"SC",2008,"PWSO",962,225,NA,NA,0,0,0,0,NA,505.163401653264,207644.048502103,NA,NA,0,0,0,0,NA,0,0,0,0
"SC",2009,"PWSO",1119,232,NA,NA,0,0,0,0,NA,587.606908991687,280950.310787515,NA,NA,0,0,0,0,NA,0,0,0,0
"SC",2010,"PWSO",810,320,NA,NA,0,0,0,0,NA,425.345483720524,147210.701265803,NA,NA,0,0,0,0,NA,0,0,0,0
"SC",2011,"PWSO",594,185,NA,NA,0,0,0,0,NA,725.362878455463,641484.026367597,NA,NA,0,0,0,0,NA,0,0,0,0
"SC",2012,"PWSO",621,119,NA,NA,0,0,0,0,NA,210.936393442623,52355.2625630312,NA,NA,0,0,0,0,NA,0,0,0,0
"SC",2013,"PWSO",604,184,NA,NA,0,0,0,0,NA,774.186226964112,1012819.94475999,NA,NA,0,0,0,0,NA,0,0,0,0
"SC",2014,"PWSO",794,306,NA,NA,0,0,0,0,NA,498.33045622688,389455.655174838,NA,NA,0,0,0,0,NA,0,0,0,0
"SC",2015,"PWSO",736,186,NA,NA,0,0,0,0,NA,196.130464954892,74505.0834467905,NA,NA,0,0,0,0,NA,0,0,0,0
"SC",2016,"PWSO",1017,272,NA,NA,0,0,0,0,NA,262.797435897436,105363.492228585,NA,NA,0,0,0,0,NA,0,0,0,0
"SC",2017,"PWSO",669,271,NA,NA,0,0,0,0,NA,403.408673894912,436676.901026332,NA,NA,0,0,0,0,NA,0,0,0,0
"SC",2018,"PWSO",1046,500,NA,NA,0,0,0,0,NA,281.24095139607,349345.971691032,NA,NA,0,0,0,0,NA,0,0,0,0
"SC",2019,"PWSO",1837,1148,NA,NA,0,0,0,0,NA,729.573826458037,635636.56754389,NA,NA,0,0,0,0,NA,0,0,0,0
"SC",2020,"PWSO",854,402,NA,NA,0,0,0,0,NA,412.656330749354,185736.582909414,NA,NA,0,0,0,0,NA,0,0,0,0
"SC",2021,"PWSO",734,374,NA,NA,0,0,0,0,NA,373.930907415937,97169.5458502767,NA,NA,0,0,0,0,NA,0,0,0,0
"SC",1999,"SKMA",128,0,NA,NA,0,0,0,0,NA,48.2854561531142,4812.3518198527,NA,NA,0,0,0,0,NA,0,0,0,0
"SC",2000,"SKMA",101,25,NA,NA,0,0,0,0,NA,38.1002427458166,2996.264704243,NA,NA,0,0,0,0,NA,0,0,0,0
"SC",2001,"SKMA",43,24,NA,NA,0,0,0,0,NA,16.2208954264368,543.093171075905,NA,NA,0,0,0,0,NA,0,0,0,0
"SC",2002,"SKMA",62,0,NA,NA,0,0,0,0,NA,23.3882678241647,1129.06984835899,NA,NA,0,0,0,0,NA,0,0,0,0
"SC",2003,"SKMA",137,0,NA,NA,0,0,0,0,NA,51.68052728888,5512.88032878511,NA,NA,0,0,0,0,NA,0,0,0,0
"SC",2004,"SKMA",26,1,NA,NA,0,0,0,0,NA,9.80798328110131,198.556508192164,NA,NA,0,0,0,0,NA,0,0,0,0
"SC",2005,"SKMA",112,4,NA,NA,0,0,0,0,NA,42.2497741339749,3684.45686207472,NA,NA,0,0,0,0,NA,0,0,0,0
"SC",2006,"SKMA",80,3,NA,NA,0,0,0,0,NA,30.1784100956963,1879.82492962996,NA,NA,0,0,0,0,NA,0,0,0,0
"SC",2007,"SKMA",474,19,NA,NA,0,0,0,0,NA,178.807079817001,65992.4290452407,NA,NA,0,0,0,0,NA,0,0,0,0
"SC",2008,"SKMA",822,17,NA,NA,0,0,0,0,NA,310.08316373328,198463.691836264,NA,NA,0,0,0,0,NA,0,0,0,0
"SC",2009,"SKMA",338,3,NA,NA,0,0,0,0,NA,127.503782654317,33556.0498844758,NA,NA,0,0,0,0,NA,0,0,0,0
"SC",2010,"SKMA",191,81,NA,NA,0,0,0,0,NA,72.050954103475,10715.295821536,NA,NA,0,0,0,0,NA,0,0,0,0
"SC",2011,"SKMA",231,11,NA,NA,0,0,0,0,NA,0,3965.19540414976,NA,NA,0,0,0,0,NA,0,0,0,0
"SC",2012,"SKMA",134,16,NA,NA,0,0,0,0,NA,93.4117647058824,7580.02250807569,NA,NA,0,0,0,0,NA,0,0,0,0
"SC",2013,"SKMA",201,10,NA,NA,0,0,0,0,NA,38.7328467153285,5877.78629489825,NA,NA,0,0,0,0,NA,0,0,0,0
"SC",2014,"SKMA",237,51,NA,NA,0,0,0,0,NA,443.778523489933,384758.1476232,NA,NA,0,0,0,0,NA,0,0,0,0
"SC",2015,"SKMA",31,2,NA,NA,0,0,0,0,NA,4.89603174603175,609.531039332679,NA,NA,0,0,0,0,NA,0,0,0,0
"SC",2016,"SKMA",470,11,NA,NA,0,0,0,0,NA,345.072933549433,341791.03987791,NA,NA,0,0,0,0,NA,0,0,0,0
"SC",2017,"SKMA",205,2,NA,NA,0,0,0,0,NA,222.514563106796,243050.235066579,NA,NA,0,0,0,0,NA,0,0,0,0
"SC",2018,"SKMA",160,2,NA,NA,0,0,0,0,NA,38.7113402061856,2859.62632701412,NA,NA,0,0,0,0,NA,0,0,0,0
"SC",2019,"SKMA",31,8,NA,NA,0,0,0,0,NA,20.0874439461883,4633.07917814272,NA,NA,0,0,0,0,NA,0,0,0,0
"SC",2020,"SKMA",43,0,NA,NA,0,0,0,0,NA,7.6833855799373,319.699150539687,NA,NA,0,0,0,0,NA,0,0,0,0
"SC",2021,"SKMA",103,7,NA,NA,0,0,0,0,NA,12.6618932490236,338.526121866015,NA,NA,0,0,0,0,NA,0,0,0,0
"SC",1999,"WKMA",315,93,NA,NA,0,0,0,0,NA,118.827489751804,29144.6294753957,NA,NA,0,0,0,0,NA,0,0,0,0
"SC",2000,"WKMA",436,151,NA,NA,0,0,0,0,NA,164.472335021545,55835.4999723339,NA,NA,0,0,0,0,NA,0,0,0,0
"SC",2001,"WKMA",432,162,NA,NA,0,0,0,0,NA,162.96341451676,54815.6949480096,NA,NA,0,0,0,0,NA,0,0,0,0
"SC",2002,"WKMA",411,111,NA,NA,0,0,0,0,NA,155.04158186664,49615.922959066,NA,NA,0,0,0,0,NA,0,0,0,0
"SC",2003,"WKMA",649,54,NA,NA,0,0,0,0,NA,244.822351901337,123716.271903917,NA,NA,0,0,0,0,NA,0,0,0,0
"SC",2004,"WKMA",318,60,NA,NA,0,0,0,0,NA,119.959180130393,29702.4087787344,NA,NA,0,0,0,0,NA,0,0,0,0
"SC",2005,"WKMA",421,34,NA,NA,0,0,0,0,NA,158.813883128602,52059.6953675849,NA,NA,0,0,0,0,NA,0,0,0,0
"SC",2006,"WKMA",547,32,NA,NA,0,0,0,0,NA,206.344879029324,87884.4589640079,NA,NA,0,0,0,0,NA,0,0,0,0
"SC",2007,"WKMA",396,47,NA,NA,0,0,0,0,NA,149.383129973697,46060.4103382581,NA,NA,0,0,0,0,NA,0,0,0,0
"SC",2008,"WKMA",575,85,NA,NA,0,0,0,0,NA,216.907322562817,97112.0495873289,NA,NA,0,0,0,0,NA,0,0,0,0
"SC",2009,"WKMA",695,67,NA,NA,0,0,0,0,NA,262.174937706362,141875.380724142,NA,NA,0,0,0,0,NA,0,0,0,0
"SC",2010,"WKMA",527,80,NA,NA,0,0,0,0,NA,198.8002765054,81575.2965439373,NA,NA,0,0,0,0,NA,0,0,0,0
"SC",2011,"WKMA",399,78,NA,NA,0,0,0,0,NA,0,11830.045792546,NA,NA,0,0,0,0,NA,0,0,0,0
"SC",2012,"WKMA",630,109,NA,NA,0,0,0,0,NA,439.174714661984,167549.060673605,NA,NA,0,0,0,0,NA,0,0,0,0
"SC",2013,"WKMA",951,81,NA,NA,0,0,0,0,NA,183.258394160584,131577.827353092,NA,NA,0,0,0,0,NA,0,0,0,0
"SC",2014,"WKMA",1124,227,NA,NA,0,0,0,0,NA,2104.6711409396,8654136.79274347,NA,NA,0,0,0,0,NA,0,0,0,0
"SC",2015,"WKMA",969,119,NA,NA,0,0,0,0,NA,153.040476190476,595552.418546151,NA,NA,0,0,0,0,NA,0,0,0,0
"SC",2016,"WKMA",1927,230,NA,NA,0,0,0,0,NA,1506.63587628866,4454979.57695473,NA,NA,0,0,0,0,NA,0,0,0,0
"SC",2017,"WKMA",1190,94,NA,NA,0,0,0,0,NA,1291.66990291262,8189968.77757961,NA,NA,0,0,0,0,NA,0,0,0,0
"SC",2018,"WKMA",1996,154,NA,NA,0,0,0,0,NA,482.923969072165,445031.134408026,NA,NA,0,0,0,0,NA,0,0,0,0
"SC",2019,"WKMA",1190,94,NA,NA,0,0,0,0,NA,2986.52638610554,17108577.5232715,NA,NA,0,0,0,0,NA,0,0,0,0
"SC",2020,"WKMA",1426,79,NA,NA,0,0,0,0,NA,254.802507836991,351595.754376875,NA,NA,0,0,0,0,NA,0,0,0,0
"SC",2021,"WKMA",3063,245,NA,NA,0,0,0,0,NA,376.53766040543,299372.380152434,NA,NA,0,0,0,0,NA,0,0,0,0
"SE",1999,"CSEO",8490,1378,0.121126065016281,0.00426147662974627,166.911717592435,8092.04978859912,89.9558213157943,176.313409778957,NA,4688.87797836018,7342918.28710001,0.0403852360366843,0.000473170248755582,189.361443903287,25853.4308042414,160.790020847817,315.148440861721,NA,356.273161495722,33945.4805928405,184.242993334456,361.116266935534
"SE",2000,"CSEO",6035,1145,0.121126065016281,0.00426147662974627,138.689344443642,5586.9023985131,74.745584475025,146.501345571049,NA,3333.02457001221,3710290.0674539,0.0403852360366843,0.000473170248755582,134.604983976011,13063.4338790208,114.295379954838,224.018944711482,NA,273.294328419653,18650.3362775339,136.566234031454,267.66981870165
"SE",2001,"CSEO",5594,1090,0.121126065016281,0.00426147662974627,132.027410867746,5063.06038380154,71.1551852207662,139.464163032702,NA,3089.46801071223,3187852.64892282,0.0403852360366843,0.000473170248755582,124.768894840399,11224.0017729508,105.943389472637,207.649043366368,NA,256.796305708145,16287.0621567524,127.620774785112,250.13671857882
"SE",2002,"CSEO",6354,1316,0.121126065016281,0.00426147662974627,159.401901561426,7380.26387008586,85.908462156448,168.380585826638,NA,3509.20267073034,4112896.0748843,0.0403852360366843,0.000473170248755582,141.719978158008,14480.9556527221,120.336842457836,235.860211217359,NA,301.121879719433,21861.2195228079,147.855400722489,289.796585416079
"SE",2003,"CSEO",8201,1549,0.121126065016281,0.00426147662974627,187.624274710219,10224.9912868898,101.118698997217,198.192650034546,NA,4529.26835106382,6851520.13978104,0.0403852360366843,0.000473170248755582,182.915571431196,24123.2838105914,155.316720962656,304.420773086805,NA,370.539846141416,34348.2750974812,185.332876461467,363.252437864475
"SE",2004,"CSEO",7046,1205,0.121126065016281,0.00426147662974627,145.956908344619,6187.77060330733,78.6623836614892,154.178271976519,NA,3891.38212432577,5057531.45542096,0.0403852360366843,0.000473170248755582,157.15438559983,17806.8901778069,133.442460175938,261.547221944839,NA,303.111293944449,23994.6607811142,154.902100634931,303.608117244464
"SE",2005,"CSEO",8114,1735,0.121126065016281,0.00426147662974627,210.153722803248,12828.003487778,113.260776475256,221.991121891502,NA,4481.21977814069,6706923.01892104,0.0403852360366843,0.000473170248755582,180.97511847247,23614.176734565,153.669049370929,301.19133676702,NA,391.128841275717,36442.1802223429,190.898350496653,374.16076697344
"SE",2006,"CSEO",5240,1185,0.034948742,1.57e-05,41.41425927,22.0463325,4.69535222320967,9.20289035749095,NA,2893.96002433538,2797150.85245272,0.032818533,6.14e-05,94.9755225593313,3698.65875755178,60.8165993586602,119.200534742974,NA,136.389781829331,3720.70509005178,60.9975826574446,119.555262008591
"SE",2007,"CSEO",5145,1070,0.043135192,2.17e-05,46.15465544,24.84433,4.98440869110871,9.76944103457306,NA,2841.49319183311,2696646.83526773,0.014044944,3.9e-05,39.9086127556773,952.000258895438,30.8545014365074,60.4748228155545,NA,86.0632681956773,976.844588895438,31.2545130964384,61.2588456690192
"SE",2008,"CSEO",4496,1119,0.080645161,3.52e-05,90.241935159,44.0760672,6.63898088564804,13.0124025358702,NA,2483.06188347554,2059235.04187886,0.015209125,2.85e-05,37.765198568515,710.744761072669,26.6597967185174,52.253201568294,NA,128.007133727515,754.820828272669,27.4740027712139,53.8490454315792
"SE",2009,"CSEO",2028,472,0.040901503,3.28e-05,19.305509416,7.3073152,2.70320461674658,5.29828104882329,NA,1120.02880331148,418976.06752061,0.01025641,2.61e-05,11.4874746185719,87.7505451997107,9.36752609816011,18.3603511523938,NA,30.7929840345719,95.0578603997107,9.7497620688769,19.1095336549987
"SE",2010,"CSEO",2413,888,0.088066931,3.54e-05,78.203434728,27.9144576,5.28341344208458,10.3554903464858,NA,1332.65754555749,593154.676367009,0.02530253,2.72e-05,33.7196075261948,444.188673102516,21.0757840447874,41.3085367277834,NA,111.923042254195,472.103130702516,21.727934340441,42.5867513072644
"SE",2011,"CSEO",3363,1058,0.124932687,5.89e-05,132.178782846,65.9305396,8.11976228716087,15.9147340828353,NA,1640.24034593725,1713584.96833279,0.049019608,6.54e-05,80.4039387836283,4405.63082304768,66.3749261622767,130.094855278062,NA,212.582721629628,4471.56136264768,66.8697342797747,131.064679188358
"SE",2012,"CSEO",3615,1875,0.098330241,4.11e-05,184.369201875,144.4921875,12.0204903186185,23.5601610244922,NA,1878.69473901666,984669.711349431,0.041853513,6e-05,78.6299746824656,1995.71204811443,44.6733930669523,87.5598504112266,NA,262.999176557466,2140.20423561443,46.2623414411163,90.6741892245879
"SE",2013,"CSEO",3645,1501,0.158866995,5.49e-05,238.459359495,123.6897549,11.1215895851268,21.7983155868484,NA,1123.55561704483,578647.089839533,0.046840959,4.87e-05,52.6284225922164,1359.25325238022,36.8680519200597,72.261381763317,NA,291.087782087216,1482.94300728022,38.508999042824,75.477638123935
"SE",2014,"CSEO",2622,1114,0.219897959,8.76e-05,244.966326326,108.7112496,10.426468702298,20.4358786565041,NA,3265.00607952678,5538426.38296565,0.079245283,6.89e-05,258.73633076882,35896.3822146427,189.463406004016,371.348275767872,NA,503.70265709482,36005.0934642427,189.75008159219,371.910159920692
"SE",2015,"CSEO",3178,1555,0.136752137,4.39e-05,212.649573035,106.1512975,10.302975177103,20.1938313471218,NA,1201.02672548002,773658.924890229,0.043111528,3.87e-05,51.7780973042802,1523.68945712803,39.0344649909286,76.50755138222,NA,264.42767033928,1629.84075462803,40.3712862642253,79.1277210778816
"SE",2016,"CSEO",3587,1935,0.132767099,5.15e-05,256.904336565,192.8275875,13.8862373413391,27.2170251890246,NA,3568.6110221083,3499836.0048138,0.07337884,5.81e-05,261.860537213521,19787.949613262,140.669647092975,275.71250830223,NA,518.764873778521,19980.777200762,141.353377040529,277.052618999437
"SE",2017,"CSEO",5317,3316,0.203416149,8.39e-05,674.527950084,922.5523184,30.3735463586325,59.5321508629198,NA,2561.43215258856,4371531.43065873,0.066753927,8.16e-05,170.985654929349,20372.0126064562,142.730559469429,279.751896560081,NA,845.513605013349,21294.5649248562,145.926573744662,286.016084539537
"SE",2018,"CSEO",5432,3527,0.234708393,8.52e-05,827.816502111,1059.8649108,32.5555665101991,63.8089103599903,NA,2198.90431095406,1795545.67996348,0.040712468,4.98e-05,89.5228213947794,3306.33618047914,57.5007493905874,112.701468805551,NA,917.339323505779,4366.20109127914,66.0772358023483,129.511382172603
"SE",2019,"CSEO",6082,3802,0.0983957219251337,9.49828734817617e-05,374.100534759358,1372.99681268506,NA,NA,NA,4129.68202895808,6461933.03596563,0.0268456375838926,3.51141792024286e-05,110.863947086123,5482.79155448101,74.0458746621377,145.12991433779,NA,484.964481845481,6855.78836716607,82.7996882069375,162.287388885598
"SE",2020,"CSEO",4441,3314,0.121126065016281,0.00421095553057403,401.411779463955,46247.2233662602,215.051676036855,421.501285032235,NA,9569.96347607053,31121567.4321015,0.0403852360366843,0.000475697279900955,386.485233843556,109129.058726744,330.346876368983,647.479877683208,NA,787.897013307511,155376.282093005,394.177982760332,772.588846210251
"SE",2021,"CSEO",9236,7145,0.121126065016281,0.00421095553057403,865.445734541328,214973.596065223,463.652451805469,908.75880553872,NA,6688.93731496975,13073339.323194,0.0403852360366843,0.000475697279900955,270.134312299639,48824.7325160882,220.963192672645,433.087857638383,NA,1135.58004684097,263798.328581311,513.61301441972,1006.68150826265
"SE",2022,"CSEO",8456,6297,0.121126065016281,0.00399489676671782,762.730831407521,158406.481527319,398.003117484423,780.086110269469,NA,4576.01401050789,8866090.49409056,0.0403852360366843,0.000435989199664171,184.803405921535,27455.3953662187,165.696696907991,324.765525939663,NA,947.534237329057,185861.876893538,431.11701067522,844.989340923432
"SE",2023,"CSEO",9726,5841,0.121126065016281,0.00399489676671782,707.497345760097,136295.015556103,369.181548233526,723.595834537711,NA,7589.42825968357,17041268.0429465,0.0403852360366843,0.000435989199664171,306.500851650803,60336.2851666017,245.634454355658,481.443530537089,NA,1013.9981974109,196631.300722705,443.431280721946,869.125310215013
"SE",2024,"CSEO",9295,6476,0.0742659926128676,0.00404703758850175,480.946568160931,169726.993480237,411.979360502729,807.479546585348,NA,5246.90375778938,8834452.23781032,0.0254692671944568,0.00047481684017177,133.634793750737,22997.2178811596,151.648336229448,297.230739009717,NA,614.581361911668,192724.211361397,439.003657571776,860.44716884068
"SE",1999,"EWYKT",195,8,0.01178173262143,0.000516411123138919,0.0942538609714401,0.0330503118808908,0.181797447399271,0.356322996902572,NA,132.913639096949,32040.4152704687,0.00029036,1.1757e-06,0.0385928042481902,0.0611411672368465,0.247267400271137,0.484644104531428,NA,0.13284666521963,0.0941914791177373,0.306906303483225,0.601536354827121
"SE",2000,"EWYKT",361,22,0.01178173262143,0.000516411123138919,0.25919811767146,0.249942983599237,0.499942980347996,0.979888241482072,NA,246.060634430763,109810.360511841,0.00029036,1.1757e-06,0.0714461658133163,0.209545773976938,0.45776169998913,0.897212931978694,NA,0.330644283484777,0.459488757576175,0.67785600061973,1.32859776121467
"SE",2001,"EWYKT",631,53,0.01178173262143,0.000516411123138919,0.624431828935791,1.45059884489722,1.20440808902017,2.36063985447954,NA,430.094903949616,335496.220499805,0.00029036,1.1757e-06,0.124882356310811,0.640211131839317,0.800131946518396,1.56825861517606,NA,0.749314185246601,2.09080997673654,1.44596333865577,2.83408814376531
"SE",2002,"EWYKT",810,41,0.01178173262143,0.000516411123138919,0.48305103747863,0.868087097996523,0.931711917921265,1.82615535912568,NA,552.102808556559,552839.354607614,0.00029036,1.1757e-06,0.160308571492483,1.05495647137659,1.0271107395878,2.01313704959208,NA,0.643359608971113,1.92304356937312,1.386738464662,2.71800739073752
"SE",2003,"EWYKT",789,136,0.01178173262143,0.000516411123138919,1.60231563651448,9.55154013357745,3.09055660578761,6.05749094734372,NA,537.789032038426,524545.203276461,0.00029036,1.1757e-06,0.156152423342677,1.00096411753975,1.00048194263552,1.96094460756562,NA,1.75846805985716,10.5525042511172,3.24846182848394,6.36698518382851
"SE",2004,"EWYKT",769,63,0.01178173262143,0.000516411123138919,0.742249155150091,2.04963574773837,1.43165489826926,2.80604360060775,NA,524.156863925919,498289.336351338,0.00029036,1.1757e-06,0.15219418700953,0.950861322770513,0.975121183633354,1.91123751992137,NA,0.89444334215962,3.00049707050888,1.73219429352163,3.39510081530239
"SE",2005,"EWYKT",686,37,0.01178173262143,0.000516411123138919,0.43592410699291,0.70696682757718,0.84081319422163,1.64799386067439,NA,467.583366259012,396530.999727061,0.00029036,1.1757e-06,0.135767506226967,0.756680834634872,0.869874033774357,1.70495310619774,NA,0.571691613219877,1.46364766221205,1.20981306911938,2.37123361547398
"SE",2006,"EWYKT",448,26,0,0,0,0,0,0,NA,305.360565720171,169116.094844028,0,0,0,0,0,0,NA,0,0,0,0
"SE",2007,"EWYKT",293,23,0,0,0,0,0,0,NA,199.711262848237,72337.6097450222,0,0,0,0,0,0,NA,0,0,0,0
"SE",2008,"EWYKT",64,26,0,0,0,0,0,0,NA,43.6229379600244,3451.34887436791,0,0,0,0,0,0,NA,0,0,0,0
"SE",2009,"EWYKT",124,5,0,0,0,0,0,0,NA,84.5194422975474,12956.0401104202,0,0,0,0,0,0,NA,0,0,0,0
"SE",2010,"EWYKT",116,21,0,0,0,0,0,0,NA,79.0665750525443,11338.2203255602,0,0,0,0,0,0,NA,0,0,0,0
"SE",2011,"EWYKT",79,25,0.023148148,0.000105174,0.5787037,0.06573375,0.256385939552075,0.502516441522066,NA,14.4833333333333,4560.09253336561,0,0,0,0,0,0,NA,0.5787037,0.06573375,0.256385939552075,0.502516441522066
"SE",2012,"EWYKT",61,18,0.073170732,0.000237122,1.317073176,0.076827528,0.277177791318136,0.543268470983546,NA,24.4632124352332,1532.2908081916,0,0,0,0,0,0,NA,1.317073176,0.076827528,0.277177791318136,0.543268470983546
"SE",2013,"EWYKT",88,25,0,0,0,0,0,0,NA,120.121673003802,343213.550012279,0.00029036,1.1757e-06,0.034878528973384,0.449416567408764,0.670385387227947,1.31395535896678,NA,0.034878528973384,0.449416567408764,0.670385387227947,1.31395535896678
"SE",2014,"EWYKT",132,50,0,0,0,0,0,0,NA,97.335952848723,24263.5588457558,0.00029036,1.1757e-06,0.0282624672691552,0.0417112208783676,0.204233251157513,0.400297172268725,NA,0.0282624672691552,0.0417112208783676,0.204233251157513,0.400297172268725
"SE",2015,"EWYKT",194,74,0,0,0,0,0,0,NA,245.453044375645,132044.625060994,0,0,0,0,0,0,NA,0,0,0,0
"SE",2016,"EWYKT",568,166,0,0,0,0,0,0,NA,1016.11644832606,3827485.23744867,0,0,0,0,0,0,NA,0,0,0,0
"SE",2017,"EWYKT",310,151,0.011583012,4.44e-05,1.749034812,1.0123644,1.00616320743704,1.97207988657661,NA,111.385281385281,42121.1226268758,0,0,0,0,0,0,NA,1.749034812,1.0123644,1.00616320743704,1.97207988657661
"SE",2018,"EWYKT",1167,612,0.05019305,0.000184782,30.7181466,69.208989408,8.31919403596286,16.3056203104872,NA,589.387991927346,481215.427572373,0,0,0,0,0,0,NA,30.7181466,69.208989408,8.31919403596286,16.3056203104872
"SE",2019,"EWYKT",1608,797,0.00684931506849315,2.33759517236621e-05,5.45890410958904,14.8486149184357,NA,NA,NA,1721.70654095463,4522629.71082619,0.004415011,9.72e-06,7.60135331708662,160.929253563884,12.6857894340039,24.8641472906475,NA,13.0602574266757,175.777868482319,13.2581246216167,25.9859242583688
"SE",2020,"EWYKT",1131,367,0.01178173262143,0.000516302200194231,4.32389587206481,69.5402270419608,8.33907830889966,16.3445934854433,NA,1396.47588424437,3767077.26261531,0.000367917586460633,1.74705976325739e-06,0.513788036881668,10.4982529892407,3.24010076837754,6.35059750601998,NA,4.83768390894648,80.0384800312015,8.94642275053004,17.5349885910389
"SE",2021,"EWYKT",1454,577,0.01178173262143,0.000516302200194231,6.79805972256511,171.891975208465,13.110757995191,25.6970856705744,NA,747.787926926132,641624.815162388,0.000367917586460633,1.74705976325739e-06,0.275124329259062,2.18474211224672,1.4780873155016,2.89705113838313,NA,7.07318405182417,174.076717320712,13.1938136003474,25.8598746566809
"SE",2022,"EWYKT",1444,671,0.01178173262143,0.000478161170416999,7.90554258897953,215.28776352972,14.6726876723292,28.7584678377651,NA,485.061971830985,2457001.64880746,0.00580986342575746,0.000393256852619836,2.81814380936664,1141.69511384083,33.7889791772528,66.2263991874156,NA,10.7236863983462,1356.98287737055,36.8372485043406,72.2010070685077
"SE",2023,"EWYKT",1543,663,0.01178173262143,0.000478161170416999,7.81128872800809,210.18482751903,14.4977524988886,28.4155948978216,NA,111.152945351313,1105533.9891858,0.00580986342575746,0.000393256852619836,0.645783431861811,476.934257961631,21.838824555402,42.804096128588,NA,8.4570721598699,687.119085480661,26.2129564429627,51.3773946282069
"SE",2024,"EWYKT",1100,662,0.00301544063171069,3.9566407236834e-05,1.99622169819248,17.3397405730991,4.16410141244171,8.16163876838576,NA,690.925266903915,843158.191764059,0.00580986342575747,0.000383634148688443,4.01418143811677,535.063066194694,23.1314302669483,45.3376033232187,NA,6.01040313630925,552.402806767793,23.5032509829554,46.0663719265925
"SE",1999,"NSEI",6691,1645,0.199241256376453,0.0246881961875179,327.751866739265,66806.8760883281,258.470261516346,506.601712572037,NA,9629.93849401197,20762404.0573427,0.142287194660294,0.00249834802637581,1370.21693306414,703906.080499905,838.99110871326,1644.42257307799,NA,1697.9687998034,770712.956588233,877.902589464363,1720.68907535015
"SE",2000,"NSEI",7565,2164,0.199241256376453,0.0246881961875179,431.158078798645,115612.255173743,340.0180218367,666.435322799933,NA,10887.8321188463,26540765.4231815,0.142287194660294,0.00249834802637581,1549.19908812288,899809.391576311,948.582833270933,1859.22235321103,NA,1980.35716692153,1015421.64675005,1007.68132202103,1975.05539116122
"SE",2001,"NSEI",5344,1327,0.199241256376453,0.0246881961875179,264.393147211553,43474.1606242897,208.504581782487,408.668980293674,NA,7691.28550470781,13244283.7842448,0.142287194660294,0.00249834802637581,1094.37143779626,449019.865996645,670.089446265679,1313.37531468073,NA,1358.76458500781,492494.026620935,701.779186511637,1375.48720556281
"SE",2002,"NSEI",5038,1129,0.199241256376453,0.0246881961875179,224.943378449016,31468.587076654,177.393875533103,347.691996044882,NA,7250.8788122601,11770960.5766218,0.142287194660294,0.00249834802637581,1031.70720501825,399069.910224508,631.719803571574,1238.17081500029,NA,1256.65058346727,430538.497301163,656.154324302723,1286.06247563334
"SE",2003,"NSEI",6124,1422,0.199241256376453,0.0246881961875179,283.321066567316,49921.6064996409,223.43143579103,437.925614150418,NA,8813.89079918238,17392657.4227307,0.142287194660294,0.00249834802637581,1254.10379585784,589661.836948126,767.894417838889,1505.07305896422,NA,1537.42486242515,639583.443447767,799.739609777937,1567.48963516476
"SE",2004,"NSEI",4849,1124,0.199241256376453,0.0246881961875179,223.947172167133,31190.4745466016,176.608251637916,346.152173210316,NA,6978.86291398357,10904354.1264616,0.142287194660294,0.00249834802637581,993.002825949486,369689.422879042,608.020906613451,1191.72097696236,NA,1216.94999811662,400879.897425644,633.150769900538,1240.97550900505
"SE",2005,"NSEI",6055,1305,0.199241256376453,0.0246881961875179,260.009839571271,42044.6153122477,205.047836643666,401.893759821586,NA,8714.58340774809,17002934.1866719,0.142287194660294,0.00249834802637581,1239.97362572162,576449.082065973,759.242439584336,1488.1151815853,NA,1499.98346529289,618493.697378221,786.443702612095,1541.42965711971
"SE",2006,"NSEI",4774,1141,0.071225071,0.000189006,81.267806011,246.063320286,15.6864055884705,30.7453549534023,NA,6870.92009720717,10569645.1744349,0.1,0.00047619,687.092009720717,133210.32335266,364.9798944499,715.360593121803,NA,768.359815731717,133456.386672946,365.316830536106,716.020987850768
"SE",2007,"NSEI",2342,452,0.033333333,8.98e-05,15.066666516,18.3464992,4.28328135895834,8.39523146355834,NA,3370.69435853774,2543720.32608506,0.205741627,0.000785635,693.492141445277,118599.198345375,344.382343254376,674.989392778578,NA,708.558807961277,118617.544844575,344.408979041742,675.041598921814
"SE",2008,"NSEI",2770,734,0.052734375,9.78e-05,38.70703125,52.6903368,7.2588109770127,14.2272695149449,NA,3986.68803294174,3558402.87922,0.098837209,0.000520868,394.033118329661,44893.2725513042,211.880326012833,415.285438985152,NA,432.740149579661,44945.9628881042,212.00462940253,415.529073628959
"SE",2009,"NSEI",1738,306,0.124579125,0.000368443,38.12121225,34.499528748,5.87362994646411,11.5123146950697,NA,2501.39487409846,1400861.25281166,0.135746606,0.00053327,339.555864424663,29897.5629241678,172.909117527584,338.901870354064,NA,377.677076674663,29932.0624529158,173.008850793582,339.09734755542
"SE",2010,"NSEI",1607,533,0.087855297,0.000207608,46.826873301,58.979149112,7.67978835072947,15.0523851674298,NA,2312.85475412901,1197642.86736942,0.11002445,0.000239998,254.47057225293,16069.1740336835,126.764245880625,248.457921926024,NA,301.29744555393,16128.1531827955,126.996666030237,248.913465419264
"SE",2011,"NSEI",1442,429,0.133333333,0.000454943,57.199999857,83.728164663,9.15030953919046,17.9346066968133,NA,1731.91590013141,874226.185743456,0.183908046,0.000432524,318.513269029498,31243.7198156044,176.758931360213,346.447505466017,NA,375.713268886498,31327.4479802674,176.995615709168,346.911406789969
"SE",2012,"NSEI",1202,549,0.123076923,0.000333114,67.569230727,100.400892714,10.0200245864968,19.6392481895337,NA,2392.91011904762,3409167.61911695,0.130350195,0.000220973,311.91630063533,59944.387506682,244.835429435125,479.877441692845,NA,379.48553136233,60044.788399396,245.04038116073,480.279147075031
"SE",2013,"NSEI",940,281,0.302839117,0.000668125,85.097791877,52.755818125,7.26332004836631,14.236107294798,NA,1650.46132500867,967135.274607714,0.13224822,0.000116862,218.270572411238,17346.1571547795,131.7048106744,258.141428921824,NA,303.368364288238,17398.9129729045,131.904939152802,258.533680739493
"SE",2014,"NSEI",1454,428,0.230529595,0.00055433,98.66666666,101.54438672,10.0769234749501,19.7507700109022,NA,1367.71820486059,1884001.59703225,0.161175423,0.000120497,220.442560213207,49394.1081013707,222.247852861104,435.605791607763,NA,319.109226873207,49495.6524880907,222.476184091895,436.053320820114
"SE",2015,"NSEI",1252,404,0.128089888,0.000251538,51.748314752,41.055026208,6.40741962165738,12.5585424584485,NA,1286.32760649565,807027.488687697,0.194901316,0.000129148,250.706943313131,30974.0875097294,175.994566705138,344.949350742071,NA,302.455258065131,31015.1425359374,176.111165279029,345.177883946896
"SE",2016,"NSEI",1537,554,0.384773663,0.000488088,213.164609302,149.802016608,12.2393634069751,23.9891522776711,NA,1900.11878574571,2125067.19137228,0.250190694,0.000143203,475.392037688157,133840.738987467,365.842505714505,717.051311200429,NA,688.556646990157,133990.541004075,366.047184122588,717.452480880272
"SE",2017,"NSEI",1943,752,0.291814947,0.000738068,219.444840144,417.380406272,20.4298900210451,40.0425844412485,NA,3475.21715462704,5155138.9606057,0.073748903,6e-05,256.293452840526,29072.225262921,170.505792461491,334.191353224522,NA,475.738292984526,29489.605669193,171.725378640412,336.581742135208
"SE",2018,"NSEI",3774,2103,0.348484848,0.000430822,732.863635344,1905.357254598,43.6503981035454,85.554780282949,NA,8251.05514157973,44703940.9758877,0.107398568,7.63e-05,886.151506694701,524240.887558461,724.044810463041,1419.12782850756,NA,1619.0151420387,526146.244813059,725.359390104698,1421.70440460521
"SE",2019,"NSEI",5817,2821,0.476708074534161,0.000387958765486927,1344.79347826087,3087.39176205435,NA,NA,NA,13496.7635937761,92145960.9024565,0.107749469214437,5.10565698876497e-05,1454.26911334212,1083815.08079071,1041.06439800365,2040.48622008716,NA,2799.06259160299,1086902.47255277,1042.54614888396,2043.39045181255
"SE",2020,"NSEI",981,667,0.199241256376453,0.0193658624843825,132.893918003094,8615.65919481445,92.8205752773298,181.928327543566,NA,1027.44457274827,570222.900891816,0.142287194660294,0.00253418785530144,146.192205925295,15664.7788314889,125.159014183913,245.311667800469,NA,279.08612392839,24280.4380263034,155.821814988478,305.410757377416
"SE",2021,"NSEI",2631,1692,0.199241256376453,0.0193658624843825,337.116205788958,55441.8305354892,235.460889609058,461.503343633755,NA,3605.83650329188,6142269.49874339,0.142287194660294,0.00253418785530144,513.064360457086,172869.53188881,415.775819269002,814.920605767244,NA,850.180566246044,228311.362424299,477.819382637727,936.525989969946
"SE",2022,"NSEI",3759,2525,0.199241256376453,0.0177028568814244,503.084172350544,112866.776904631,335.956510436442,658.474760455427,NA,10507.2516697456,89964495.3628392,0.142287194660294,0.00234520453750892,1495.04736367779,2291290.51043095,1513.70093163443,2966.85382600349,NA,1998.13153602834,2404157.28733558,1550.53451665404,3039.04765264192
"SE",2023,"NSEI",4303,2616,0.199241256376453,0.0177028568814244,521.215126680801,121148.722142325,348.064250020488,682.205930040157,NA,6087.11533386118,22346441.7684419,0.142287194660294,0.00234520453750892,866.118564428766,591721.921382416,769.234633504249,1507.69988166833,NA,1387.33369110957,712870.643524741,844.316672537468,1654.86067817344
"SE",2024,"NSEI",5813,4108,0.121060185347673,0.0139702618775023,497.315241408241,235757.445436738,485.548602548435,951.675260994932,NA,10942.8474354561,33793000.3747146,NA,NA,NA,NA,NA,NA,NA,NA,NA,NA,NA
"SE",1999,"NSEO",1134,236,0.0863464798308793,0.00309106203074214,20.3777692400875,172.159790864214,13.1209676039618,25.7170965037651,NA,722.837895387813,286195.987094234,0.025532718658658,0.000547683714658211,18.4560166187535,629.483485723613,25.089509475548,49.1754385720741,NA,38.833785858841,801.643276587827,28.3133056457177,55.4940790656066
"SE",2000,"NSEO",2094,464,0.0863464798308793,0.00309106203074214,40.064766641528,665.49329097066,25.7971566450774,50.5624270243517,NA,1334.76415603358,975867.344812991,0.025532718658658,0.000547683714658211,34.0801576716664,2146.40458118815,46.3293058569643,90.80543947965,NA,74.1449243131944,2811.89787215881,53.0273313693873,103.933569483999
"SE",2001,"NSEO",1662,370,0.0863464798308793,0.00309106203074214,31.9481975374253,423.166392008599,20.571008531635,40.3191767220046,NA,1059.39733874298,614751.31977698,0.025532718658658,0.000547683714658211,27.0492941978556,1352.13567302391,36.771397485327,72.0719390712408,NA,58.9974917352809,1775.30206503251,42.1343335657811,82.583293788931
"SE",2002,"NSEO",2182,380,0.0863464798308793,0.00309106203074214,32.8116623357341,446.349357239165,21.1269817351927,41.4088842009777,NA,1390.85739659277,1059612.13514152,0.025532718658658,0.000547683714658211,35.5123706015168,2330.59990503746,48.2762871919275,94.6215228961778,NA,68.3240329372509,2776.94926227662,52.6967670951134,103.285663506422
"SE",2003,"NSEO",2025,402,0.0863464798308793,0.00309106203074214,34.7112848920135,499.527988416053,22.3501227830196,43.8062406547185,NA,1290.78195604967,912614.754764778,0.025532718658658,0.000547683714658211,32.9571725334883,2007.28152335336,44.80269549205,87.813283164418,NA,67.6684574255018,2506.80951176941,50.0680488112869,98.1333756701224
"SE",2004,"NSEO",2356,428,0.0863464798308793,0.00309106203074214,36.9562933676163,566.233107039468,23.7956531122696,46.6394801000485,NA,1501.76903133482,1235344.26420461,0.025532718658658,0.000547683714658211,38.3442461673573,2717.11990582224,52.1260002860592,102.166960560676,NA,75.3005395349736,3283.35301286171,57.300549847813,112.309077701714
"SE",2005,"NSEO",2502,474,0.0863464798308793,0.00309106203074214,40.9282314398368,694.487452819021,26.3531298486351,51.6521345033248,NA,1594.83281680803,1393195.43125415,0.025532718658658,0.000547683714658211,40.7204176191544,3064.31101730056,55.3562193190662,108.49818986537,NA,81.6486490589912,3758.79847011958,61.3090406882996,120.165719749067
"SE",2006,"NSEO",1591,183,0.011904762,2.81e-05,2.178571446,0.9410409,0.970072626147135,1.90134234724839,NA,1014.14029238272,563349.34041902,0.060606061,0.000875892,61.4630484227052,3463.50648823919,58.8515631758341,115.349063824635,NA,63.6416198687052,3464.44752913919,58.8595576702645,115.364733033718
"SE",2007,"NSEO",1002,179,0.013029316,2.1e-05,2.332247564,0.672861,0.820281049397095,1.60775085681831,NA,638.698034549019,223446.148878002,0.016393443,0.000268745,10.4704598235914,229.730604386348,15.1568665754617,29.7074584879049,NA,12.8027073875914,230.403465386348,15.1790469195647,29.7509319623469
"SE",2008,"NSEO",576,113,0.053682896,6.35e-05,6.066167248,0.8108315,0.900461825953771,1.76490517886939,NA,367.15575638746,73838.4204546475,0.079207921,0.00072934,29.0816441466332,615.425266836494,24.807766260518,48.6232218706152,NA,35.1478113946332,616.236098336494,24.8241031728539,48.6552422187936
"SE",2009,"NSEO",406,46,0.029154519,8.28e-05,1.341107874,0.1752048,0.418574724511646,0.820406460042825,NA,258.793814398106,36685.0823268177,0.051282051,0.000631847,13.2714775884482,161.97304888047,12.7268632773543,24.9446520236145,NA,14.6125854624482,162.14825368047,12.7337446841245,24.9581395808841
"SE",2010,"NSEO",591,210,0.052830189,9.46e-05,11.09433969,4.17186,2.04251315785236,4.00332578939062,NA,376.71710421005,77734.2464036571,0,0,0,0,0,0,NA,11.09433969,4.17186,2.04251315785236,4.00332578939062
"SE",2011,"NSEO",681,192,0.077697842,0.000103258,14.917985664,3.806502912,1.95102611771345,3.82401119071835,NA,321.754061371841,136323.348658868,0.036363636,0.000213667,11.7001475692473,231.510097166861,15.215455864576,29.822293494569,NA,26.6181332332473,235.316600078861,15.3400325970599,30.0664638902374
"SE",2012,"NSEO",537,302,0.098944591,0.000117774,29.881266482,10.741459896,3.27741664974107,6.4237366334925,NA,178.100502512563,39771.1686590069,0.015564202,5.99e-05,2.77199219740703,13.9166506121456,3.7305027291433,7.31178534912088,NA,32.653258679407,24.6581105081456,4.96569335623392,9.73275897821847
"SE",2013,"NSEO",622,271,0.131897712,0.000154314,35.744279952,11.332974474,3.3664483471457,6.59823876040557,NA,369.632039174537,242983.446037402,0.013071895,4.23e-05,4.83179120472543,57.5772175862878,7.58796531267031,14.8724120128338,NA,40.5760711567254,68.9101920602878,8.30121630005434,16.2703839481065
"SE",2014,"NSEO",484,190,0.125,0.000132898,23.75,4.7976178,2.19034650226853,4.29307914444633,NA,438.814760147602,485417.4002368,0.014150943,3.3e-05,6.20964265840738,119.577641336874,10.9351562099896,21.4329061715796,NA,29.9596426584074,124.375259136874,11.1523656296265,21.8586366340679
"SE",2015,"NSEO",387,191,0.096544715,8.87e-05,18.440040565,3.2358647,1.79885093879398,3.52574784003621,NA,256.628875110717,162065.57835954,0.012779553,4.04e-05,3.27960231080779,35.6761878889921,5.97295470341037,11.7069912186843,NA,21.7196428758078,38.9120525889921,6.23795259592377,12.2263870880106
"SE",2016,"NSEO",451,305,0.069518717,8.66e-05,21.203208685,8.055965,2.83830319028817,5.56307425296481,NA,306.772750642673,130376.228369244,0.009960159,1.97e-05,3.05550537326838,17.3563126509615,4.16609081165563,8.16553799084503,NA,24.2587140582684,25.4122776509615,5.04105917947424,9.8804759917695
"SE",2017,"NSEO",643,460,0.081939799,0.000126006,37.69230754,26.6628696,5.16361013245578,10.1206758596133,NA,366.29622711991,282388.676637402,0.009746589,1.89e-05,3.57013877798842,34.6988082066708,5.89056942974708,11.5455160823043,NA,41.2624463179884,61.3616778066708,7.83336950530682,15.3534042304014
"SE",2018,"NSEO",1904,1468,0.117957746,0.000183499,173.161971128,395.444748976,19.8857926413809,38.9761535771066,NA,2143.61695244257,7364744.46096053,0.016985138,3.55e-05,36.4096297563766,2549.2655641827,50.4902521699258,98.9608942530546,NA,209.571600884377,2944.7103131587,54.2651850928263,106.35976278194
"SE",2019,"NSEO",2929,2174,0.248747913188648,0.00031249563356679,540.77796327212,1476.94061303152,NA,NA,NA,1472.38213132401,2584682.05001785,0.0213464696223317,3.43598648963726e-05,31.4301604387719,1341.0650237856,36.6205546624515,71.7762871384049,NA,572.208123710892,2818.00563681711,53.0848908524555,104.046386070813
"SE",2020,"NSEO",905,745,0.0863464798308792,0.00368986007984471,64.328127474005,2047.96459081581,45.2544427743377,88.698707837702,NA,835.79989154013,610822.333344612,0.025532718658658,0.00054596760755801,21.340243485631,1113.08826212484,33.3629774169638,65.391435737249,NA,85.668370959636,3161.05285294065,56.2232412169616,110.197552785245
"SE",2021,"NSEO",1844,1280,0.0863464798308792,0.00368986007984471,110.523494183525,6045.46675481757,77.7525996659763,152.395095345313,NA,2451.47919946031,3504073.34170633,0.025532718658658,0.00054596760755801,62.5929286973722,7478.61403264428,86.4789802937354,169.498801375721,NA,173.116422880898,13524.0807874619,116.293081425603,227.934439594181
"SE",2022,"NSEO",2833,2369,0.0863464798308793,0.00345246312688128,204.554810719353,19375.7789146212,139.196906986546,272.82593769363,NA,1656.48045178106,4381711.85886828,0.025532718658658,0.000483614651154832,42.2944493388925,6302.5879639367,79.3888402984746,155.60212698501,NA,246.849260058246,25678.3668785579,160.244709362144,314.079630349801
"SE",2023,"NSEO",2146,1784,0.0863464798308793,0.00345246312688128,154.042120018289,10988.0024855475,104.82367330688,205.454399681484,NA,5478.57856673241,65008468.841042,0.025532718658658,0.000483614651154832,139.883005193732,88334.9591305268,297.211976761581,582.5354744527,NA,293.925125212021,99322.9616160743,315.155456268925,617.704694287093
"SE",2024,"NSEO",2786,2501,NA,NA,NA,NA,NA,NA,NA,16147.6636802205,1304996241.18222,0.0184983623401673,0.000468568056497633,298.705333703878,1180213.18019658,1086.37616882762,2129.29729090213,NA,NA,NA,NA,NA
"SE",1999,"SSEI",6832,2497,0.17188181548254,0.00107550001800044,429.188893259901,6705.75229173291,81.8886578943196,160.501769472866,NA,12089.4871674675,29974833.1275917,0.112747126115284,0.00105616123550026,1363.05493433957,567059.755736882,753.033701594346,1475.94605512492,NA,1792.24382759947,573765.508028615,757.47310713227,1484.64728997925
"SE",2000,"SSEI",9811,4406,0.17188181548254,0.00107550001800044,757.311279016069,20878.5054674396,144.493963429064,283.208168320965,NA,17360.9424180363,61814108.4966732,0.112747126115284,0.00105616123550026,1957.39636428653,1169390.77245275,1081.38373043649,2119.51211165553,NA,2714.7076433026,1190269.27792019,1090.99462781454,2138.3494705165
"SE",2001,"SSEI",8166,3755,0.17188181548254,0.00107550001800044,645.416217136936,15164.5771413067,123.144537602391,241.363293700686,NA,14450.0515529186,42823268.2972474,0.112747126115284,0.00105616123550026,1629.20178480927,810124.678830633,900.069263351789,1764.13575616951,NA,2274.61800194621,825289.25597194,908.454322446616,1780.57047199537
"SE",2002,"SSEI",8332,3524,0.17188181548254,0.00107550001800044,605.71151776047,13356.1787115398,115.5689348897,226.515112383813,NA,14743.7949472101,44582003.4573982,0.112747126115284,0.00105616123550026,1662.32050833099,843396.187835398,918.366042401067,1799.99744310609,NA,2268.03202609146,856752.366546937,925.609186723499,1814.19400597806
"SE",2003,"SSEI",8078,3456,0.17188181548254,0.00107550001800044,594.023554307657,12845.7033829961,113.338887337913,222.144219182309,NA,14294.3321631737,41905280.9154796,0.112747126115284,0.00105616123550026,1611.64487113511,792758.320250455,890.369766024462,1745.12474140795,NA,2205.66842544277,805604.023633451,897.554468337967,1759.20675794242
"SE",2004,"SSEI",6002,2841,0.17188181548254,0.00107550001800044,488.316237785895,8680.66286078661,93.17007492101,182.61334684518,NA,10620.77019601,23134123.0277688,0.112747126115284,0.00105616123550026,1197.46131673099,437648.146279023,661.54980634796,1296.637620442,NA,1685.77755451688,446328.80913981,668.078445348905,1309.43375288385
"SE",2005,"SSEI",9401,4674,0.17188181548254,0.00107550001800044,803.37560556539,23495.6702312426,153.282974368462,300.434629762186,NA,16635.4316249067,56755658.1267507,0.112747126115284,0.00105616123550026,1875.59710739554,1073695.70656312,1036.19289061599,2030.93806560734,NA,2678.97271296093,1097191.37679436,1047.46903381167,2053.03930627088
"SE",2006,"SSEI",6626,3077,0.193290735,0.000249487,594.755591595,2362.125202423,48.6016995836874,95.2593311840273,NA,11724.9622323829,28194469.1317464,0.108927109,7.96e-05,1277.16623910765,347717.889724677,589.676088818833,1155.76513408491,NA,1871.92183070265,350080.0149271,591.675599401479,1159.6841748269
"SE",2007,"SSEI",3895,1932,0.211936663,0.000203682,409.461632916,760.268321568,27.5729635978435,54.0430086517732,NA,6892.35253473156,9742624.91219345,0.121307354,6.7e-05,836.093048823479,147202.903838475,383.670306172468,751.993800098037,NA,1245.55468173948,147963.172160043,384.659813549639,753.933234557293
"SE",2008,"SSEI",3127,1315,0.121527778,0.000185667,159.80902807,321.060018075,17.918147730025,35.119569550849,NA,5533.34695150336,6279380.80584807,0.091438071,6.91e-05,505.958571419198,55051.0098398677,234.629516131001,459.873851616762,NA,665.767599489198,55372.0698579427,235.312706537371,461.212904813247
"SE",2009,"SSEI",1615,726,0.113543092,0.000137878,82.432284792,72.672184728,8.52479822212819,16.7086045153713,NA,2857.80470952284,1674966.4483188,0.076849183,6.82e-05,219.619957100383,10563.2370734501,102.777609786617,201.444115181769,NA,302.052241892383,10635.9092581781,103.130544739074,202.135867688585
"SE",2010,"SSEI",3026,1842,0.174211248,0.000197612,320.897118816,670.490401968,25.8938294187631,50.7519056607756,NA,5354.6235610007,5880292.18266293,0.055505819,4.7e-05,297.21276619004,19740.5257545483,140.500981329485,275.381923405791,NA,618.10988500604,20411.0161565163,142.867127627444,280.01957014979
"SE",2011,"SSEI",1401,557,0.162679426,0.000163132,90.612440282,50.611539868,7.11417879083735,13.9437904300412,NA,3027.67548500882,2492666.77727787,0.114575214,7.91e-05,346.896566617439,33644.6977382406,183.424910353639,359.512824293133,NA,437.509006899439,33695.3092781086,183.56282106709,359.783129291497
"SE",2012,"SSEI",1982,1213,0.143570537,0.000153698,174.151061381,226.146472562,15.0381671942428,29.4748077007159,NA,3308.38808399805,3537724.22884366,0.144815767,0.000106213,479.106757917838,75730.0594214762,275.190950835009,539.374263636617,NA,653.257819298838,75956.2058940382,275.60153463658,540.179007887698
"SE",2013,"SSEI",2044,1461,0.171851852,0.000211155,251.075555772,450.714781755,21.2300443182533,41.6108868637765,NA,7891.83511569123,27499452.4149664,0.129853596,7.2e-05,1024.78316881158,470158.764485043,685.681241164612,1343.93523268264,NA,1275.85872458358,470609.479266798,686.009824468132,1344.57925595754
"SE",2014,"SSEI",2308,1518,0.219957836,0.000120658,333.895995048,278.035125192,16.6743853017735,32.6817951914761,NA,4717.29985625299,4505262.42049858,0.164224356,6.94e-05,774.695530952041,123362.319264513,351.229724346492,688.410259719125,NA,1108.59152600004,123640.354389705,351.625303966744,689.185595774818
"SE",2015,"SSEI",3002,1949,0.202893309,5.85e-05,395.439059241,222.2181585,14.9069835479885,29.2176877540575,NA,3368.36087874287,2306053.7852345,0.113866397,5.11e-05,383.543117058204,30596.8828743439,174.919646907784,342.842507939257,NA,778.982176299204,30819.1010328439,175.553698431118,344.085248924991
"SE",2016,"SSEI",2634,1765,0.19990702,7.44e-05,352.8358903,231.77274,15.2240842089106,29.8392050494647,NA,4684.43475395431,6607012.86980885,0.149724587,6.38e-05,701.375058864255,149933.943646304,387.213046844116,758.937571814468,NA,1054.21094916425,150165.716386304,387.512214499497,759.523940419013
"SE",2017,"SSEI",5303,4290,0.177429467,9.16e-05,761.17241343,1685.81556,41.0586843432665,80.4750213128024,NA,10269.3015873016,20444681.1364535,0.137907609,8.08e-05,1416.21482800467,399000.325915948,631.664725875957,1238.06286271688,NA,2177.38724143467,400686.141475948,632.99774207808,1240.67557447304
"SE",2018,"SSEI",12062,9955,0.145038168,0.000237098,1443.85496244,23496.89192345,153.286959404412,300.442440432648,NA,12472.5408715466,23037083.0643625,0.094146047,5.15e-05,1174.24041910204,213386.652724121,461.937931679269,905.398346091368,NA,2618.09538154204,236883.544647571,486.706836450415,953.945399442814
"SE",2019,"SSEI",10177,7980,0.168508287292818,0.000388125330765814,1344.69613259669,24715.9763132994,NA,NA,NA,31355.5099459887,212502944.559874,0.0753186558516802,8.07955405247985e-05,2361.65486267586,1302112.81762205,1141.10158076398,2236.5590982974,NA,3706.35099527254,1326828.79393535,1151.88054673015,2257.68587159109
"SE",2020,"SSEI",3720,2149,0.17188181548254,0.00107298712655303,369.374021471978,4955.27022083433,70.3936802620401,137.971613313599,NA,13535.2343234323,34670924.6961691,0.112747126115284,0.000993386845705444,1526.05877126395,657166.490406188,810.658060100674,1588.88979779732,NA,1895.43279273593,662121.760627022,813.708646031872,1594.86894622247
"SE",2021,"SSEI",7202,4530,0.17188181548254,0.00107298712655303,778.624624135906,22018.6615252821,148.386864396017,290.838254216194,NA,12951.3090909091,28811633.1780355,0.112747126115284,0.000993386845705444,1460.22287943075,561499.2538741,749.332538913198,1468.69177626987,NA,2238.84750356666,583517.915399382,763.883443595541,1497.21154944726
"SE",2022,"SSEI",9134,7338,0.17188181548254,0.000978343814689229,1261.26876201088,52680.139761647,229.521545310341,449.862228808269,NA,19197.2716865418,54618995.2612839,0.112747126115284,0.000919151522750014,2164.4372119119,1083254.85484521,1040.79529920403,2039.9587864399,NA,3425.70597392278,1135934.99460685,1065.80251201001,2088.97292353963
"SE",2023,"SSEI",14863,11449,0.17188181548254,0.000978343814689229,1967.8749054596,128240.916870282,358.107409683578,701.890522979813,NA,17899.134692262,56781394.6365571,0.112747126115284,0.000919151522750014,2018.07599650292,1068467.80276088,1033.66716246618,2025.98763843371,NA,3985.95090196252,1196708.71963116,1093.9418264383,2144.12597981907
"SE",2024,"SSEI",19679,15969,0.117747165283718,0.0065788417456749,1880.30448241569,1677663.59814798,1295.24653952365,2538.68321746635,NA,54794.1221778721,708413250.461716,0.0780246552487641,0.00321096005160269,4275.29249258713,16227971.0600218,4028.39559378443,7895.65536381749,NA,6155.59697500282,17905634.6581698,4231.50501100611,8293.74982157197
"SE",1999,"SSEO",4102,1139,0.0554697318710337,0.000918273016439961,63.1800246011074,1191.29486796091,34.5151396920381,67.6496737963948,NA,3939.31612740195,8165677.14429935,0.025710308613701,0.000186810670428743,101.281033362433,9822.07877852706,99.1064012994472,194.248546546916,NA,164.461057963541,11013.373646488,104.944621808304,205.691458744276
"SE",2000,"SSEO",4468,1638,0.0554697318710337,0.000918273016439961,90.8594208047532,2463.76690712114,49.6363466335017,97.2872394016634,NA,4290.80069654605,9687845.88839656,0.025710308613701,0.000186810670428743,110.317810108082,11653.0183386555,107.949147002908,211.5803281257,NA,201.177230912835,14116.7852457766,118.814078483051,232.87559382678
"SE",2001,"SSEO",3276,1260,0.0554697318710337,0.000918273016439961,69.8918621575025,1457.85024090008,38.1818051026936,74.8363380012795,NA,3146.07499594558,5208212.29965702,0.025710308613701,0.000186810670428743,80.886559067609,6264.69435400561,79.1498221981933,155.133651508459,NA,150.778421225111,7722.54459490569,87.8780097345502,172.240899079718
"SE",2002,"SSEO",5386,1783,0.0554697318710337,0.000918273016439961,98.9025319260531,2919.2716455611,54.0302845223038,105.899357663715,NA,5172.39314046487,14077761.0959698,0.025710308613701,0.000186810670428743,132.983823912742,16933.4246341629,130.128492783721,255.051845856093,NA,231.886355838795,19852.696279724,140.899596449827,276.16320904166
"SE",2003,"SSEO",4577,1717,0.0554697318710337,0.000918273016439961,95.2415296225649,2707.15057876347,52.0302852074008,101.979359006506,NA,4395.477795007,10166295.2305703,0.025710308613701,0.000186810670428743,113.0090906143,12228.5207798274,110.582642308037,216.741978923753,NA,208.250620236865,14935.6713585908,122.211584387859,239.534705400204
"SE",2004,"SSEO",4886,1589,0.0554697318710337,0.000918273016439961,88.1414039430725,2318.5668229426,48.1514986572859,94.3769373682803,NA,4692.2229640385,11585314.236075,0.025710308613701,0.000186810670428743,120.638500489724,13935.3867523602,118.048239090468,231.374548617317,NA,208.779904432797,16253.9535753029,127.490994094888,249.882348425981
"SE",2005,"SSEO",6899,2049,0.0554697318710337,0.000918273016439961,113.657480603748,3855.27835049455,62.0908878217613,121.698140130652,NA,6625.38809433106,23097936.4730086,0.025710308613701,0.000186810670428743,170.340772590792,27783.335986739,166.683340459504,326.699347300628,NA,283.99825319454,31638.6143372335,177.872466495615,348.630034331404
"SE",2006,"SSEO",2288,738,0.037671233,0.000124578,27.801369954,67.850660232,8.23715122065875,16.1448163924912,NA,2197.25872732707,2540463.34394961,0.022058824,0.000159794,48.4689435485719,2413.59600773065,49.1283625590213,96.2915906156818,NA,76.2703135025719,2481.44666796265,49.8141211702329,97.6356774936565
"SE",2007,"SSEO",2461,1094,0.029968454,4.59e-05,32.785488676,54.9347724,7.41179953857361,14.5271270956043,NA,2363.3976083706,2939166.03355471,0.008086253,2.17e-05,19.1110310008796,377.173152581745,19.4209462329142,38.0650546165119,NA,51.8965196768796,432.107924981745,20.7872058002451,40.7429233684805
"SE",2008,"SSEO",3407,1450,0.049019608,5.08e-05,71.0784316,106.807,10.3347472150992,20.2561045415944,NA,3271.87958216929,5633070.15202709,0.013157895,2.45e-05,43.0510479948274,1375.54208744566,37.0883012208117,72.693070392791,NA,114.129479594827,1482.34908744566,38.5012868284381,75.4625221837388
"SE",2009,"SSEO",1253,664,0.039568345,6.85e-05,26.27338108,30.201376,5.49557785860595,10.7713326028677,NA,1203.30646212449,761908.878905099,0.016819572,2.53e-05,20.2390996777681,271.451839362435,16.4757955608351,32.2925592992369,NA,46.5124807577681,301.653215362435,17.3681667242814,34.0416067795915
"SE",2010,"SSEO",1252,766,0.025641026,3.56e-05,19.641025916,20.8885136,4.57039534395002,8.95797487414203,NA,1202.34612177163,760693.228713503,0.028097063,3.49e-05,33.7823947312232,677.526324259592,26.0293358397711,51.0174982459514,NA,53.4234206472232,698.414837859592,26.4275393833704,51.7979771914059
"SE",2011,"SSEO",781,323,0.063394683,0.000121672,20.476482609,12.693918088,3.56285252122509,6.98319094160118,NA,1415.47260589319,1681921.93773869,0.029354207,5.59e-05,41.550075876218,1655.27937345574,40.6851247196778,79.7428444505685,NA,62.026558485218,1667.97329154374,40.8408287323328,80.0480243153722
"SE",2012,"SSEO",863,245,0.051968504,7.77e-05,12.73228348,4.6639425,2.15961628536182,4.23284791930917,NA,493.636531649469,195080.357830493,0.032679739,5.17e-05,16.1319130151699,231.022817605863,15.1994347791575,29.7908921671487,NA,28.8641964951699,235.686760105863,15.3520930203625,30.0901023199105
"SE",2013,"SSEO",1075,327,0.055555556,7.3e-05,18.166666812,7.805817,2.79388922471883,5.47602288044891,NA,1483.44714558864,829827.474327598,0.014736842,3.06e-05,21.8613261998907,272.948929878956,16.521166117407,32.3814855901176,NA,40.0279930118907,280.754746878956,16.7557377300719,32.841245950941
"SE",2014,"SSEO",1870,457,0.042115573,3.96e-05,19.246816861,8.2704204,2.87583386168256,5.63663436889781,NA,1194.45308002303,1200719.78546922,0.027508091,4.34e-05,32.8571240205037,1022.60954952319,31.9782668311338,62.6774029890222,NA,52.1039408815037,1030.87996992319,32.1073195692694,62.9303463557681
"SE",2015,"SSEO",1521,409,0.036087369,3.31e-05,14.759733921,5.5370011,2.35308331769192,4.61204330267616,NA,2340.5297542044,4360864.00248046,0.032352941,4.61e-05,75.7230210465194,5018.14742959371,70.8388835992897,138.844211854608,NA,90.4827549675194,5023.68443069371,70.877954475942,138.920790772846
"SE",2016,"SSEO",1567,639,0.052576236,5.24e-05,33.596214804,21.3960204,4.62558324971025,9.06614316943208,NA,676.756130790191,858832.405936229,0.011049724,3.03e-05,7.47796846053951,144.760332752007,12.0316388223719,23.582012091849,NA,41.0741832645395,166.156353152007,12.8901649776877,25.264723356268
"SE",2017,"SSEO",1717,1007,0.105072464,0.000113703,105.807971248,115.300413447,10.7378030083905,21.0460938964454,NA,1076.46451612903,2380506.42725509,0.056756757,0.000145082,61.096634961058,8181.88164811198,90.4537541957877,177.289358223744,NA,166.904606209058,8297.18206155898,91.0888690321654,178.534183303044
"SE",2018,"SSEO",2540,1454,0.136490251,0.00016438,198.456824954,347.51838808,18.6418450825019,36.5380163617037,NA,4677.85259326661,13242366.4240172,0.025117739,3.85e-05,117.497080518144,9706.91958133741,98.5237006072012,193.106453190114,NA,315.953905472144,10054.4379694174,100.271820415396,196.532768014176
"SE",2019,"SSEO",1758,939,0.0514469453376206,7.85831838213341e-05,48.3086816720257,69.2884434221305,NA,NA,NA,915.83646861613,563570.73882264,0.0421686746987952,8.12685665451557e-05,38.6196101223669,1116.10498741568,33.4081574980674,65.4799886962122,NA,86.9282917943926,1185.39343083781,34.4295429949021,67.481904270008
"SE",2020,"SSEO",998,684,0.0554697318710337,0.000916326626587992,37.9412965997871,428.708910208952,20.7052870110257,40.5823625416105,NA,1799.43909626719,2655235.76226252,0.025710308613701,0.000179164412885664,46.2641344965887,2811.01859346874,53.0190399146263,103.917318232668,NA,84.2054310963757,3239.72750367769,56.9186041964988,111.560464225138
"SE",2021,"SSEO",1758,1208,0.0554697318710337,0.000916326626587992,67.0074361002087,1337.1624584213,36.5672320311683,71.6717747810898,NA,1441.01952638139,1868355.4654755,0.025710308613701,0.000179164412885664,37.0490567416347,1941.80466370965,44.0659127184455,86.3691889281531,NA,104.056492841843,3278.96712213095,57.2622661281489,112.234041611172
"SE",2022,"SSEO",1506,1130,0.0554697318710337,0.000829938355624115,62.6807970142681,1059.74828629643,32.553775300208,63.8053995884077,NA,1014.24489795918,941971.553205251,0.025710308613701,0.000158650196619832,26.0765493364022,935.308280220571,30.5828102080331,59.9423080077448,NA,88.7573463506703,1995.056566517,44.6660560886788,87.5454699338105
"SE",2023,"SSEO",1289,851,0.0554697318710337,0.000829938355624115,47.2047418222497,601.04218708134,24.5161617526345,48.0516770351637,NA,786.016915749712,566446.397573715,0.025710308613701,0.000158650196619832,20.2087374795145,562.316888192993,23.7132218012018,46.4779147303556,NA,67.4134793017642,1163.35907527433,34.1080500069167,66.8517780135568
"SE",2024,"SSEO",1869,1540,0.039180283754945,0.0012354866853872,60.3376369826153,2930.08022306428,54.1302154352288,106.095222253048,NA,2633.53650336215,6320695.9407726,0.0179972160295907,0.000253674171036987,47.3963253728215,5410.03025344557,73.5529078517333,144.163699389397,NA,107.733962355437,8340.11047650986,91.3242053155124,178.995442418404
