"Region","year","RptArea","Log_rfharv","Gui_Nonpelharv","gui_pSlopeinNonpel","gui_var_pSlopeinNonpel","GuiSlope","var_GuiSlope","sqrt_GuiSlope","GuiSlope_UPRLWR95","blank","PRIV_rfharv","var_PRIV_rfharv","priv_pSlope","priv_var_pSlope","Priv_Slope","var_PrivSlope","sqrt_PrivSlope","PrivSlope_UPRLWR95","blank2","TotalSlopeharv","var_totalSlopeharv","sqrt_totalSlope","TotalSlope_UPRLWR95"
"SC",1998,"AFOGNAK",416,87,NA,NA,0,0,0,0,NA,113.501596084661,3943.57521179245,NA,NA,NA,NA,NA,NA,NA,NA,NA,NA,NA
"SC",1999,"AFOGNAK",506,87,NA,NA,0,0,0,0,NA,138.057229852978,5834.51150452161,NA,NA,NA,NA,NA,NA,NA,NA,NA,NA,NA
"SC",2000,"AFOGNAK",1412,188,NA,NA,0,0,0,0,NA,385.25060978736,45433.1512172934,NA,NA,NA,NA,NA,NA,NA,NA,NA,NA,NA
"SC",2001,"AFOGNAK",535,58,NA,NA,0,0,0,0,NA,145.969600733879,6522.45408997836,NA,NA,NA,NA,NA,NA,NA,NA,NA,NA,NA
"SC",2002,"AFOGNAK",345,54,NA,NA,0,0,0,0,NA,94.129929445212,2712.3245630524,NA,NA,NA,NA,NA,NA,NA,NA,NA,NA,NA
"SC",2003,"AFOGNAK",567,83,NA,NA,0,0,0,0,NA,154.700492740392,7326.0450447482,NA,NA,NA,NA,NA,NA,NA,NA,NA,NA,NA
"SC",2004,"AFOGNAK",468,130,NA,NA,0,0,0,0,NA,127.689295595244,4991.08737742482,NA,NA,NA,NA,NA,NA,NA,NA,NA,NA,NA
"SC",2005,"AFOGNAK",1385,206,NA,NA,0,0,0,0,NA,377.883919656866,43712.2351183465,NA,NA,NA,NA,NA,NA,NA,NA,NA,NA,NA
"SC",2006,"AFOGNAK",925,159,NA,NA,NA,0,0,0,NA,252.37734706325,19497.8593090671,NA,NA,NA,NA,NA,NA,NA,NA,NA,NA,NA
"SC",2007,"AFOGNAK",2488,304,NA,NA,NA,0,0,0,NA,678.826853506341,141060.110229208,NA,NA,NA,NA,NA,NA,NA,NA,NA,NA,NA
"SC",2008,"AFOGNAK",2670,601,NA,NA,NA,0,0,0,NA,728.48380179338,162452.346797263,NA,NA,NA,NA,NA,NA,NA,NA,NA,NA,NA
"SC",2009,"AFOGNAK",3763,557,NA,NA,NA,0,0,0,NA,1026.69833189082,322679.892423215,NA,NA,NA,NA,NA,NA,NA,NA,NA,NA,NA
"SC",2010,"AFOGNAK",3032,1061,NA,NA,NA,0,0,0,NA,827.252017617052,209489.307321405,NA,NA,NA,NA,NA,NA,NA,NA,NA,NA,NA
"SC",2011,"AFOGNAK",3052,487,NA,NA,NA,0,0,0,NA,852.740819584886,200039.386792782,NA,NA,NA,NA,NA,NA,NA,NA,NA,NA,NA
"SC",2012,"AFOGNAK",3025,564,NA,NA,NA,0,0,0,NA,1110.75418994413,261396.564199334,NA,NA,NA,NA,NA,NA,NA,NA,NA,NA,NA
"SC",2013,"AFOGNAK",2487,473,NA,NA,NA,0,0,0,NA,731.128956927867,125971.007753653,NA,NA,NA,NA,NA,NA,NA,NA,NA,NA,NA
"SC",2014,"AFOGNAK",2843,580,NA,NA,NA,0,0,0,NA,1234.160730187,268862.961985166,NA,NA,NA,NA,NA,NA,NA,NA,NA,NA,NA
"SC",2015,"AFOGNAK",3919,630,NA,NA,NA,0,0,0,NA,1736.49589725294,1075446.44057946,NA,NA,NA,NA,NA,NA,NA,NA,NA,NA,NA
"SC",2016,"AFOGNAK",5287,760,NA,NA,NA,0,0,0,NA,467.586544220403,63684.1140884378,NA,NA,NA,NA,NA,NA,NA,NA,NA,NA,NA
"SC",2017,"AFOGNAK",4756,539,NA,NA,NA,0,0,0,NA,537.74758244483,89663.7846843908,NA,NA,NA,NA,NA,NA,NA,NA,NA,NA,NA
"SC",2018,"AFOGNAK",5694,602,NA,NA,NA,0,0,0,NA,1496.40161725067,412259.260321395,NA,NA,NA,NA,NA,NA,NA,NA,NA,NA,NA
"SC",2019,"AFOGNAK",6782,1020,NA,NA,NA,0,0,0,NA,4435.37642585551,3560251.27696312,NA,NA,NA,NA,NA,NA,NA,NA,NA,NA,NA
"SC",2020,"AFOGNAK",5835,831,NA,NA,NA,0,0,0,NA,1752.41998205205,564645.391568006,NA,NA,NA,NA,NA,NA,NA,NA,NA,NA,NA
"SC",2021,"AFOGNAK",9007,1077,NA,NA,NA,NA,NA,NA,NA,1406.68271488962,336808.639803129,NA,NA,NA,NA,NA,NA,NA,NA,NA,NA,NA
"SC",1998,"CI",994,271,NA,NA,0,0,0,0,NA,692.475895164088,44240.1365971878,NA,NA,0,0,0,0,NA,0,0,0,0
"SC",1999,"CI",911,102,NA,NA,0,0,0,0,NA,634.653461262057,37160.4054962316,NA,NA,0,0,0,0,NA,0,0,0,0
"SC",2000,"CI",1400,175,NA,NA,0,0,0,0,NA,975.318162202941,87760.635979345,NA,NA,0,0,0,0,NA,0,0,0,0
"SC",2001,"CI",763,69,NA,NA,0,0,0,0,NA,531.548398400603,26067.1029017649,NA,NA,0,0,0,0,NA,0,0,0,0
"SC",2002,"CI",2378,271,NA,NA,0,0,0,0,NA,1656.64756408471,253202.15113746,NA,NA,0,0,0,0,NA,0,0,0,0
"SC",2003,"CI",4623,376,NA,NA,0,0,0,0,NA,3220.63990276014,956954.914935001,NA,NA,0,0,0,0,NA,0,0,0,0
"SC",2004,"CI",4736,266,NA,NA,0,0,0,0,NA,3299.36201156652,1004308.36009356,NA,NA,0,0,0,0,NA,0,0,0,0
"SC",2005,"CI",3615,155,NA,NA,0,0,0,0,NA,2518.41082597402,585140.682204681,NA,NA,0,0,0,0,NA,0,0,0,0
"SC",2006,"CI",2463,213,NA,NA,NA,0,0,0,NA,1715.86330964703,271626.735472134,NA,NA,0,0,0,0,NA,NA,0,0,0
"SC",2007,"CI",2559,194,NA,NA,NA,0,0,0,NA,1782.74226934095,293213.702682988,NA,NA,0,0,0,0,NA,NA,0,0,0
"SC",2008,"CI",2163,157,NA,NA,NA,0,0,0,NA,1506.86656060354,209486.832098596,NA,NA,0,0,0,0,NA,NA,0,0,0
"SC",2009,"CI",2918,256,NA,NA,NA,0,0,0,NA,2032.84171236299,381253.874198261,NA,NA,0,0,0,0,NA,NA,0,0,0
"SC",2010,"CI",4422,1173,NA,NA,NA,0,0,0,NA,3080.612080901,875550.432568129,NA,NA,0,0,0,0,NA,NA,0,0,0
"SC",2011,"CI",3046,476,NA,NA,NA,0,0,0,NA,2195.28867313916,347241.009711714,NA,NA,0,0,0,0,NA,NA,0,0,0
"SC",2012,"CI",4677,568,NA,NA,NA,0,0,0,NA,5339.94120805369,1729256.16045698,NA,NA,0,0,0,0,NA,NA,0,0,0
"SC",2013,"CI",4808,428,NA,NA,NA,0,0,0,NA,3482.43547188506,863231.705073926,NA,NA,0,0,0,0,NA,NA,0,0,0
"SC",2014,"CI",4731,362,NA,NA,NA,0,0,0,NA,3444.65020993195,609818.572969687,NA,NA,0,0,0,0,NA,NA,0,0,0
"SC",2015,"CI",6321,457,NA,NA,NA,0,0,0,NA,4002.37573740735,811336.580709056,NA,NA,0,0,0,0,NA,NA,0,0,0
"SC",2016,"CI",10123,779,NA,NA,NA,0,0,0,NA,6323.03048716606,1298638.7245063,NA,NA,0,0,0,0,NA,NA,0,0,0
"SC",2017,"CI",8376,923,NA,NA,NA,0,0,0,NA,3322.49026093348,525119.785217767,NA,NA,0,0,0,0,NA,NA,0,0,0
"SC",2018,"CI",13009,1031,NA,NA,NA,0,0,0,NA,10029.600289296,5460886.09676424,NA,NA,0,0,0,0,NA,NA,0,0,0
"SC",2019,"CI",16061,985,NA,NA,NA,0,0,0,NA,11565.4935365356,7400162.77937075,NA,NA,NA,NA,NA,NA,NA,NA,NA,NA,NA
"SC",2020,"CI",9784,650,NA,NA,NA,0,0,0,NA,10340.8130081301,6856537.92502457,NA,NA,NA,NA,NA,NA,NA,NA,NA,NA,NA
"SC",2021,"CI",14326,1101,NA,NA,NA,NA,NA,NA,NA,7068.2694391332,3061133.83121908,NA,NA,NA,NA,NA,NA,NA,NA,NA,NA,NA
"SC",1998,"EASTSIDE",157,82,NA,NA,0,0,0,0,NA,22.1083155336663,350.741043579169,NA,NA,NA,NA,NA,NA,NA,NA,NA,NA,NA
"SC",1999,"EASTSIDE",121,21,NA,NA,0,0,0,0,NA,16.687051745013,206.217044614773,NA,NA,NA,NA,NA,NA,NA,NA,NA,NA,NA
"SC",2000,"EASTSIDE",423,43,NA,NA,0,0,0,0,NA,58.3357263482687,2520.19736192041,NA,NA,NA,NA,NA,NA,NA,NA,NA,NA,NA
"SC",2001,"EASTSIDE",298,67,NA,NA,0,0,0,0,NA,41.0970365290404,1250.79560344036,NA,NA,NA,NA,NA,NA,NA,NA,NA,NA,NA
"SC",2002,"EASTSIDE",319,50,NA,NA,0,0,0,0,NA,43.9931364186708,1433.29367372747,NA,NA,NA,NA,NA,NA,NA,NA,NA,NA,NA
"SC",2003,"EASTSIDE",1012,48,NA,NA,0,0,0,0,NA,139.564432776473,14424.9674844582,NA,NA,NA,NA,NA,NA,NA,NA,NA,NA,NA
"SC",2004,"EASTSIDE",730,58,NA,NA,0,0,0,0,NA,100.673948544294,7505.84407316527,NA,NA,NA,NA,NA,NA,NA,NA,NA,NA,NA
"SC",2005,"EASTSIDE",1242,168,NA,NA,0,0,0,0,NA,171.283622043853,21726.8621821695,NA,NA,NA,NA,NA,NA,NA,NA,NA,NA,NA
"SC",2006,"EASTSIDE",1516,160,NA,NA,NA,0,0,0,NA,209.070830127602,32370.7096570023,NA,NA,NA,NA,NA,NA,NA,NA,NA,NA,NA
"SC",2007,"EASTSIDE",3481,171,NA,NA,NA,0,0,0,NA,480.063034085871,170671.837576007,NA,NA,NA,NA,NA,NA,NA,NA,NA,NA,NA
"SC",2008,"EASTSIDE",2311,213,NA,NA,NA,0,0,0,NA,318.708897377894,75223.5298635378,NA,NA,NA,NA,NA,NA,NA,NA,NA,NA,NA
"SC",2009,"EASTSIDE",2296,49,NA,NA,NA,0,0,0,NA,316.640254599587,74250.1927371049,NA,NA,NA,NA,NA,NA,NA,NA,NA,NA,NA
"SC",2010,"EASTSIDE",2555,892,NA,NA,NA,0,0,0,NA,352.358819905028,91946.5898962746,NA,NA,NA,NA,NA,NA,NA,NA,NA,NA,NA
"SC",2011,"EASTSIDE",1928,75,NA,NA,NA,0,0,0,NA,51.4612042209808,1649.96208496157,NA,NA,NA,NA,NA,NA,NA,NA,NA,NA,NA
"SC",2012,"EASTSIDE",3433,223,NA,NA,NA,0,0,0,NA,276.3989021043,25117.984568883,NA,NA,NA,NA,NA,NA,NA,NA,NA,NA,NA
"SC",2013,"EASTSIDE",2207,126,NA,NA,NA,0,0,0,NA,351.779886148008,93936.2648939072,NA,NA,NA,NA,NA,NA,NA,NA,NA,NA,NA
"SC",2014,"EASTSIDE",3551,166,NA,NA,NA,0,0,0,NA,250.879498184219,23714.5514360069,NA,NA,NA,NA,NA,NA,NA,NA,NA,NA,NA
"SC",2015,"EASTSIDE",2787,152,NA,NA,NA,0,0,0,NA,932.19872110182,360398.183163205,NA,NA,NA,NA,NA,NA,NA,NA,NA,NA,NA
"SC",2016,"EASTSIDE",3561,169,NA,NA,NA,0,0,0,NA,418.190684713376,86017.5798102307,NA,NA,NA,NA,NA,NA,NA,NA,NA,NA,NA
"SC",2017,"EASTSIDE",3933,56,NA,NA,NA,0,0,0,NA,1353.80317164179,628325.573566688,NA,NA,NA,NA,NA,NA,NA,NA,NA,NA,NA
"SC",2018,"EASTSIDE",3914,224,NA,NA,NA,0,0,0,NA,302.279627163782,37596.4489918866,NA,NA,NA,NA,NA,NA,NA,NA,NA,NA,NA
"SC",2019,"EASTSIDE",5680,116,NA,NA,NA,0,0,0,NA,1827.15456034954,1939226.08965312,NA,NA,NA,NA,NA,NA,NA,NA,NA,NA,NA
"SC",2020,"EASTSIDE",1507,71,NA,NA,NA,0,0,0,NA,285.07252075142,20342.545329166,NA,NA,NA,NA,NA,NA,NA,NA,NA,NA,NA
"SC",2021,"EASTSIDE",2885,187,NA,NA,NA,NA,NA,NA,NA,450.569516204791,34555.2892761411,NA,NA,NA,NA,NA,NA,NA,NA,NA,NA,NA
"SC",1998,"NG",5169,1242,NA,NA,0,0,0,0,NA,2556.22095591302,380846.865218316,NA,NA,0,0,0,0,NA,0,0,0,0
"SC",1999,"NG",9276,1138,NA,NA,0,0,0,0,NA,4587.25199981604,1226475.28434982,NA,NA,0,0,0,0,NA,0,0,0,0
"SC",2000,"NG",13107,2404,NA,NA,0,0,0,0,NA,6481.79301008936,2448747.01585511,NA,NA,0,0,0,0,NA,0,0,0,0
"SC",2001,"NG",20907,2450,NA,NA,0,0,0,0,NA,10339.1200474508,6230469.28501396,NA,NA,0,0,0,0,NA,0,0,0,0
"SC",2002,"NG",17318,2230,NA,NA,0,0,0,0,NA,8564.25508115721,4274967.24517582,NA,NA,0,0,0,0,NA,0,0,0,0
"SC",2003,"NG",17020,3447,NA,NA,0,0,0,0,NA,8416.8854071657,4129109.80704342,NA,NA,0,0,0,0,NA,0,0,0,0
"SC",2004,"NG",19434,3475,NA,NA,0,0,0,0,NA,9610.67867231835,5383462.81587312,NA,NA,0,0,0,0,NA,0,0,0,0
"SC",2005,"NG",22792,4171,NA,NA,0,0,0,0,NA,11271.3074148132,7404610.07061186,NA,NA,0,0,0,0,NA,0,0,0,0
"SC",2006,"NG",19998,4131,NA,NA,NA,0,0,0,NA,9889.59308886603,5700467.17192204,NA,NA,0,0,0,0,NA,NA,0,0,0
"SC",2007,"NG",23861,4118,NA,NA,NA,0,0,0,NA,11799.9590305747,8115487.29826043,NA,NA,0,0,0,0,NA,NA,0,0,0
"SC",2008,"NG",25596,4729,NA,NA,NA,0,0,0,NA,12657.9670318339,9338594.62884355,NA,NA,0,0,0,0,NA,NA,0,0,0
"SC",2009,"NG",21909,3321,NA,NA,NA,0,0,0,NA,10834.6382130196,6841989.94512548,NA,NA,0,0,0,0,NA,NA,0,0,0
"SC",2010,"NG",27027,6189,NA,NA,NA,0,0,0,NA,13365.6381844576,10411972.3031119,NA,NA,0,0,0,0,NA,NA,0,0,0
"SC",2011,"NG",30322,5609,NA,NA,NA,0,0,0,NA,21882.4050102823,8183614.27568271,NA,NA,0,0,0,0,NA,NA,0,0,0
"SC",2012,"NG",27771,5715,NA,NA,NA,0,0,0,NA,13248.802237331,2524598.6215632,NA,NA,0,0,0,0,NA,NA,0,0,0
"SC",2013,"NG",30558,5301,NA,NA,NA,0,0,0,NA,17157.239835729,3987660.00851041,NA,NA,0,0,0,0,NA,NA,0,0,0
"SC",2014,"NG",37025,5089,NA,NA,NA,0,0,0,NA,21744.197040285,6732768.26814203,NA,NA,0,0,0,0,NA,NA,0,0,0
"SC",2015,"NG",45883,6139,NA,NA,NA,0,0,0,NA,24091.1398132316,7216831.48034125,NA,NA,0,0,0,0,NA,NA,0,0,0
"SC",2016,"NG",56991,7838,NA,NA,NA,0,0,0,NA,21657.0417034909,6461271.99837842,NA,NA,0,0,0,0,NA,NA,0,0,0
"SC",2017,"NG",38626,6291,NA,NA,NA,0,0,0,NA,15237.511532832,3824430.67665073,NA,NA,0,0,0,0,NA,NA,0,0,0
"SC",2018,"NG",50115,8269,NA,NA,NA,0,0,0,NA,18807.337515014,5909265.1225643,NA,NA,0,0,0,0,NA,NA,0,0,0
"SC",2019,"NG",64565,9526,NA,NA,NA,0,0,0,NA,30264.4725707348,14426596.2526484,NA,NA,NA,NA,NA,NA,NA,NA,NA,NA,NA
"SC",2020,"NG",43363,6211,NA,NA,NA,0,0,0,NA,14406.7675572619,3787465.83049275,NA,NA,NA,NA,NA,NA,NA,NA,NA,NA,NA
"SC",2021,"NG",83097,9825,NA,NA,NA,NA,NA,NA,NA,24593.025482509,11012636.5777569,NA,NA,NA,NA,NA,NA,NA,NA,NA,NA,NA
"SC",1998,"NORTHEAS",1488,511,NA,NA,0,0,0,0,NA,1158.75150780327,130721.746578884,NA,NA,0,0,0,0,NA,0,0,0,0
"SC",1999,"NORTHEAS",1866,177,NA,NA,0,0,0,0,NA,1453.11176986619,205572.613990248,NA,NA,0,0,0,0,NA,0,0,0,0
"SC",2000,"NORTHEAS",2115,250,NA,NA,0,0,0,0,NA,1647.01575201876,264096.546945604,NA,NA,0,0,0,0,NA,0,0,0,0
"SC",2001,"NORTHEAS",2081,227,NA,NA,0,0,0,0,NA,1620.53890305013,255673.749126705,NA,NA,0,0,0,0,NA,0,0,0,0
"SC",2002,"NORTHEAS",2262,210,NA,NA,0,0,0,0,NA,1761.48918726545,302083.622520652,NA,NA,0,0,0,0,NA,0,0,0,0
"SC",2003,"NORTHEAS",2743,266,NA,NA,0,0,0,0,NA,2136.05872708626,444215.383744285,NA,NA,0,0,0,0,NA,0,0,0,0
"SC",2004,"NORTHEAS",3291,223,NA,NA,0,0,0,0,NA,2562.80323399231,639436.972915372,NA,NA,0,0,0,0,NA,0,0,0,0
"SC",2005,"NORTHEAS",4641,316,NA,NA,0,0,0,0,NA,3614.08988421704,1271642.74034333,NA,NA,0,0,0,0,NA,0,0,0,0
"SC",2006,"NORTHEAS",3693,174,NA,NA,NA,0,0,0,NA,2875.85303650367,805194.119965873,NA,NA,0,0,0,0,NA,NA,0,0,0
"SC",2007,"NORTHEAS",5080,428,NA,NA,NA,0,0,0,NA,3955.95272825309,1523594.5272364,NA,NA,0,0,0,0,NA,NA,0,0,0
"SC",2008,"NORTHEAS",6260,407,NA,NA,NA,0,0,0,NA,4874.85513363471,2313612.62692701,NA,NA,0,0,0,0,NA,NA,0,0,0
"SC",2009,"NORTHEAS",6369,282,NA,NA,NA,0,0,0,NA,4959.73679650471,2394883.97070247,NA,NA,0,0,0,0,NA,NA,0,0,0
"SC",2010,"NORTHEAS",8141,1433,NA,NA,NA,0,0,0,NA,6339.64786628118,3912888.64697792,NA,NA,0,0,0,0,NA,NA,0,0,0
"SC",2011,"NORTHEAS",6904,293,NA,NA,NA,0,0,0,NA,6000.52273540995,2122890.10283591,NA,NA,0,0,0,0,NA,NA,0,0,0
"SC",2012,"NORTHEAS",6813,556,NA,NA,NA,0,0,0,NA,4938.4793337446,2023168.10524286,NA,NA,0,0,0,0,NA,NA,0,0,0
"SC",2013,"NORTHEAS",9965,638,NA,NA,NA,0,0,0,NA,8625.83003952569,4761147.93639947,NA,NA,0,0,0,0,NA,NA,0,0,0
"SC",2014,"NORTHEAS",11896,1536,NA,NA,NA,0,0,0,NA,5411.00740009867,1633143.85857633,NA,NA,0,0,0,0,NA,NA,0,0,0
"SC",2015,"NORTHEAS",12377,578,NA,NA,NA,0,0,0,NA,10776.4774069028,10110394.0207914,NA,NA,0,0,0,0,NA,NA,0,0,0
"SC",2016,"NORTHEAS",13580,719,NA,NA,NA,0,0,0,NA,14147.366319692,22590691.391821,NA,NA,0,0,0,0,NA,NA,0,0,0
"SC",2017,"NORTHEAS",6719,241,NA,NA,NA,0,0,0,NA,3758.28257093225,1035822.31493221,NA,NA,0,0,0,0,NA,NA,0,0,0
"SC",2018,"NORTHEAS",8479,316,NA,NA,NA,0,0,0,NA,8690.77890841813,6090869.30855337,NA,NA,0,0,0,0,NA,NA,0,0,0
"SC",2019,"NORTHEAS",9881,435,NA,NA,NA,0,0,0,NA,10303.6600721829,5030013.85985713,NA,NA,NA,NA,NA,NA,NA,NA,NA,NA,NA
"SC",2020,"NORTHEAS",4479,296,NA,NA,NA,0,0,0,NA,5425.96958456973,2642689.71023513,NA,NA,NA,NA,NA,NA,NA,NA,NA,NA,NA
"SC",2021,"NORTHEAS",9680,701,NA,NA,NA,NA,NA,NA,NA,6922.74712522418,2666714.99015296,NA,NA,NA,NA,NA,NA,NA,NA,NA,NA,NA
"SC",1998,"PWSI",3821,1723,NA,NA,0,0,0,0,NA,9768.35508061479,8755809.36950131,NA,NA,0,0,0,0,NA,0,0,0,0
"SC",1999,"PWSI",4514,1905,NA,NA,0,0,0,0,NA,11540.0038822023,12219834.714957,NA,NA,0,0,0,0,NA,0,0,0,0
"SC",2000,"PWSI",6011,2620,NA,NA,0,0,0,0,NA,15367.0720726447,21668840.7650194,NA,NA,0,0,0,0,NA,0,0,0,0
"SC",2001,"PWSI",7036,2827,NA,NA,0,0,0,0,NA,17987.4761442569,29688884.7474288,NA,NA,0,0,0,0,NA,0,0,0,0
"SC",2002,"PWSI",7398,2518,NA,NA,0,0,0,0,NA,18912.926167597,32822440.9876515,NA,NA,0,0,0,0,NA,0,0,0,0
"SC",2003,"PWSI",11932,3187,NA,NA,0,0,0,0,NA,30504.059885343,85382469.4861944,NA,NA,0,0,0,0,NA,0,0,0,0
"SC",2004,"PWSI",10310,2872,NA,NA,0,0,0,0,NA,26357.4302227528,63746970.8695646,NA,NA,0,0,0,0,NA,0,0,0,0
"SC",2005,"PWSI",10930,2754,NA,NA,0,0,0,0,NA,27942.455124606,71644448.8578174,NA,NA,0,0,0,0,NA,0,0,0,0
"SC",2006,"PWSI",7578,2985,NA,NA,NA,0,0,0,NA,19373.0946874899,34439070.7081555,NA,NA,0,0,0,0,NA,NA,0,0,0
"SC",2007,"PWSI",12404,3115,NA,NA,NA,0,0,0,NA,31710.7240041732,92271108.3507866,NA,NA,0,0,0,0,NA,NA,0,0,0
"SC",2008,"PWSI",9522,2623,NA,NA,NA,0,0,0,NA,24342.9147023329,54374913.1749479,NA,NA,0,0,0,0,NA,NA,0,0,0
"SC",2009,"PWSI",8197,2224,NA,NA,NA,0,0,0,NA,20955.5630975659,40295086.4991799,NA,NA,0,0,0,0,NA,NA,0,0,0
"SC",2010,"PWSI",11909,3828,NA,NA,NA,0,0,0,NA,30445.2605744678,85053622.0002798,NA,NA,0,0,0,0,NA,NA,0,0,0
"SC",2011,"PWSI",11367,3175,NA,NA,NA,0,0,0,NA,58599.9872813991,100066036.134332,NA,NA,0,0,0,0,NA,NA,0,0,0
"SC",2012,"PWSI",13580,4267,NA,NA,NA,0,0,0,NA,31117.1540904279,29413124.019686,NA,NA,0,0,0,0,NA,NA,0,0,0
"SC",2013,"PWSI",14209,3334,NA,NA,NA,0,0,0,NA,46247.9431333989,49601334.7875974,NA,NA,0,0,0,0,NA,NA,0,0,0
"SC",2014,"PWSI",14913,4184,NA,NA,NA,0,0,0,NA,37953.4695998231,47097436.3869558,NA,NA,0,0,0,0,NA,NA,0,0,0
"SC",2015,"PWSI",20073,5220,NA,NA,NA,0,0,0,NA,52130.4467541129,59819505.5901026,NA,NA,0,0,0,0,NA,NA,0,0,0
"SC",2016,"PWSI",28893,6695,NA,NA,NA,0,0,0,NA,64825.5486313337,114245520.833818,NA,NA,0,0,0,0,NA,NA,0,0,0
"SC",2017,"PWSI",16300,4734,NA,NA,NA,0,0,0,NA,33515.7747846135,29331655.3806163,NA,NA,0,0,0,0,NA,NA,0,0,0
"SC",2018,"PWSI",12107,3366,NA,NA,NA,0,0,0,NA,22239.0090393105,18423976.8258652,NA,NA,0,0,0,0,NA,NA,0,0,0
"SC",2019,"PWSI",15083,3663,NA,NA,NA,0,0,0,NA,32001.722103821,26016565.5488536,NA,NA,NA,NA,NA,NA,NA,NA,NA,NA,NA
"SC",2020,"PWSI",9001,2287,NA,NA,NA,0,0,0,NA,18605.8843262001,9865637.98516963,NA,NA,NA,NA,NA,NA,NA,NA,NA,NA,NA
"SC",2021,"PWSI",16848,3647,NA,NA,NA,NA,NA,NA,NA,26712.1147279763,21799295.2685851,NA,NA,NA,NA,NA,NA,NA,NA,NA,NA,NA
"SC",1998,"PWSO",7091,1652,NA,NA,0,0,0,0,NA,1471.20399853039,494154.907787815,NA,NA,0,0,0,0,NA,0,0,0,0
"SC",1999,"PWSO",4594,1341,NA,NA,0,0,0,0,NA,953.139355415123,207410.206538899,NA,NA,0,0,0,0,NA,0,0,0,0
"SC",2000,"PWSO",9244,2206,NA,NA,0,0,0,0,NA,1917.8973011444,839784.81191828,NA,NA,0,0,0,0,NA,0,0,0,0
"SC",2001,"PWSO",11235,3024,NA,NA,0,0,0,0,NA,2330.97968177817,1240492.93667428,NA,NA,0,0,0,0,NA,0,0,0,0
"SC",2002,"PWSO",9018,2386,NA,NA,0,0,0,0,NA,1871.00799023369,799224.160636753,NA,NA,0,0,0,0,NA,0,0,0,0
"SC",2003,"PWSO",9696,2448,NA,NA,0,0,0,0,NA,2011.67592296583,923917.846117396,NA,NA,0,0,0,0,NA,0,0,0,0
"SC",2004,"PWSO",12216,2976,NA,NA,0,0,0,0,NA,2534.51248710299,1466581.45947665,NA,NA,0,0,0,0,NA,0,0,0,0
"SC",2005,"PWSO",9664,2177,NA,NA,0,0,0,0,NA,2005.0367285006,917829.441964197,NA,NA,0,0,0,0,NA,0,0,0,0
"SC",2006,"PWSO",9129,2934,NA,NA,NA,0,0,0,NA,1894.03769603497,819020.092953157,NA,NA,0,0,0,0,NA,NA,0,0,0
"SC",2007,"PWSO",12198,3859,NA,NA,NA,0,0,0,NA,2530.7779402163,1462262.69433278,NA,NA,0,0,0,0,NA,NA,0,0,0
"SC",2008,"PWSO",13387,3569,NA,NA,NA,0,0,0,NA,2777.46550956514,1761224.30055801,NA,NA,0,0,0,0,NA,NA,0,0,0
"SC",2009,"PWSO",13724,3376,NA,NA,NA,0,0,0,NA,2847.38452627713,1851013.39263593,NA,NA,0,0,0,0,NA,NA,0,0,0
"SC",2010,"PWSO",13038,4523,NA,NA,NA,0,0,0,NA,2705.05679492868,1670590.83943948,NA,NA,0,0,0,0,NA,NA,0,0,0
"SC",2011,"PWSO",15590,4260,NA,NA,NA,0,0,0,NA,3693.2731282159,1342172.62098087,NA,NA,0,0,0,0,NA,NA,0,0,0
"SC",2012,"PWSO",16566,5165,NA,NA,NA,0,0,0,NA,2004.04318026045,375586.443758186,NA,NA,0,0,0,0,NA,NA,0,0,0
"SC",2013,"PWSO",19818,5595,NA,NA,NA,0,0,0,NA,6885.76450428396,4343369.56720538,NA,NA,0,0,0,0,NA,NA,0,0,0
"SC",2014,"PWSO",21309,5557,NA,NA,NA,0,0,0,NA,7356.72564483206,3862984.94697562,NA,NA,0,0,0,0,NA,NA,0,0,0
"SC",2015,"PWSO",24516,6130,NA,NA,NA,0,0,0,NA,2612.96377469114,501421.427867282,NA,NA,0,0,0,0,NA,NA,0,0,0
"SC",2016,"PWSO",29349,7689,NA,NA,NA,0,0,0,NA,3728.73607259894,690520.60458105,NA,NA,0,0,0,0,NA,NA,0,0,0
"SC",2017,"PWSO",28647,7729,NA,NA,NA,0,0,0,NA,7308.86216164331,5936209.98069122,NA,NA,0,0,0,0,NA,NA,0,0,0
"SC",2018,"PWSO",27142,5333,NA,NA,NA,0,0,0,NA,4727.74485742032,2237274.06117763,NA,NA,0,0,0,0,NA,NA,0,0,0
"SC",2019,"PWSO",33682,7623,NA,NA,NA,0,0,0,NA,6995.35203031944,5326815.95621287,NA,NA,NA,NA,NA,NA,NA,NA,NA,NA,NA
"SC",2020,"PWSO",29279,5450,NA,NA,NA,0,0,0,NA,6546.10194239786,3018032.51046166,NA,NA,NA,NA,NA,NA,NA,NA,NA,NA,NA
"SC",2021,"PWSO",38638,5963,NA,NA,NA,NA,NA,NA,NA,8140.88169550459,4846611.7748931,NA,NA,NA,NA,NA,NA,NA,NA,NA,NA,NA
"SC",1998,"SKMA",27,5,NA,NA,0,0,0,0,NA,7.92150114760534,23.0192672260885,NA,NA,NA,NA,NA,NA,NA,NA,NA,NA,NA
"SC",1999,"SKMA",88,15,NA,NA,0,0,0,0,NA,25.8182259625656,244.52840246753,NA,NA,NA,NA,NA,NA,NA,NA,NA,NA,NA
"SC",2000,"SKMA",65,60,NA,NA,0,0,0,0,NA,19.0702805405314,133.410705116905,NA,NA,NA,NA,NA,NA,NA,NA,NA,NA,NA
"SC",2001,"SKMA",27,19,NA,NA,0,0,0,0,NA,7.92150114760534,23.0192672260885,NA,NA,NA,NA,NA,NA,NA,NA,NA,NA,NA
"SC",2002,"SKMA",99,11,NA,NA,0,0,0,0,NA,29.0455042078862,309.481259372967,NA,NA,NA,NA,NA,NA,NA,NA,NA,NA,NA
"SC",2003,"SKMA",144,40,NA,NA,0,0,0,0,NA,42.2480061205618,654.770267764295,NA,NA,NA,NA,NA,NA,NA,NA,NA,NA,NA
"SC",2004,"SKMA",200,41,NA,NA,0,0,0,0,NA,58.6777862785581,1263.05993010088,NA,NA,NA,NA,NA,NA,NA,NA,NA,NA,NA
"SC",2005,"SKMA",287,159,NA,NA,0,0,0,0,NA,84.2026233097309,2600.92458456198,NA,NA,NA,NA,NA,NA,NA,NA,NA,NA,NA
"SC",2006,"SKMA",303,112,NA,NA,NA,0,0,0,NA,88.8968462120155,2899.00672806579,NA,NA,NA,NA,NA,NA,NA,NA,NA,NA,NA
"SC",2007,"SKMA",1148,179,NA,NA,NA,0,0,0,NA,336.810493238924,41614.7933529917,NA,NA,NA,NA,NA,NA,NA,NA,NA,NA,NA
"SC",2008,"SKMA",1130,88,NA,NA,NA,0,0,0,NA,331.529492473853,40320.0306186452,NA,NA,NA,NA,NA,NA,NA,NA,NA,NA,NA
"SC",2009,"SKMA",810,89,NA,NA,NA,0,0,0,NA,237.64503442816,20717.3405034796,NA,NA,NA,NA,NA,NA,NA,NA,NA,NA,NA
"SC",2010,"SKMA",644,244,NA,NA,NA,0,0,0,NA,188.942471816957,13095.9105792579,NA,NA,NA,NA,NA,NA,NA,NA,NA,NA,NA
"SC",2011,"SKMA",689,137,NA,NA,NA,0,0,0,NA,161.994954591322,13094.4023311972,NA,NA,NA,NA,NA,NA,NA,NA,NA,NA,NA
"SC",2012,"SKMA",918,350,NA,NA,NA,0,0,0,NA,591,113950.990644289,NA,NA,NA,NA,NA,NA,NA,NA,NA,NA,NA
"SC",2013,"SKMA",1035,167,NA,NA,NA,0,0,0,NA,209.797297297297,18918.407507864,NA,NA,NA,NA,NA,NA,NA,NA,NA,NA,NA
"SC",2014,"SKMA",653,96,NA,NA,NA,0,0,0,NA,219.902635104958,18177.0150373466,NA,NA,NA,NA,NA,NA,NA,NA,NA,NA,NA
"SC",2015,"SKMA",619,72,NA,NA,NA,0,0,0,NA,281.780946948089,62212.4072839494,NA,NA,NA,NA,NA,NA,NA,NA,NA,NA,NA
"SC",2016,"SKMA",804,91,NA,NA,NA,0,0,0,NA,94.4187898089173,4384.85633984141,NA,NA,NA,NA,NA,NA,NA,NA,NA,NA,NA
"SC",2017,"SKMA",666,59,NA,NA,NA,0,0,0,NA,229.248134328358,18017.1171281788,NA,NA,NA,NA,NA,NA,NA,NA,NA,NA,NA
"SC",2018,"SKMA",671,72,NA,NA,NA,0,0,0,NA,107.642453798768,4325.82548085818,NA,NA,NA,NA,NA,NA,NA,NA,NA,NA,NA
"SC",2019,"SKMA",716,128,NA,NA,NA,0,0,0,NA,230.324412889132,30814.6911022494,NA,NA,NA,NA,NA,NA,NA,NA,NA,NA,NA
"SC",2020,"SKMA",302,47,NA,NA,NA,0,0,0,NA,57.128003494976,816.944726512398,NA,NA,NA,NA,NA,NA,NA,NA,NA,NA,NA
"SC",2021,"SKMA",1622,194,NA,NA,NA,NA,NA,NA,NA,253.318459370596,10922.5639907573,NA,NA,NA,NA,NA,NA,NA,NA,NA,NA,NA
"SC",1998,"WKMA",148,31,NA,NA,0,0,0,0,NA,42.6866041625117,681.090329904363,NA,NA,NA,NA,NA,NA,NA,NA,NA,NA,NA
"SC",1999,"WKMA",228,5,NA,NA,0,0,0,0,NA,65.7604442503559,1616.40794876499,NA,NA,NA,NA,NA,NA,NA,NA,NA,NA,NA
"SC",2000,"WKMA",386,78,NA,NA,0,0,0,0,NA,111.331278423848,4632.93164693346,NA,NA,NA,NA,NA,NA,NA,NA,NA,NA,NA
"SC",2001,"WKMA",1182,24,NA,NA,0,0,0,0,NA,340.915987297898,43442.6427171888,NA,NA,NA,NA,NA,NA,NA,NA,NA,NA,NA
"SC",2002,"WKMA",880,69,NA,NA,0,0,0,0,NA,253.812240966286,24079.4535919439,NA,NA,NA,NA,NA,NA,NA,NA,NA,NA,NA
"SC",2003,"WKMA",1107,149,NA,NA,0,0,0,0,NA,319.284262215544,38104.5226301576,NA,NA,NA,NA,NA,NA,NA,NA,NA,NA,NA
"SC",2004,"WKMA",810,94,NA,NA,0,0,0,0,NA,233.622630889422,20400.9936746828,NA,NA,NA,NA,NA,NA,NA,NA,NA,NA,NA
"SC",2005,"WKMA",1266,133,NA,NA,0,0,0,0,NA,365.143519390134,49836.633162719,NA,NA,NA,NA,NA,NA,NA,NA,NA,NA,NA
"SC",2006,"WKMA",737,155,NA,NA,NA,0,0,0,NA,212.567751809264,16889.4792459744,NA,NA,NA,NA,NA,NA,NA,NA,NA,NA,NA
"SC",2007,"WKMA",1645,337,NA,NA,NA,0,0,0,NA,474.455836806296,84142.0498529699,NA,NA,NA,NA,NA,NA,NA,NA,NA,NA,NA
"SC",2008,"WKMA",1196,296,NA,NA,NA,0,0,0,NA,344.95390931327,44477.8353424251,NA,NA,NA,NA,NA,NA,NA,NA,NA,NA,NA
"SC",2009,"WKMA",1849,332,NA,NA,NA,0,0,0,NA,533.294129030298,106305.346099679,NA,NA,NA,NA,NA,NA,NA,NA,NA,NA,NA
"SC",2010,"WKMA",1266,473,NA,NA,NA,0,0,0,NA,365.143519390134,49836.633162719,NA,NA,NA,NA,NA,NA,NA,NA,NA,NA,NA
"SC",2011,"WKMA",1366,249,NA,NA,NA,0,0,0,NA,321.168516649849,51469.3443018351,NA,NA,NA,NA,NA,NA,NA,NA,NA,NA,NA
"SC",2012,"WKMA",1747,425,NA,NA,NA,0,0,0,NA,1124.70261437908,412684.875481518,NA,NA,NA,NA,NA,NA,NA,NA,NA,NA,NA
"SC",2013,"WKMA",1983,357,NA,NA,NA,0,0,0,NA,401.959459459459,69446.3308275021,NA,NA,NA,NA,NA,NA,NA,NA,NA,NA,NA
"SC",2014,"WKMA",2396,639,NA,NA,NA,0,0,0,NA,806.870924519875,244720.207028088,NA,NA,NA,NA,NA,NA,NA,NA,NA,NA,NA
"SC",2015,"WKMA",2031,367,NA,NA,NA,0,0,0,NA,924.551055333714,669754.368953018,NA,NA,NA,NA,NA,NA,NA,NA,NA,NA,NA
"SC",2016,"WKMA",3337,693,NA,NA,NA,0,0,0,NA,295.126971451387,25370.2591946919,NA,NA,NA,NA,NA,NA,NA,NA,NA,NA,NA
"SC",2017,"WKMA",2899,598,NA,NA,NA,0,0,0,NA,997.883395522388,341376.22709592,NA,NA,NA,NA,NA,NA,NA,NA,NA,NA,NA
"SC",2018,"WKMA",4291,708,NA,NA,NA,0,0,0,NA,688.366273100616,176905.356555074,NA,NA,NA,NA,NA,NA,NA,NA,NA,NA,NA
"SC",2019,"WKMA",6954,1310,NA,NA,NA,0,0,0,NA,4547.86311787072,3743126.05375538,NA,NA,NA,NA,NA,NA,NA,NA,NA,NA,NA
"SC",2020,"WKMA",4035,579,NA,NA,NA,0,0,0,NA,763.283093053735,145836.37674786,NA,NA,NA,NA,NA,NA,NA,NA,NA,NA,NA
"SC",2021,"WKMA",7924,1031,NA,NA,NA,NA,NA,NA,NA,1237.54344762799,260682.472630994,NA,NA,NA,NA,NA,NA,NA,NA,NA,NA,NA
"SE",1998,"CSEO",9366,4902,0.120334983,0.004267945,589.882086666,102557.02824378,320.245262640652,627.680714775677,NA,1419.55665614784,224247.084726638,0.040472333,0.000472614,57.4527696999818,1425.68511614698,37.758245670939,74.0061615150404,NA,647.334856365982,103982.713359927,322.463507020449,632.028473760079
"SE",1999,"CSEO",9636,5800,0.120334983,0.004267945,697.9429014,143573.6698,378.911163467111,742.665880395538,NA,1460.47917346152,237362.485825007,0.040472333,0.000472614,59.1089994478992,1509.06828325051,38.8467280893837,76.1395870551921,NA,757.051900847899,145082.738083251,380.897280225589,746.558669242154
"SE",2000,"CSEO",16855,11078,0.120334983,0.004267945,1333.070941674,523771.10479738,723.720322222183,1418.49183155548,NA,2554.62603452614,726233.055647466,0.040472333,0.000472614,103.391675559811,4617.13765221378,67.9495228255047,133.181064737989,NA,1436.46261723381,528388.242449594,726.903186435163,1424.73024541292
"SE",2001,"CSEO",15083,11046,0.120334983,0.004267945,1329.220222218,520749.53631162,721.629777872019,1414.39436462916,NA,2286.05306904525,581559.240911473,0.040472333,0.000472614,92.5219010660714,3697.35176239164,60.8058530274154,119.179471933734,NA,1421.74212328407,524446.888074012,724.187053235565,1419.40662434171
"SE",2002,"CSEO",14004,8798,0.120334983,0.004267945,1058.707180434,330359.44620778,574.769037273042,1126.54731305516,NA,2122.51456466948,501328.856231431,0.040472333,0.000472614,85.9031162586531,3187.2748289924,56.455954770001,110.653671349202,NA,1144.61029669265,333546.721036772,577.535038795719,1131.96867603961
"SE",2003,"CSEO",15272,8561,0.120334983,0.004267945,1030.187789463,312800.766238345,559.285943179645,1096.2004486321,NA,2314.69883116483,596225.202401773,0.040472333,0.000472614,93.6812618896137,3790.59285418195,61.5677907203267,120.67286981184,NA,1123.86905135261,316591.359092527,562.664517356948,1102.82245401962
"SE",2004,"CSEO",21796,12007,0.120334983,0.004267945,1444.862140881,615301.303889305,784.411437887863,1537.44641826021,NA,3303.50810136646,1214428.91038436,0.040472333,0.000472614,133.700679946701,7720.91741689388,87.8687510830436,172.222752122765,NA,1578.5628208277,623022.221306199,789.317566829853,1547.06243098651
"SE",2005,"CSEO",27304,14418,0.120334983,0.004267945,1734.989784894,887214.96070218,941.920888770485,1846.16494199015,NA,4138.32745456551,1905772.47191312,0.040472333,0.000472614,167.487766804218,12116.2397775708,110.073792419316,215.74463314186,NA,1902.47755169822,899331.200479751,948.330744244723,1858.72825871966
"SE",2006,"CSEO",33748,13609,0.034948742,1.57237e-05,475.617429878,2912.1059873797,53.9639322824023,105.769307273508,NA,5115.01153445198,2911485.15300989,0.032818533,6.13955e-05,167.867174838793,4920.89647991214,70.1491017755192,137.492239480018,NA,643.484604716793,7833.00246729184,88.5042511255355,173.468332206049
"SE",2007,"CSEO",38443,14388,0.043135192,2.17234e-05,620.629142496,4497.0597451296,67.0601203781323,131.437835941139,NA,5826.60864107317,3777922.47883726,0.014044944,3.90076e-05,81.8343920737888,2216.88576173428,47.0838163463231,92.2842800387933,NA,702.463534569789,6713.94550686388,81.9386691792336,160.599791591298
"SE",2008,"CSEO",52901,15276,0.080645161,3.51882e-05,1231.935479436,8211.3837923232,90.6166860590432,177.608704675725,NA,8017.9336607812,7153955.95984754,0.015209125,2.85292e-05,121.945755288529,3692.99583176986,60.7700241218469,119.10924727882,NA,1353.88123472453,11904.3796240931,109.107193273831,213.850098816708
"SE",2009,"CSEO",31717,9427,0.040901503,3.27724e-05,385.578468781,2912.4284253196,53.9669197316245,105.775162673984,NA,4807.18326532575,2571595.77342618,0.01025641,2.60957e-05,49.3044425143197,940.669715929477,30.6703393513909,60.1138651287262,NA,434.88291129532,3853.09814124908,62.0733287431009,121.663724336478
"SE",2010,"CSEO",43813,13028,0.088066931,3.53794e-05,1147.335977068,6004.9025406496,77.4913062262445,151.882960203439,NA,6640.51204097856,4907095.18265662,0.02530253,2.71611e-05,168.021755132221,4472.59962091235,66.8774971190785,131.079894353394,NA,1315.35773220022,10477.5021615619,102.359670581543,200.624954339824
"SE",2011,"CSEO",58843,12339,0.124932687,5.89033e-05,1541.544424893,8968.0816749393,94.6999560450759,185.611913848349,NA,9637.96803839231,7141508.80309229,0.049019608,6.5381e-05,472.44941515852,23700.6764451765,153.950240159529,301.742470712676,NA,2013.99384005152,32668.7581201158,180.745008562106,354.260216781728
"SE",2012,"CSEO",57675,14295,0.098330241,4.11422e-05,1405.630795095,8407.286171955,91.6912546099954,179.714859035591,NA,6152.58763969815,1027468.70625185,0.041853513,6.00326e-05,257.507406761746,4134.00968681673,64.2962649523028,126.020679306514,NA,1663.13820185675,12541.2958587717,111.987927290274,219.496337488937
"SE",2013,"CSEO",60735,12452,0.158866995,5.48781e-05,1978.21182174,8508.9758441424,92.2441100783264,180.79845575352,NA,9629.98716381418,3833914.13233448,0.046840959,4.8688e-05,451.077833910746,13113.7245985714,114.515171914343,224.449736952111,NA,2429.28965565075,21622.7004427138,147.046592761321,288.211321812189
"SE",2014,"CSEO",73709,13508,0.219897959,8.75665e-05,2970.381630172,15977.914593256,126.403776024516,247.751401008051,NA,12999.0528964621,10006306.8184141,0.079245283,6.89003e-05,1030.11362551211,75169.6460844283,274.170833759589,537.374834168795,NA,4000.49525568411,91147.5606776843,301.906542952756,591.736824187402
"SE",2015,"CSEO",80105,16888,0.136752137,4.38851e-05,2309.470089656,12516.2299338944,111.875957801015,219.276877289989,NA,8154.54599031177,3137762.11054326,0.043111528,3.86988e-05,351.554937788614,8526.62376638427,92.3397193323884,180.985849891481,NA,2661.02502744461,21042.8537002787,145.06155141966,284.320640782534
"SE",2016,"CSEO",54908,12620,0.132767099,5.14937e-05,1675.52078938,8201.11323428,90.5599979807862,177.497596042341,NA,8439.77214221996,2423165.61916061,0.07337884,5.80652e-05,619.300689660416,17324.0956952305,131.621030596294,257.977219968736,NA,2294.82147904042,25525.2089295105,159.766106948597,313.14156961925
"SE",2017,"CSEO",57388,11329,0.203416149,8.3914e-05,2304.501552021,10770.046467274,103.778834389648,203.40651540371,NA,14552.0829034384,13249322.287968,0.066753927,8.16485e-05,971.408679834075,77412.0578930427,278.230224621702,545.331240258536,NA,3275.91023185507,88182.1043603167,296.954717693316,582.031246678898
"SE",2018,"CSEO",55460,10517,0.234708393,8.52089e-05,2468.428169181,9424.7254276721,97.0810250650049,190.27880912741,NA,6239.04732072004,1305580.49638512,0.040712468,4.97515e-05,254.0070143953,4165.57338906456,64.5412533893212,126.50085664307,NA,2722.4351835763,13590.2988167367,116.577436996773,228.491776513676
"SE",2019,"CSEO",59842,8780,0.0983957219251337,9.49828734817617e-05,863.914438502674,7322.07774411144,NA,NA,NA,9834.2503043694,3923387.55156857,0.0268456375838926,3.51141792024286e-05,264.006719580387,6361.2851912001,79.7576654071576,156.325024198029,NA,1127.92115808306,13683.3629353115,116.975907499414,229.272778698852
"SE",2020,"CSEO",24728,824,0.992647058823529,2.28446805399873e-06,817.941176470588,1.55109898143184,1.2454312431571,2.44104523658792,NA,5579.58251293176,3148769.52383551,0.0513513513513513,0.000132017317251332,286.519102015414,12828.8043674828,113.26431197638,221.998051473706,NA,1104.460278486,12830.3554664643,113.271159023223,222.011471685517
"SE",2021,"CSEO",56521,2821,0.984375,1.67456280620577e-06,2776.921875,13.3262394688606,NA,NA,NA,6300.38324569167,1468791.0672019,0.0319148936170213,6.58770430329115e-05,201.076061032713,4207.79004108822,64.8674806130793,127.140262001635,NA,2977.99793603271,4221.11628055708,64.9701183665005,127.341431998341
"SE",2022,"CSEO",67729,3398,0.943548387096774,5.55246828977902e-06,3206.17741935484,64.1110420709776,8.0069371217075,15.6935967585467,NA,11225.9394255958,5308381.62346721,0.0469565217391304,7.79644717862248e-05,527.13106868015,21943.6116059358,148.133762545666,290.342174589506,NA,3733.30848803499,22007.7226480068,148.350000498843,290.766000977733
"SE",2023,"CSEO",51033,2561,0.972085385878489,2.34147799119491e-06,2489.51067323481,15.3571008718879,3.91881370721904,7.68087486614933,NA,9405.04802722803,3870986.23769378,0.0464824120603015,5.57506885903872e-05,437.169317848539,13510.9428168229,116.236581233375,227.823699217415,NA,2926.67999108335,13526.2999176948,116.302622144537,227.953139403292
"SE",2024,"CSEO",52729,3877,0.106094275161239,0.00402124397805478,411.327504800124,60443.8369746146,245.853283432649,481.872435527993,NA,7538.7827630995,1878396.63089439,0,0,0,0,0,0,NA,411.327504800124,60443.8369746146,245.853283432649,481.872435527993
"SE",1998,"EWYKT",1305,606,0.011788528,0.000514829,7.143847968,189.063742644,13.7500451869803,26.9500885664814,NA,340.03895326402,27091.9385422038,0.026213604,0.000543509,8.91364646543754,96.1850580198788,9.80739812691821,19.2225003287597,NA,16.0574944334375,285.248800663879,16.8893102483162,33.1030480866998
"SE",1999,"EWYKT",663,116,0.011788528,0.000514829,1.367469248,6.927539024,2.63202185097313,5.15876282790733,NA,172.755422232985,6992.71962129621,0.026213604,0.000543509,4.52854222726827,24.8263940745086,4.98260916333086,9.76591396012849,NA,5.89601147526827,31.7539330985086,5.63506283004091,11.0447231468802
"SE",2000,"EWYKT",1199,142,0.011788528,0.000514829,1.673970976,10.381011956,3.22195778308779,6.31503725485207,NA,312.41893100656,22869.5397543845,0.026213604,0.000543509,8.18962613950928,81.1941900996378,9.01078188059381,17.6611324859639,NA,9.86359711550928,91.5752020556378,9.56949330192763,18.7562068717782
"SE",2001,"EWYKT",1043,152,0.011788528,0.000514829,1.791856256,11.894609216,3.44885621851651,6.75975818829236,NA,271.770596363504,17305.6404052776,0.026213604,0.000543509,7.12408679191674,61.4405655711848,7.83840325392773,15.3632703776984,NA,8.91594304791674,73.3351747871849,8.56359590284273,16.7846479695718
"SE",2002,"EWYKT",893,102,0.011788528,0.000514829,1.202429856,5.356280916,2.31436404137292,4.53615352109092,NA,232.68565920672,12685.9202293225,0.026213604,0.000543509,6.09952972692392,45.0390794808616,6.71111611290265,13.1537875812892,NA,7.30195958292392,50.3953603968616,7.09896896717133,13.9139791756558
"SE",2003,"EWYKT",1627,443,0.011788528,0.000514829,5.222317904,101.034676421,10.0516006894922,19.7011373514047,NA,423.94128502725,42110.8651847656,0.026213604,0.000543509,11.1130289649555,149.507057413193,12.2273078563187,23.9655233983847,NA,16.3353468689555,250.541733834193,15.828510158388,31.0238799104406
"SE",2004,"EWYKT",1501,378,0.011788528,0.000514829,4.456063584,73.560826836,8.57676085920553,16.8104512840428,NA,391.109937815551,35841.026777366,0.026213604,0.000543509,10.2524010303615,127.247123150773,11.2803866578576,22.109557849401,NA,14.7084646143615,200.807949986773,14.170672178368,27.7745174696013
"SE",2005,"EWYKT",1676,284,0.011788528,0.000514829,3.347941952,41.524047824,6.44391556617558,12.6300745097041,NA,436.709031165133,44685.5478683669,0.026213604,0.000543509,11.4477176061864,158.648005482272,12.5955549890536,24.687287778545,NA,14.7956595581864,200.172053306272,14.1482173190219,27.730505945283
"SE",2006,"EWYKT",2529,440,0,0,0,0,0,0,NA,658.972040463378,101745.852995527,0.060606061,0.000875892,39.9376996816179,843.191502058367,29.0377599352699,56.914009473129,NA,39.9376996816179,843.191502058367,29.0377599352699,56.914009473129
"SE",2007,"EWYKT",2290,334,0,0,0,0,0,0,NA,596.696707260235,83423.81051903,0.016393443,0.000268745,9.78191345875835,140.525302083855,11.8543368470722,23.2345002202616,NA,9.78191345875835,140.525302083855,11.8543368470722,23.2345002202616
"SE",2008,"EWYKT",2857,401,0,0,0,0,0,0,NA,744.437769712878,129849.277997606,0.079207921,0.00072934,58.9653680528339,1313.55615488431,36.2430152565196,71.0363099027784,NA,58.9653680528339,1313.55615488431,36.2430152565196,71.0363099027784
"SE",2009,"EWYKT",2494,301,0,0,0,0,0,0,NA,649.852221793461,98949.1246706861,0.051282051,0.000631847,33.3257547804756,589.575925993367,24.281184608527,47.5911218327129,NA,33.3257547804756,589.575925993367,24.281184608527,47.5911218327129
"SE",2010,"EWYKT",2435,503,0,0,0,0,0,0,NA,634.478813178459,94322.8662543993,0,0,0,0,0,0,NA,0,0,0,0
"SE",2011,"EWYKT",2848,485,0.023148148,0.000105174,11.22685178,24.73955415,4.97388722731025,9.74881896552808,NA,1436.43668122271,404683.388629028,0.036363636,0.000213667,52.2340606130306,1062.45588223213,32.5953352833212,63.8868571553096,NA,63.4609123930306,1087.19543638213,32.9726467906677,64.6263877097086
"SE",2012,"EWYKT",3241,514,0.073170732,0.000237122,37.609756248,62.646683912,7.91496581875121,15.5133330047524,NA,535.144277011863,48300.3406377392,0.015564202,5.98514e-05,8.32909362655659,31.7315371221268,5.63307528106334,11.0408275508841,NA,45.9388498745566,94.3782210341268,9.71484539424724,19.0410969727246
"SE",2013,"EWYKT",3884,452,0,0,0,0,0,0,NA,591.36648814078,87012.2978025348,0.013071895,4.22984e-05,7.73028063949503,33.3410148734995,5.77416789446752,11.3173690731563,NA,7.73028063949503,33.3410148734995,5.77416789446752,11.3173690731563
"SE",2014,"EWYKT",4695,675,0,0,0,0,0,0,NA,1023.13978494624,234030.602065489,0.014150943,3.29804e-05,14.4783927778064,89.1072389202352,9.43966307238956,18.5017396218835,NA,14.4783927778064,89.1072389202352,9.43966307238956,18.5017396218835
"SE",2015,"EWYKT",5729,1014,0,0,0,0,0,0,NA,2397.56789359728,1115072.92742745,0.012779553,4.04367e-05,30.6398459673248,459.643775397654,21.4393044522824,42.0210367264734,NA,30.6398459673248,459.643775397654,21.4393044522824,42.0210367264734
"SE",2016,"EWYKT",7499,1262,0,0,0,0,0,0,NA,2107.86743084974,521828.911830426,0.009960159,1.96825e-05,20.9946947621849,149.490229577982,12.2266197118411,23.9641746352086,NA,20.9946947621849,149.490229577982,12.2266197118411,23.9641746352086
"SE",2017,"EWYKT",6324,797,0.011583012,4.43754e-05,9.231660564,28.1876534586,5.30920459754566,10.4060410111895,NA,1256.04884004884,191271.467619989,0.009746589,1.88508e-05,12.2421918078828,51.5157723786669,7.17744887677139,14.0677997984719,NA,21.4738523718828,79.7034258372669,8.92767751642424,17.4982479321915
"SE",2018,"EWYKT",8659,977,0.05019305,0.000184782,49.03860985,176.379777678,13.2808048580649,26.0303775218072,NA,1971.37950630439,502872.733877008,0.016985138,3.55248e-05,33.4841529649519,301.002029111674,17.3494100508252,34.0048436996174,NA,82.5227628149519,477.381806789674,21.8490687854122,42.8241748194079
"SE",2019,"EWYKT",7908,739,0.00684931506849315,2.33759517236621e-05,5.06164383561644,12.7660981312781,NA,NA,NA,3002.49447353112,1226769.44460753,0.0338983050847458,0.000564641551674608,101.779473679021,7192.58812411658,84.8091275990774,166.225890094192,NA,106.841117514638,7205.35422224786,84.8843579362409,166.373341555032
"SE",2020,"EWYKT",4059,76,0.992647058823529,2.28446805399873e-06,75.4411764705882,0.0131950874798967,0.114869871941674,0.225144949005682,NA,914.638387715931,109543.02664472,0,0,0,0,0,0,NA,75.4411764705882,0.0131950874798967,0.114869871941674,0.225144949005682
"SE",2021,"EWYKT",7343,118,0.984375,1.67456280620577e-06,116.15625,0.0233166125136091,NA,NA,NA,1513.75077974157,303380.239712913,0,0,0,0,0,0,NA,116.15625,0.0233166125136091,0.152697781626352,0.29928765198765
"SE",2022,"EWYKT",6780,191,0.01178173262143,0.000478161170416999,2.25031093069313,17.4437976579825,4.17657726589399,8.18609144115223,NA,2639.47063688999,966272.62260717,0.0487804878048781,4.83695943025083e-06,128.754665214146,2337.65245790404,48.3492756709347,94.7645803150321,NA,131.004976144839,2355.09625556202,48.5293339698993,95.1174945810027
"SE",2023,"EWYKT",6906,121,0.01178173262143,0.000478161170416999,1.42558964719303,7.00075769607528,2.64589449828886,5.18595321664617,NA,4315.52102685357,3196463.99802434,0,0,0,0,0,0,NA,1.42558964719303,7.00075769607528,2.64589449828886,5.18595321664617
"SE",2024,"EWYKT",6995,88,0.00301544063171069,3.07988016331429e-05,0.265358775590541,0.238505919847059,0.48837067873395,0.957206530318541,NA,1698.80836355394,511065.800593477,0,0,0,0,0,0,NA,0.265358775590541,0.238505919847059,0.48837067873395,0.957206530318541
"SE",1998,"NSEI",5285,2741,0.206809343,0.024673001,566.864409163,185370.255026081,430.546460937819,843.871063438125,NA,3144.40151429046,781648.066122264,0.142864573,0.002497768,449.22357967966,42602.1201198822,206.402810348799,404.549508283646,NA,1016.08798884266,227972.375145963,477.464527631073,935.830474156902
"SE",1999,"NSEI",6363,2506,0.206809343,0.024673001,518.264213558,154947.334508036,393.633502776423,771.521665441789,NA,3785.77612780137,1133039.68373943,0.142864573,0.002497768,540.853289971936,61753.9974821743,248.503516035839,487.066891430244,NA,1059.11750352994,216701.33199021,465.511903167052,912.403330207421
"SE",2000,"NSEI",9746,4164,0.206809343,0.024673001,861.154104252,427802.598346896,654.066203336402,1281.96975853935,NA,5798.55007725163,2658116.97277721,0.142864573,0.002497768,828.407380805671,144875.198282957,380.624747333849,746.024504774345,NA,1689.56148505767,572677.796629853,756.75477972052,1483.23936825222
"SE",2001,"NSEI",7242,3333,0.206809343,0.024673001,689.295540219,274089.629405889,523.535700220996,1026.12997243315,NA,4308.75227369755,1467703.45107877,0.142864573,0.002497768,615.568053744579,79994.1577715654,282.832384587701,554.351473791895,NA,1304.86359396358,354083.787177454,595.049398938823,1166.29682192009
"SE",2002,"NSEI",4958,1838,0.206809343,0.024673001,380.115572434,83351.417590244,288.706455747432,565.864653264967,NA,2949.847248411,687914.271302955,0.142864573,0.002497768,421.428667559462,37493.3524285669,193.63200259401,379.51872508426,NA,801.544239993462,120844.770018811,347.627343600602,681.349593457179
"SE",2003,"NSEI",6069,2518,0.206809343,0.024673001,520.745925674,156434.820392324,395.51841978892,775.216102786282,NA,3610.85577866203,1030755.23560437,0.142864573,0.002497768,515.863368983133,56179.1940191995,237.021505393919,464.562150572081,NA,1036.60929465713,212614.014411523,461.100872273653,903.757709656359
"SE",2004,"NSEI",6052,2724,0.206809343,0.024673001,563.348650332,183078.009868176,427.876161836782,838.637277200093,NA,3600.74133670499,1024988.78405915,0.142864573,0.002497768,514.418373551808,55864.9054383892,236.357579608502,463.260856032663,NA,1077.76702388381,238942.915306565,488.817875395904,958.083035775971
"SE",2005,"NSEI",7678,3213,0.206809343,0.024673001,664.478419059,254708.493660369,504.686530096028,989.185598988215,NA,4568.15796153684,1649747.54215939,0.142864573,0.002497768,652.62793657151,89916.096520555,299.860128260753,587.725851391075,NA,1317.10635563051,344624.590180924,587.047349181413,1150.61280439557
"SE",2006,"NSEI",6437,2961,0.071225071,0.000189006,210.897435231,1657.114074126,40.7076660363377,79.7870254312218,NA,3829.80369867317,1159546.82935267,0.1,0.00047619,382.980369867317,19132.100375803,138.318835940023,271.104918442445,NA,593.877805098317,20789.2144499289,144.184654002876,282.601921845636
"SE",2007,"NSEI",7499,3335,0.033333333,8.97555e-05,111.166665555,998.2808659875,31.5955830138882,61.9273427072209,NA,4461.65883740098,1573721.87507113,0.205741627,0.000785635,917.948948325806,83490.5795835578,288.947364728523,566.336834867904,NA,1029.11561388081,84488.8604495453,290.669675834177,569.712564634986
"SE",2008,"NSEI",10923,4095,0.052734375,9.77563e-05,215.947265625,1639.2778386075,40.4879962286046,79.356472608065,NA,6498.82644098292,3338913.29750725,0.098837209,0.000520868,642.325867202155,56355.0161036658,237.392114661936,465.288544737395,NA,858.273132827155,57994.2939422733,240.820044726915,472.007287664753
"SE",2009,"NSEI",9325,3331,0.124579125,0.000368443,414.973065375,4088.081781523,63.938108992392,125.318693625088,NA,5548.06889702149,2433430.54662668,0.135746606,0.00053327,753.131522624831,62553.4637941783,250.106904731114,490.209533272983,NA,1168.10458799983,66641.5455757013,258.150238380098,505.974467224992
"SE",2010,"NSEI",11942,4469,0.087855297,0.000207608,392.625322293,4146.338879288,64.3920715561163,126.208460249988,NA,7105.09799123117,3990941.92530611,0.11002445,0.000239998,781.734498681314,61385.3642655693,247.760699598563,485.610971213183,NA,1174.35982097431,65531.7031448573,255.991607567235,501.743550831781
"SE",2011,"NSEI",13281,4956,0.133333333,0.000454943,660.799998348,11174.280849648,105.708471040158,207.18860323871,NA,7853.14412595882,2883554.54717307,0.183908046,0.000432524,1444.25639116146,125449.841919847,354.188991810653,694.210423948881,NA,2105.05638950946,136624.122769495,369.627004924552,724.468929652123
"SE",2012,"NSEI",15243,6060,0.123076923,0.000333114,745.84615338,12233.1452904,110.603550080456,216.782958157694,NA,15088.8378409091,11116596.9906183,0.130350195,0.000220973,1966.83295488588,241650.086048126,491.579175767369,963.495184504044,NA,2712.67910826588,253883.231338526,503.868267842425,987.581804971153
"SE",2013,"NSEI",14770,5187,0.302839117,0.000668125,1570.826499879,17975.882413125,134.074167583189,262.78536846305,NA,8172.23880597015,2814788.85737179,0.13224822,0.000116862,1080.76403550448,57363.1352670539,239.506023446288,469.431805954725,NA,2651.59053538348,75339.0176801789,274.479539638529,537.979897691517
"SE",2014,"NSEI",19857,6286,0.230529595,0.00055433,1449.10903417,21903.68253668,147.998927484898,290.077897870399,NA,12419.1199241513,9528568.36911342,0.161175423,0.000120497,2001.65690706282,267261.509828241,516.973413076767,1013.26788963046,NA,3450.76594123282,289165.192364921,537.740822669175,1053.97201243158
"SE",2015,"NSEI",22095,8119,0.128089888,0.000251538,1039.961800672,16580.922381618,128.766930465931,252.383183713225,NA,9668.88570014844,4304414.60669642,0.194901316,0.000129148,1884.47854721251,176139.355269975,419.689593950071,822.591604142139,NA,2924.44034788451,192720.277651593,438.999177278948,860.438387466739
"SE",2016,"NSEI",25877,9231,0.384773663,0.000488088,3551.845683153,41590.642767768,203.937840450879,399.718167283722,NA,14189.2918187014,6762576.62555134,0.250190694,0.000143203,3550.02876748942,453106.41720638,673.131797797712,1319.33832368352,NA,7101.87445064242,494697.059974148,703.347040922295,1378.5602002077
"SE",2017,"NSEI",24305,5102,0.291814947,0.000738068,1488.839859594,19212.208219472,138.60811022257,271.671896036236,NA,16806.2283606367,14540377.8749319,0.073748903,6.00264e-05,1239.44090516444,96910.8932135698,311.305144855606,610.158083916988,NA,2728.28076475844,116123.101433042,340.768398524631,667.906061108277
"SE",2018,"NSEI",34673,6405,0.348484848,0.000430822,2232.04545144,17674.05249855,132.943794509372,260.569837238368,NA,15349.2690105927,8197994.46042361,0.107398568,7.63249e-05,1648.48951158444,113167.239011237,336.403387336151,659.350639178856,NA,3880.53496302444,130841.291509787,361.719907538674,708.9710187758
"SE",2019,"NSEI",36293,6197,0.476708074534161,0.000387958765486927,2954.1599378882,14898.7063708702,NA,NA,NA,23183.36121673,24125308.8190178,0.107749469214437,5.10565698876497e-05,2497.99486570923,308766.623807258,555.667727879943,1089.10874664469,NA,5452.15480359743,323665.330178128,568.915925403858,1115.07521379156
"SE",2020,"NSEI",17585,283,0.636363636363636,0.000352751461398911,180.090909090909,28.2515117919774,5.31521512189087,10.4178216389061,NA,4858.39789044496,1472700.4379099,0.22911051212938,0.000477348338814036,1113.11002880814,89274.7773750735,298.788850821234,585.626147609618,NA,1293.20093789905,89303.0288868655,298.836123798422,585.718802644906
"SE",2021,"NSEI",33151,1940,0.983050847457627,9.14482918247432e-06,1907.1186440678,34.4174791111603,NA,NA,NA,7926.48998058092,3864104.35741784,0.183333333333333,0.000357332272606736,1453.18982977317,153708.526428386,392.056789800133,768.431308008261,NA,3360.30847384096,153742.943907497,392.100680830188,768.517334427168
"SE",2022,"NSEI",34168,2848,0.875968992248062,3.75033886323703e-05,2494.75968992248,304.193885549573,17.4411549373765,34.184663677258,NA,23959.7262735353,56313844.1152217,0.0717839374555792,4.73904721045183e-05,1719.92349227226,320055.619894825,565.734584319206,1108.83978526564,NA,4214.68318219474,320359.813780375,566.003369053909,1109.36660334566
"SE",2023,"NSEI",31783,2315,0.923076923076923,4.07377608489749e-05,2136.92307692308,218.322826385848,14.7757512968325,28.9604725417917,NA,15106.2697195537,11460905.6924948,0.0661157024793388,3.40377157469693e-05,998.761634350657,58256.3867563,241.36359865626,473.072653366269,NA,3135.68471127373,58474.7095826858,241.815445293897,473.958272776039
"SE",2024,"NSEI",37144,2472,0.172943121925247,0.0137142416676002,427.515397399211,83804.7685545046,289.490532754535,567.401444198889,NA,21829.9540670672,25454057.1127231,0,0,0,0,0,0,NA,427.515397399211,83804.7685545046,289.490532754535,567.401444198889
"SE",1998,"NSEO",1123,522,0.084507094,0.00309973,44.112703068,844.62682932,29.062464267849,56.962429964984,NA,595.655338971554,93360.3427904111,0.026213604,0.000543509,15.6142731762861,307.734893889801,17.542374237537,34.3830535055724,NA,59.7269762442861,1152.3617232098,33.9464537648603,66.5350493791263
"SE",1999,"NSEO",1071,587,0.084507094,0.00309973,49.605664178,1068.07086637,32.6813534966041,64.0554528533441,NA,568.073791663877,84914.5019697874,0.026213604,0.000543509,14.8912614174554,279.895665250938,16.7300826432788,32.7909619808264,NA,64.4969255954554,1347.96653162094,36.7146637138479,71.9607408791419
"SE",2000,"NSEO",2883,1426,0.084507094,0.00309973,120.507116044,6303.22656148,79.3928621569975,155.610009827715,NA,1529.18463246214,615307.501617431,0.026213604,0.000543509,40.0854403982482,2028.18009296434,45.0353205047365,88.2692281892835,NA,160.592556442248,8331.40665444434,91.2765394526126,178.902017327121
"SE",2001,"NSEO",2839,1604,0.084507094,0.00309973,135.549378776,7975.03493968,89.3030511218962,175.033980198916,NA,1505.84640012488,596669.323616881,0.026213604,0.000543509,39.4736612176992,1966.74482443523,44.3479968480565,86.9220738221907,NA,175.023039993699,9941.77976411523,99.7084738831922,195.428608811057
"SE",2002,"NSEO",2029,1342,0.084507094,0.00309973,113.408520148,5582.50213972,74.7161437690677,146.443641787373,NA,1076.21075937069,304766.353777939,0.026213604,0.000543509,28.2113626666825,1004.57259193642,31.6949931682658,62.122186609801,NA,141.619882814683,6587.07473165642,81.1607955336591,159.075159245972
"SE",2003,"NSEO",3083,1659,0.084507094,0.00309973,140.197268946,8531.32798413,92.3651881616121,181.03576879676,NA,1635.26750672244,703639.116398725,0.026213604,0.000543509,42.8662548552894,2319.33926493589,48.159518944191,94.3926571306143,NA,183.063523801289,10850.6672490659,104.166536128768,204.166410812385
"SE",2004,"NSEO",2923,1924,0.084507094,0.00309973,162.591648856,11474.50612048,107.119121171152,209.953477495458,NA,1550.4012073142,632500.03783668,0.026213604,0.000543509,40.6416032896564,2084.85022881639,45.6601601926274,89.4939139775497,NA,203.233252145656,13559.3563492964,116.444649294403,228.231512617029
"SE",2005,"NSEO",2796,1608,0.084507094,0.00309973,135.887407152,8014.86027072,89.5257519975119,175.470473915123,NA,1483.03858215892,578731.683724506,0.026213604,0.000543509,38.8757861094353,1907.61867361008,43.6762941835738,85.6055365998046,NA,174.763193261435,9922.47894433008,99.611640606558,195.238815588854
"SE",2006,"NSEO",3058,1651,0.011904762,2.80741e-05,19.654762062,76.5244098541,8.74782314945267,17.1457333729272,NA,1622.0071474399,692273.786898811,0.060606061,0.000875892,98.3034641201787,5453.53475812075,73.8480518234621,144.742181573986,NA,117.958226182179,5530.05916797485,74.3643675961468,145.754160488448
"SE",2007,"NSEO",4266,1748,0.013029316,2.09781e-05,22.775244368,64.0986684624,8.00616440390778,15.6920822316592,NA,2262.74770797208,1347238.94107506,0.016393443,0.000268745,37.094225574021,2100.10912975265,45.8269476373089,89.8208173691254,NA,59.869469942021,2164.20779821505,46.5210468306018,91.1812517879796
"SE",2008,"NSEO",5010,1963,0.053682896,6.35013e-05,105.379524848,244.6939408797,15.6426960873022,30.6596843311123,NA,2657.37600022038,1858139.76212869,0.079207921,0.00072934,210.485228292752,18163.3307245257,134.771401730952,264.151947392667,NA,315.864753140752,18408.0246654054,135.676175747275,265.925304464659
"SE",2009,"NSEO",2818,864,0.029154519,8.27618e-05,25.189504416,61.7813526528,7.86011149111767,15.4058185225906,NA,1494.70769832755,587874.879398666,0.051282051,0.000631847,76.651676415726,3329.11067072358,57.6984459992085,113.088954158449,NA,101.841180831726,3390.89202337638,58.2313663189898,114.13347798522
"SE",2010,"NSEO",4613,1642,0.052830189,9.4592e-05,86.747170338,255.035545088,15.9698323437662,31.3008713937817,NA,2446.80149481369,1575323.79981807,0,0,0,0,0,0,NA,86.747170338,255.035545088,15.9698323437662,31.3008713937817
"SE",2011,"NSEO",8950,2118,0.077697842,0.000103258,164.564029356,463.207540392,21.5222568610264,42.1836234476118,NA,2109.86387208297,736850.511553881,0.036363636,0.000213667,76.7223218539758,2082.93251419336,45.6391554938669,89.4527447679791,NA,241.286351209976,2546.14005458536,50.4592910630476,98.9002104835733
"SE",2012,"NSEO",8600,2133,0.098944591,0.000117774,211.048812603,535.835072286,23.1481116354229,45.3702988054288,NA,4056.14035087719,2425591.28382108,0.015564202,5.98514e-05,63.1305877614035,1717.45256506249,41.442159271236,81.2266321716226,NA,274.179400364403,2253.2876373485,47.4688069931033,93.0388617064825
"SE",2013,"NSEO",6970,1675,0.131897712,0.000154314,220.9286676,432.94721625,20.8073836954577,40.7824720430971,NA,3563.46380325597,1983952.15972031,0.013071895,4.22984e-05,46.5812246724628,960.041398794702,30.9845348326339,60.7296882719624,NA,267.509892272463,1392.9886150447,37.3227626930899,73.1526148784562
"SE",2014,"NSEO",8688,2260,0.125,0.000132898,282.5,678.7898248,26.0535952375099,51.0650466655195,NA,9722.2508839872,9687106.4801496,0.014150943,3.29804e-05,137.579018091002,5376.698571145,73.3259747370943,143.718910484705,NA,420.079018091002,6055.488395945,77.8170186780822,152.521356609041
"SE",2015,"NSEO",9156,2579,0.096544715,8.87323e-05,248.988819985,590.1799117843,24.2936187461708,47.6154927424947,NA,4529.48035542233,3708908.49097668,0.012779553,4.04367e-05,57.8847342645785,1585.31084760881,39.8159622213103,78.0392859537682,NA,306.873554249579,2175.49075939311,46.6421564616508,91.4186266648355
"SE",2016,"NSEO",5839,1492,0.069518717,8.65942e-05,103.721925764,192.7642312288,13.883955892641,27.2125535495763,NA,1660.62785079242,405106.185098781,0.009960159,1.96825e-05,16.5401174337208,102.440099548733,10.1212696609039,19.8376885353716,NA,120.262043197721,295.204330777533,17.1815113065624,33.6757621608624
"SE",2017,"NSEO",9211,1716,0.081939799,0.000126006,140.608695084,371.044323936,19.2625108419437,37.7545212502097,NA,6867.01714719272,4662505.66568143,0.009746589,1.88508e-05,66.9299937896399,1419.73823822281,37.6794139845993,73.8516514098145,NA,207.53868887364,1790.78256215881,42.31763890104,82.9425722460384
"SE",2018,"NSEO",11024,1835,0.117957746,0.000183499,216.45246391,617.882420275,24.8572408017262,48.7201919713833,NA,7836.88364070585,7422148.53560271,0.016985138,3.55248e-05,133.110550127331,4586.7400272602,67.725475467214,132.741931915739,NA,349.563014037331,5204.6224475352,72.1430692966081,141.400415821352
"SE",2019,"NSEO",11553,1628,0.248747913188648,0.00031249563356679,404.961602671119,828.233427275284,NA,NA,NA,6640.66345167248,4892127.85531231,0.0213464696223317,3.43598648963726e-05,141.754720643255,3912.51283504721,62.5500826142317,122.598161923894,NA,546.716323314374,4740.74626232249,68.853077362762,134.952031631014
"SE",2020,"NSEO",3314,172,0.992647058823529,2.28446805399873e-06,170.735294117647,0.0675837029094984,0.25996865755221,0.509538568802332,NA,1085.57191634656,110201.419375961,0.0513513513513513,0.000132017317251332,55.7455848934722,460.723342949529,21.4644669849854,42.0703552905714,NA,226.480879011119,460.790926652439,21.4660412431458,42.0734408365659
"SE",2021,"NSEO",9732,638,0.984375,1.67456280620577e-06,628.03125,0.681620742889221,NA,NA,NA,6262.89467835535,3588518.03593881,0.0319148936170213,6.58770430329115e-05,199.87961739432,6475.47468532296,80.4703341941797,157.721855020592,NA,827.91086739432,6476.15630606585,80.474569312708,157.730155852908
"SE",2022,"NSEO",10558,884,1,0,884,0,0,0,NA,4984.01580854099,3115948.89301432,0.0260869565217391,5.53516932923138e-05,130.017803701069,3667.92652192911,60.5634091009506,118.704281837863,NA,1014.01780370107,3667.92652192911,60.5634091009506,118.704281837863
"SE",2023,"NSEO",14337,618,0.942196531791908,2.05595421937367e-05,582.277456647399,7.8521825928007,2.80217461854195,5.49226225234221,NA,18770.2219843733,48858955.4862636,0.00537634408602151,9.60042910285495e-06,100.915171958996,5263.77376880454,72.5518695059234,142.20166423161,NA,683.192628606395,5271.62595139734,72.6059636076634,142.30768867102
"SE",2024,"NSEO",15816,728,0.0763363417083228,0.0022534043562542,55.572856763659,1194.26825434503,34.55818650255,67.7340455449979,NA,19906.2349385452,40581683.3942191,0,0,0,0,0,0,NA,55.572856763659,1194.26825434503,34.55818650255,67.7340455449979
"SE",1998,"SSEI",6261,3492,0.172267869,0.001074159,601.559398548,13098.363592176,114.448082518564,224.318241736385,NA,7422.47676333871,2528282.45560498,0.112032852,0.001056065,831.561240700565,92585.3731002546,304.278446657424,596.38575544855,NA,1433.12063924857,105683.736692431,325.090351583111,637.177089102897
"SE",1999,"SSEI",7370,3538,0.172267869,0.001074159,609.483720522,13445.725129596,115.955703307755,227.273178483199,NA,8737.20711480695,3503266.36269439,0.112032852,0.001056065,978.854231586514,128289.156356156,358.174756726595,702.022523184127,NA,1588.33795210851,141734.881485752,376.476933537437,737.894789733376
"SE",2000,"SSEI",11989,6877,0.172267869,0.001074159,1184.686135113,50800.340153511,225.38930798401,441.76304364866,NA,14213.0768113189,9270520.18438958,0.112032852,0.001056065,1592.33153086713,339485.237577923,582.653617149953,1142.00108961391,NA,2777.01766598013,390285.577731434,624.728403173279,1224.46767021963
"SE",2001,"SSEI",9348,4834,0.172267869,0.001074159,832.742878746,25100.470585404,158.431280324954,310.525309436909,NA,11082.1454693644,5636059.77962201,0.112032852,0.001056065,1241.56436321177,206391.772546941,454.303612738156,890.435080966786,NA,2074.30724195777,231492.243132345,481.136408030347,943.027359739481
"SE",2002,"SSEI",8033,4064,0.172267869,0.001074159,700.096619616,17740.913163264,133.1950192885,261.062237805461,NA,9523.2001022041,4161919.8980246,0.112032852,0.001056065,1066.91126761662,152408.962739797,390.39590512683,765.175974048587,NA,1767.00788723262,170149.875903061,412.492273749535,808.484856549088
"SE",2003,"SSEI",11263,5615,0.172267869,0.001074159,967.284084435,33866.326637775,184.028059376213,360.694996377378,NA,13352.3967074723,8181752.76003623,0.112032852,0.001056065,1495.90708417353,299614.716790309,547.370730666437,1072.84663210622,NA,2463.19116860853,333481.043428084,577.478175715831,1131.85722440303
"SE",2004,"SSEI",13195,7929,0.172267869,0.001074159,1365.911933301,67531.346211519,259.867939945502,509.341162293184,NA,15642.8016119237,11229410.8731841,0.112032852,0.001056065,1752.50767785401,411219.558592012,641.264031887032,1256.87750249858,NA,3118.41961115501,478750.904803531,691.918278992202,1356.15982682472
"SE",2005,"SSEI",15329,9584,0.172267869,0.001074159,1651.015256496,98664.786779904,314.109513991385,615.654647423114,NA,18172.6794929275,15155345.1625626,0.112032852,0.001056065,2035.93711207458,554986.759184405,744.974334581001,1460.14969577876,NA,3686.95236857058,653651.545964309,808.487195918593,1584.63490400044
"SE",2006,"SSEI",17714,11388,0.193290735,0.000249487,2201.19489018,32355.106802928,179.875253447849,352.555496757785,NA,21000.1203299444,20238180.4598216,0.108927109,7.9559e-05,2287.48239619297,276824.390546597,526.141036744519,1031.23643201926,NA,4488.67728637297,309179.497349525,556.039114945635,1089.83666529345
"SE",2007,"SSEI",20368,12015,0.211936663,0.000203682,2546.419005945,29403.57934845,171.474719269197,336.090449767627,NA,24146.4632991028,26756848.2789062,0.121307354,6.70389e-05,2929.14357127228,434620.602375584,659.257614575353,1292.14492456769,NA,5475.56257721728,464024.181724034,681.193204402418,1335.13868062874
"SE",2008,"SSEI",18756,10550,0.121527778,0.000185667,1282.1180579,20665.2012675,143.753960875866,281.757763316697,NA,22235.4215258235,22689171.1729488,0.091438071,6.91158e-05,2033.16405219318,225442.361149,474.807709656235,930.623110926222,NA,3315.28211009318,246107.5624165,496.092292236535,972.340892783609
"SE",2009,"SSEI",14837,8319,0.113543092,0.000137878,944.564982348,9541.951915158,97.6829151651301,191.458513723655,NA,17589.4086787504,14198104.7772729,0.076849183,6.82148e-05,1351.73168641508,105924.43708447,325.460346408698,637.902278961048,NA,2296.29666876308,115466.388999628,339.803456426841,666.014774596607
"SE",2010,"SSEI",20015,11058,0.174211248,0.000197612,1926.427980384,24163.869678768,155.447321233812,304.676749618272,NA,23727.9783450286,25837433.5267717,0.055505819,4.69757e-05,1317.04087125508,107264.291288731,327.512276546591,641.924062031319,NA,3243.46885163908,131428.160967499,362.53022076442,710.559232698263
"SE",2011,"SSEI",17328,8097,0.162679426,0.000163132,1317.215312322,10695.163772988,103.417424900198,202.698152804387,NA,26057.6562594726,22721971.6945686,0.114575214,7.91324e-05,2985.56154226751,353811.279801102,594.820376080966,1165.84793711869,NA,4302.77685458951,364506.44357409,603.743690297538,1183.33763298317
"SE",2012,"SSEI",20908,11877,0.143570537,0.000153698,1705.187267949,21681.120801042,147.245104506201,288.600404832154,NA,30342.2396878484,23087012.9574232,0.144815767,0.000106213,4394.0347128936,584409.047705542,764.466511827393,1498.35436318169,NA,6099.2219808426,606090.168506584,778.517930754703,1525.89514427922
"SE",2013,"SSEI",24779,13572,0.171851852,0.000211155,2332.373335344,38894.57869752,197.217085206936,386.545487005595,NA,34267.8420658215,37595985.1319944,0.129853596,7.19692e-05,4449.80251940699,721159.966874324,849.21137938344,1664.45430359154,NA,6782.17585475099,760054.545571844,871.811072177822,1708.74970146853
"SE",2014,"SSEI",25686,15018,0.219957836,0.000120658,3303.326781048,27213.244413192,164.964373163395,323.330171400255,NA,33152.0733369684,19566076.6333573,0.164224356,6.93907e-05,5444.3778938284,605312.269649325,778.018167942963,1524.91560916821,NA,8747.7046748764,632525.514062517,795.314726421256,1558.81686378566
"SE",2015,"SSEI",29160,17942,0.202893309,5.85122e-05,3640.311750078,18835.9761614408,137.244220867186,268.998672899684,NA,31796.6453596569,18451721.9403925,0.113866397,5.1089e-05,3620.5694437909,291831.861720645,540.214644119025,1058.82070247329,NA,7260.8811938689,310667.837882085,557.375849747803,1092.45666550569
"SE",2016,"SSEI",32540,19167,0.19990702,7.43927e-05,3831.61785234,27329.9355122103,165.317680579575,324.022653935966,NA,33865.5324462817,23923054.4684109,0.149724587,6.37811e-05,5070.50285905463,610968.666469779,781.644846762121,1532.02389965376,NA,8902.12071139463,638298.60198199,798.935918570438,1565.91440039806
"SE",2017,"SSEI",30249,13768,0.177429467,9.1561e-05,2442.848901656,17356.103923264,131.742566861527,258.215431048594,NA,32660.8348717368,21220862.4266651,0.137907609,8.0822e-05,4504.17764510504,491519.530462552,701.084538741621,1374.12569593358,NA,6947.02654676104,508875.634385816,713.355195106768,1398.17618240927
"SE",2018,"SSEI",42049,16630,0.145038168,0.000237098,2411.98473384,65571.0878762,256.068521837808,501.894302802104,NA,34725.8595505618,18537755.6843756,0.094146047,5.14991e-05,3269.30240536259,227365.679245561,476.828773508438,934.584396076538,NA,5681.28713920259,292936.767121761,541.236332041522,1060.82321080138
"SE",2019,"SSEI",35867,14851,0.168508287292818,0.000388125330765814,2502.51657458564,85601.8959642533,NA,NA,NA,69950.3486044632,111154603.321565,0.0753186558516802,8.07955405247985e-05,5268.56623324462,1034886.45863633,1017.29369340242,1993.89563906873,NA,7771.08280783026,1120488.35460058,1058.53122514198,2074.72120127828
"SE",2020,"SSEI",11107,325,1,0,325,0,0,0,NA,15196.6491548652,6640608.26213042,0.0352422907488987,5.00003995465717e-05,535.564727924766,20126.7946268508,141.868934678635,278.063111970125,NA,860.564727924766,20126.7946268508,141.868934678635,278.063111970125
"SE",2021,"SSEI",28388,1254,0.957894736842105,1.78699202358437e-05,1201.2,28.100735489588,NA,NA,NA,14186.636497865,6428956.91495986,0.0942857142857143,0.000122168695804502,1337.59715551299,82525.2839767361,287.272142709202,563.053399710036,NA,2538.79715551299,82553.3847122257,287.321048153848,563.149254381542
"SE",2022,"SSEI",33837,3983,0.936915887850467,2.72245540966549e-05,3731.73598130841,431.898194085467,20.7821604768481,40.7330345346223,NA,25305.766593391,17492823.095339,0.179078014184397,0.000261117369485204,4531.70642895831,732758.706691598,856.013263151686,1677.7859957773,NA,8263.44241026672,733190.604885683,856.265499063044,1678.28037816357
"SE",2023,"SSEI",44574,4214,0.945402298850575,2.62547264387708e-05,3983.92528735632,466.226076135498,21.5922688973507,42.3208470388074,NA,26788.6852395201,23919887.1687195,0.126365054602184,0.000172495199339955,3385.15367301268,509870.223123366,714.051975085403,1399.54187116739,NA,7369.078960369,510336.449199501,714.378365573525,1400.18159652411
"SE",2024,"SSEI",45682,5295,0.168210236119598,0.00661045929858992,890.673200253271,185337.612616048,430.508551153224,843.796760260319,NA,24102.0815397456,21333101.9749431,0,0,0,0,0,0,NA,890.673200253271,185337.612616048,430.508551153224,843.796760260319
"SE",1998,"SSEO",3185,1723,0.055469732,0.00091753,95.574348236,2723.89791937,52.1909754590772,102.294311899791,NA,1543.42157574843,277633.929629772,0.025896555,0.000186563,39.9693017245558,682.407374781761,26.1229281433334,51.2009391609335,NA,135.543649960556,3406.30529415176,58.3635613559673,114.392580257696
"SE",1999,"SSEO",4616,3048,0.055469732,0.00091753,169.071743136,8524.13262912,92.3262293669573,180.959409559236,NA,2236.87095562158,583156.696513874,0.025896555,0.000186563,57.9272517301569,1433.36382150809,37.8597916199771,74.2051915751551,NA,226.998994866157,9957.49645062809,99.7872559529928,195.583021667866
"SE",2000,"SSEO",6910,4760,0.055469732,0.00091753,264.03592432,20789.027728,144.184006491705,282.600652723742,NA,3348.52216276974,1306801.91294607,0.025896555,0.000186563,86.7151883568856,3212.03991155726,56.6748613721927,111.082728289498,NA,350.751112676886,24001.0676395573,154.92277960183,303.648648019587
"SE",2001,"SSEO",5756,3877,0.055469732,0.00091753,215.056150964,13791.51179137,117.43726747234,230.177044245787,NA,2789.30442386435,906766.020504302,0.025896555,0.000186563,72.2333754243464,2228.77592958037,47.2099134671985,92.531430395709,NA,287.289526388346,16020.2877209504,126.57127526003,248.079699509659
"SE",2002,"SSEO",7617,4125,0.055469732,0.00091753,228.8126445,15612.34640625,124.949375373589,244.900775732234,NA,3691.12783123258,1587894.25698243,0.025896555,0.000186563,95.5874948935452,3902.9478593751,62.4735772897239,122.448211487859,NA,324.400139393545,19515.2942656251,139.697151959605,273.806417840827
"SE",2003,"SSEO",6896,4090,0.055469732,0.00091753,226.87120388,15348.533593,123.889198855267,242.822829756324,NA,3341.73789210711,1301511.9872539,0.025896555,0.000186563,86.5394991185359,3199.03759476842,56.5600353144198,110.857669216263,NA,313.410702998536,18547.5711877684,136.18946797667,266.931357234273
"SE",2004,"SSEO",10061,5918,0.055469732,0.00091753,328.269873976,32134.39995172,179.260703869309,351.350979583845,NA,4875.46765262321,2770358.44857322,0.025896555,0.000186563,126.257816216878,6809.37318654223,82.5189262323634,161.737095415432,NA,454.527690192878,38943.7731382622,197.341767343516,386.789863993291
"SE",2005,"SSEO",12666,7243,0.055469732,0.00091753,401.767268876,48134.58628897,219.395957777189,430.01607724329,NA,6137.82658663409,4390688.57336862,0.025896555,0.000186563,158.948563781232,10792.046443431,103.884774839391,203.614158685207,NA,560.715832657232,58926.632732401,242.748084920151,475.786246443497
"SE",2006,"SSEO",12007,7233,0.037671233,0.000124578,272.476028289,6517.458651042,80.7307788333669,158.232326513399,NA,5818.48127472884,3945687.5188521,0.022058824,0.000159794,128.348854386539,7960.21787490739,89.2200530985461,174.87130407315,NA,400.824882675539,14477.6765259494,120.323216903262,235.833505130393
"SE",2007,"SSEO",12018,6094,0.029968454,4.59247e-05,182.627758676,1705.4980522492,41.2976761119703,80.9434451794617,NA,5823.81177310662,3952920.37367866,0.008086253,2.1678e-05,47.0928154217187,1079.41097389886,32.8543904813171,64.3946053433815,NA,229.720574097719,2784.90902614806,52.7722372668438,103.433585043014
"SE",2008,"SSEO",17754,6953,0.049019608,5.08361e-05,340.833334424,2457.6310431449,49.5744999283392,97.1660198595448,NA,8603.42438173864,8626727.85886849,0.013157895,2.44534e-05,113.202954655357,3514.51399424888,59.2833365647454,116.195339666901,NA,454.036289079357,5972.14503739378,77.2796547442713,151.468123298772
"SE",2009,"SSEO",9645,3692,0.039568345,6.84733e-05,146.08632974,933.3502399312,30.5507813309447,59.8795314086516,NA,4673.87789579076,2545998.42556601,0.016819572,2.53242e-05,78.6126257874612,1337.94379893797,36.5779140867542,71.6927116100383,NA,224.698955527461,2271.29403886917,47.6580952081509,93.4098666079757
"SE",2010,"SSEO",12415,4993,0.025641026,3.56399e-05,128.025642818,888.5044533551,29.8077918228624,58.4232719728102,NA,6016.19430546836,4218393.74711524,0.028097063,3.49202e-05,169.037390420986,4741.41924947989,68.8579643140856,134.961610055608,NA,297.063033238986,5629.92370283499,75.0328175056421,147.064322311059
"SE",2011,"SSEO",11926,3783,0.063394683,0.000121672,239.822085789,1741.258820808,41.7283934606642,81.7876511829018,NA,5499.83264540338,3434887.63936153,0.029354207,5.58677e-05,161.443225938528,4841.5321587593,69.5811192692335,136.378993767698,NA,401.265311727528,6582.7909795673,81.1344007161408,159.023425403636
"SE",2012,"SSEO",14290,4684,0.051968504,7.77094e-05,243.420472736,1704.9330458464,41.2908348891906,80.9300363828136,NA,7211.48404861375,3512142.9566568,0.032679739,5.17378e-05,235.669416511361,6623.20777145424,81.3830926633674,159.5108616202,NA,479.089889247361,8328.14081730064,91.2586479041885,178.866949892209
"SE",2013,"SSEO",15619,4475,0.055555556,7.29752e-05,248.6111131,1461.3739895,38.227921595347,74.9267263268802,NA,7064.68019164546,3429125.89069863,0.014736842,3.06322e-05,104.111075764809,2378.60451503699,48.7709392470248,95.5910409241686,NA,352.722188864809,3839.97850453698,61.9675600983045,121.456417792677
"SE",2014,"SSEO",18453,5130,0.042115573,3.95508e-05,216.05288949,1040.85444852,32.2622759352157,63.2340608330228,NA,5969.05725915875,5648205.4842977,0.027508091,4.33572e-05,164.19737026915,6063.6612470131,77.8695142338329,152.624247898312,NA,380.25025975915,7104.5156955331,84.2882891956712,165.205046823516
"SE",2015,"SSEO",17669,4920,0.036087369,3.30657e-05,177.54985548,800.40156048,28.2913690103537,55.4510832602932,NA,15546.5243355195,23591989.047448,0.032352941,4.61064e-05,502.975784582127,36925.4379494159,192.159928053213,376.633458984297,NA,680.525640062127,37725.8395098959,194.231407115059,380.693557945516
"SE",2016,"SSEO",17707,4149,0.052576236,5.24337e-05,218.138803164,902.6042509737,30.0433728295227,58.8850107458644,NA,9530.76170282172,11849070.1453104,0.011049724,3.02704e-05,105.31228632595,4555.02936293709,67.4909576383169,132.282276971101,NA,323.45108948995,5457.63361391079,73.8757985669921,144.796565191305
"SE",2017,"SSEO",20760,4370,0.105072464,0.000113703,459.16666768,2171.3748207,46.5980130552795,91.3321055883478,NA,7420.22133270544,9465736.89381753,0.056756757,0.000145082,421.147699066579,39853.7343704656,199.634001038064,391.282642034605,NA,880.314366746579,42025.1091911656,205.000266319743,401.800521986697
"SE",2018,"SSEO",26949,4535,0.136490251,0.00016438,618.983288285,3380.6760655,58.1435814643371,113.961419670101,NA,12867.6358994501,12734528.8226822,0.025117739,3.85013e-05,323.205920069418,14899.4138092818,122.063155002981,239.243783805843,NA,942.189208354418,18280.0898747818,135.20388261726,264.999609929829
"SE",2019,"SSEO",22912,3570,0.0514469453376206,7.85831838213341e-05,183.665594855305,1001.53481948452,NA,NA,NA,16359.9859993,28189042.1157384,0.0421686746987952,8.12685665451557e-05,689.878927681324,74168.0188148106,272.338059798499,533.782597205057,NA,873.544522536629,75169.5536342952,274.170665160033,537.374503713665
"SE",2020,"SSEO",12619,170,0.992647058823529,2.28446805399873e-06,168.75,0.0660211267605633,0.256945766185324,0.503613701723235,NA,2769.62253557906,1279455.89249293,0.0151515151515152,7.57459225387237e-05,41.9639778118039,971.668727137932,31.1716012924895,61.0963385332794,NA,210.713977811804,971.734748264692,31.1726602692919,61.0984141278122
"SE",2021,"SSEO",29399,361,0.985507246376812,4.11961745474644e-06,355.768115942029,0.536872666320011,NA,NA,NA,1670.08700007155,492653.231678409,0.0350877192982456,0.00019915630148643,58.5995438621595,1260.12894046099,35.4982948951213,69.5766579944377,NA,414.367659804189,1260.66581312731,35.505856039917,69.5914778382374
"SE",2022,"SSEO",38456,918,1,0,918,0,0,0,NA,6059.51210251541,7021661.44093189,0.0738916256157636,0.000338770560790215,447.747199693257,53155.6807942415,230.555157813139,451.888109313753,NA,1365.74719969326,53155.6807942415,230.555157813139,451.888109313753
"SE",2023,"SSEO",41560,612,0.989010989010989,3.76454888344106e-06,605.274725274725,1.40998919699955,1.18742965981129,2.32736213323012,NA,11954.6101026582,17973650.3518437,0.0346320346320346,0.000145359377431653,414.012471087729,44943.5377437652,211.998909770228,415.517863149646,NA,1019.28719636245,44944.9477329622,212.002235207467,415.524381006635
"SE",2024,"SSEO",43860,965,0.0559718339356357,0.00122331330387058,54.0128197478885,1139.17993139688,33.7517396795614,66.1534097719404,NA,9956.67089142373,12542407.3152397,0,0,0,0,0,0,NA,54.0128197478885,1139.17993139688,33.7517396795614,66.1534097719404
