"","Region","year","RptArea","Log_rfrel","Gui_nonpelrel","Gui_Yer","gui_pYEinNonpel","gui_var_pYEinNonpel","GuiYE","var_GuiYE","sqrt_GuiYE","GuiYE_UPRLWR95","blank","PRIV_rfrel","var_PRIV_rfrel","priv_pYE","priv_var_pYE","gui_pYE","var_gui_pYE","Priv_YE","var_PrivYE","sqrt_PrivYE","PrivYE_UPRLWR95","blank2","TotalYErel","var_totalYErel","sqrt_totalYE","TotalYE_UPRLWR95"
"1","SC",1999,"AFOGNAK",770,2,NA,0.292500137,0.0396,0.585000274,0.1584,0.397994974842648,0.78007015069159,NA,411.552007740248,129118.934375443,NA,NA,0.022664771,0.000427,9.32773201002295,193.78427705228,13.9206421206883,27.284458556549,NA,9.91273228402295,193.94267705228,13.9263303512548,27.2956074884594
"2","SC",2000,"AFOGNAK",2000,51,NA,0.292500137,0.0396,14.917506987,102.9996,10.1488718584875,19.8917888426355,NA,1068.96625387077,871100.923430212,NA,NA,0.022664771,0.000427,24.227875350709,1307.36567415942,36.1575120017877,70.8687235235039,NA,39.145382337709,1410.36527415942,37.5548302373932,73.6074672652907
"3","SC",2001,"AFOGNAK",910,57,NA,0.292500137,0.0396,16.672507809,128.6604,11.3428567830155,22.2319992947103,NA,486.379645511202,180339.66867314,NA,NA,0.022664771,0.000427,11.0236832845726,270.657378692854,16.4516679608134,32.2452692031943,NA,27.6961910935726,399.317778692854,19.9829371888332,39.1665568901131
"4","SC",2002,"AFOGNAK",708,12,NA,0.292500137,0.0396,3.510001644,5.7024,2.38796984905589,4.68042090414954,NA,378.414053870254,109162.88332058,NA,NA,0.022664771,0.000427,8.57666787415097,163.833836822962,12.7997592486328,25.0875281273204,NA,12.086669518151,169.536236822962,13.0206081587214,25.5203919910939
"5","SC",2003,"AFOGNAK",818,42,NA,0.292500137,0.0396,12.285005754,69.8544,8.35789447169561,16.3814731645234,NA,437.207197833147,145718.633572329,NA,NA,0.022664771,0.000427,9.90920101843997,218.697437339062,14.7884224087312,28.9853079211131,NA,22.19420677244,288.551837339062,16.9868136311394,33.2941547170332
"6","SC",2004,"AFOGNAK",758,117,NA,0.292500137,0.0396,34.222516029,542.0844,23.2827060282949,45.634103815458,NA,405.138210217023,125125.807742439,NA,NA,0.022664771,0.000427,9.18236475791869,187.791312801934,13.7036970486775,26.859246215408,NA,43.4048807869187,729.875712801934,27.0162120365149,52.9517755915692
"7","SC",2005,"AFOGNAK",1426,51,NA,0.292500137,0.0396,14.917506987,102.9996,10.1488718584875,19.8917888426355,NA,762.172939009862,442840.705343294,NA,NA,0.022664771,0.000427,17.2744751250555,664.624180406751,25.7803060572746,50.5293998722583,NA,32.1919821120555,767.623780406751,27.7060242620039,54.3038075535277
"8","SC",2006,"AFOGNAK",842,36,14,NA,NA,14,0,0,0,NA,450.034792879596,154394.798769694,NA,NA,0.022664771,0.000427,10.1999355226485,231.71879945369,15.2223125527526,29.8357326033952,NA,24.1999355226485,231.71879945369,15.2223125527526,29.8357326033952
"9","SC",2007,"AFOGNAK",2835,76,8,NA,NA,8,0,0,0,NA,1515.25966486182,1750308.5298291,NA,NA,0.022664771,0.000427,34.3430133096299,2626.89802012399,51.2532732625341,100.456415594567,NA,42.3430133096299,2626.89802012399,51.2532732625341,100.456415594567
"10","SC",2008,"AFOGNAK",1487,38,11,NA,NA,11,0,0,0,NA,794.77640975292,481537.839440065,NA,NA,0.022664771,0.000427,18.0134253232521,722.701612591354,26.8831101733292,52.6908959397252,NA,29.0134253232521,722.701612591354,26.8831101733292,52.6908959397252
"11","SC",2009,"AFOGNAK",1564,42,19,NA,NA,19,0,0,0,NA,835.931610526945,532699.121099737,NA,NA,0.022664771,0.000427,18.9461985242544,799.485486524667,28.275174385398,55.4193417953801,NA,37.9461985242544,799.485486524667,28.275174385398,55.4193417953801
"12","SC",2010,"AFOGNAK",1405,178,5,NA,NA,5,0,0,0,NA,750.948793344219,429893.750093581,NA,NA,0.022664771,0.000427,17.020082433873,645.193131233139,25.4006521812559,49.7852782752615,NA,22.020082433873,645.193131233139,25.4006521812559,49.7852782752615
"13","SC",2011,"AFOGNAK",2417,232,13,NA,NA,13,0,0,0,NA,2788.84615384615,11082356.8887375,NA,NA,0.022664771,0.000427,63.2085594311538,13746.1447882934,117.243954165208,229.798150163807,NA,76.2085594311538,13746.1447882934,117.243954165208,229.798150163807
"14","SC",2012,"AFOGNAK",1340,174,38,NA,NA,38,0,0,0,NA,723.996710526316,686590.428375789,NA,NA,0.022664771,0.000427,16.4092196488322,869.69113460901,29.4905261839969,57.801431320634,NA,54.4092196488322,869.69113460901,29.4905261839969,57.801431320634
"15","SC",2013,"AFOGNAK",1722,179,64,NA,NA,64,0,0,0,NA,672.377867746289,639080.198974921,NA,NA,0.022664771,0.000427,15.2392903979379,794.220813879889,28.1819235305167,55.2365701198127,NA,79.2392903979379,794.220813879889,28.1819235305167,55.2365701198127
"16","SC",2014,"AFOGNAK",2290,317,85,NA,NA,85,0,0,0,NA,2052.37384506041,4444516.35623331,NA,NA,0.022664771,0.000427,46.5165832046837,5979.54608572969,77.3275247614308,151.561948532404,NA,131.516583204684,5979.54608572969,77.3275247614308,151.561948532404
"17","SC",2015,"AFOGNAK",1554,294,81,NA,NA,81,0,0,0,NA,423.373228346457,541004.165428356,NA,NA,0.022664771,0.000427,9.59565726800315,585.455774484658,24.1961933883133,47.4245390410941,NA,90.5956572680032,585.455774484658,24.1961933883133,47.4245390410941
"18","SC",2016,"AFOGNAK",1266,160,82,NA,NA,82,0,0,0,NA,989.829278350515,1922869.00698582,NA,NA,0.022664771,0.000427,22.4342539229097,2227.18556699913,47.1930669378366,92.4984111981598,NA,104.43425392291,2227.18556699913,47.1930669378366,92.4984111981598
"19","SC",2017,"AFOGNAK",1358,173,26,NA,NA,26,0,0,0,NA,143.314318311466,108175.8345845,NA,NA,0.022664771,0.000427,3.24818620555049,110.530275730446,10.5133379918295,20.6061424639859,NA,29.2481862055505,110.530275730446,10.5133379918295,20.6061424639859
"20","SC",2018,"AFOGNAK",872,10,7,NA,NA,7,0,0,0,NA,577.035120147874,627701.400476123,NA,NA,0.022664771,0.000427,13.0783688571091,732.651577458594,27.0675373364219,53.0523731793869,NA,20.0783688571091,732.651577458594,27.0675373364219,53.0523731793869
"21","SC",2019,"AFOGNAK",833,32,22,NA,NA,22,0,NA,NA,NA,2090.56847027388,8383202.98640306,NA,NA,0.022932328,0.000393,47.9416018667789,9420.85264702238,NA,NA,NA,69.9416018667789,9420.85264702238,97.0610768898758,190.239710704157
"22","SC",2020,"AFOGNAK",237,45,35,NA,NA,35,0,0,0,NA,657.073512252042,1093965.40172161,NA,NA,0.031248794336991,0.00147002667485638,20.5327550486484,3311.07902600023,57.5419762086794,112.782273369012,NA,55.5327550486484,3311.07902600023,57.5419762086794,112.782273369012
"23","SC",2021,"AFOGNAK",1479,86,53,NA,NA,53,0,0,0,NA,181.814952575786,69799.7849505814,NA,NA,0.031535433669969,0.00136806218010311,5.73361337716224,210.128775340874,14.4958192366238,28.4118057037827,NA,58.7336133771622,210.128775340874,14.4958192366238,28.4118057037827
"24","SC",2022,"AFOGNAK",583,48,39,NA,NA,39,0,0,0,NA,235.502976190476,103137.675873666,NA,NA,NA,NA,NA,NA,0,0,NA,NA,NA,NA,NA
"25","SC",1999,"CI",621,98,NA,0.244515849,0.0438,23.962553202,420.6552,20.5098805457272,40.1993658696254,NA,1211.57279049933,419914.105784278,0,0,NA,NA,0,0,0,0,NA,23.962553202,420.6552,20.5098805457272,40.1993658696254
"26","SC",2000,"CI",774,117,NA,0.244515849,0.0438,28.608354333,599.5782,24.4862859576539,47.9931204770017,NA,1510.07623163684,652317.732909163,0.016675856,0.000330941,NA,NA,25.1818137877986,1151.93268546207,33.9401338456712,66.5226623375155,NA,53.7901681207986,1751.51088546207,41.8510559659141,82.0280696931916
"27","SC",2001,"CI",730,107,NA,0.244515849,0.0438,26.163195843,501.4662,22.3934410040083,43.8911443678562,NA,1424.23210477377,580260.467565539,0,0,NA,NA,0,0,0,0,NA,26.163195843,501.4662,22.3934410040083,43.8911443678562
"28","SC",2002,"CI",1636,135,NA,0.244515849,0.0438,33.009639615,798.255,28.2534068742161,55.3766774734635,NA,3191.84071699984,2914364.45936816,0.016675856,0.000330941,NA,NA,53.2266761716261,5146.49764789191,71.7390942784471,140.608624785756,NA,86.2363157866261,5944.75264789191,77.1022220684457,151.120355254154
"29","SC",2003,"CI",3266,337,NA,0.244515849,0.0438,82.401841113,4974.3222,70.5288749378579,138.236594878201,NA,6371.97541670016,11614743.5240524,0.016675856,0.000330941,NA,NA,106.258144484432,20510.5610711307,143.215086744137,280.701570018508,NA,188.659985597432,25484.8832711307,159.639854895733,312.894115595637
"30","SC",2004,"CI",3521,140,NA,0.244515849,0.0438,34.23221886,858.48,29.2998293510389,57.4276655280362,NA,6869.48115192936,13499239.8410137,0.016675856,0.000330941,NA,NA,114.554478484288,23838.4069867389,154.396913786315,302.617951021178,NA,148.786697344288,24696.8869867389,157.152432328421,308.018767363705
"31","SC",2005,"CI",2204,103,NA,0.244515849,0.0438,25.185132447,464.6742,21.55630302255,42.2503539241981,NA,4300.01035468682,5289327.3248524,0.016675856,0.000330941,NA,NA,71.7063534732664,9340.46205126483,96.646065886123,189.426289136801,NA,96.8914859202664,9805.13625126483,99.0208879543343,194.080940390495
"32","SC",2006,"CI",1504,105,10,NA,NA,10,0,0,0,NA,2934.30833641061,2463048.34265478,0.016675856,0.000330941,NA,NA,48.9321032775829,4349.51519579849,65.9508543977899,129.263674619668,NA,58.9321032775829,4349.51519579849,65.9508543977899,129.263674619668
"33","SC",2007,"CI",1262,36,3,NA,NA,3,0,0,0,NA,2462.16563866369,1734187.18728739,0.016675856,0.000330941,NA,NA,41.0587196385037,3062.41391727436,55.3390812832519,108.464599315174,NA,44.0587196385037,3062.41391727436,55.3390812832519,108.464599315174
"34","SC",2008,"CI",737,48,12,NA,NA,12,0,0,0,NA,1437.88912495653,591442.105286369,0.016675856,0.000330941,NA,NA,23.9780319917411,1044.4319666115,32.3176726670021,63.3426384273242,NA,35.9780319917411,1044.4319666115,32.3176726670021,63.3426384273242
"35","SC",2009,"CI",605,67,1,NA,NA,1,0,0,0,NA,1180.3567443673,398554.771327972,0,0,NA,NA,0,0,0,0,NA,1,0,0,0
"36","SC",2010,"CI",690,144,18,NA,NA,18,0,0,0,NA,1346.1919894437,518412.476276887,0,0,NA,NA,0,0,0,0,NA,18,0,0,0
"37","SC",2011,"CI",862,222,42,NA,NA,42,0,0,0,NA,3933.12558139535,11556848.9704225,0.02,0.000131544,NA,NA,78.662511627907,8177.89059044716,90.4316901890436,177.246112770525,NA,120.662511627907,8177.89059044716,90.4316901890436,177.246112770525
"38","SC",2012,"CI",344,46,33,NA,NA,33,0,0,0,NA,547.436307692308,207052.598682298,0.015873016,0.000251953,NA,NA,8.68946527098092,179.841887119201,13.4105140512659,26.2846075404812,NA,41.6894652709809,179.841887119201,13.4105140512659,26.2846075404812
"39","SC",2013,"CI",564,104,51,NA,NA,51,0,0,0,NA,834.858902001026,376691.774003759,0.051282051,0.000631847,NA,NA,42.8132767902206,1669.04461285769,40.8539424395944,80.073727181605,NA,93.8132767902206,1669.04461285769,40.8539424395944,80.073727181605
"40","SC",2014,"CI",351,64,4,NA,NA,4,0,0,0,NA,720.523424878837,414487.872746563,0.033057851,0.000266375,NA,NA,23.8189560216543,701.660119504147,26.4888678411167,51.9181809685888,NA,27.8189560216543,701.660119504147,26.4888678411167,51.9181809685888
"41","SC",2015,"CI",609,123,15,NA,NA,15,0,0,0,NA,1152.66067761807,990408.275532107,0.025316456,0.000157169,NA,NA,29.181283327848,999.255786394114,31.6110073612676,61.9575744280845,NA,44.181283327848,999.255786394114,31.6110073612676,61.9575744280845
"42","SC",2016,"CI",441,86,25,NA,NA,25,0,0,0,NA,588.200600436681,143523.432631461,0,0,NA,NA,0,0,0,0,NA,25,0,0,0
"43","SC",2017,"CI",256,28,9,NA,NA,9,0,0,0,NA,415.616851441242,116443.014775311,0.037037037,0.000445816,NA,NA,15.3932167046528,288.651027923865,16.9897330150849,33.2998767095663,NA,24.3932167046528,288.651027923865,16.9897330150849,33.2998767095663
"44","SC",2018,"CI",378,36,15,NA,NA,15,0,0,0,NA,1080.49140546006,1139629.68717722,0.01754386,0.000101389,NA,NA,18.9559899485945,584.676915886234,24.1800933804283,47.3929830256395,NA,33.9559899485945,584.676915886234,24.1800933804283,47.3929830256395
"45","SC",2019,"CI",348,42,23,NA,NA,23,0,NA,NA,NA,547.291139240506,271302.844059131,0.00877193,3.83039e-05,NA,NA,4.80079956303798,42.7409056285028,6.53765291434952,12.8137997121251,NA,27.800799563038,42.7409056285028,6.53765291434952,12.8137997121251
"46","SC",2020,"CI",204,17,0,NA,NA,0,0,0,0,NA,1210.53924914676,2273424.86038658,0.0526315789473684,0.000664819944598338,NA,NA,63.7125920603557,8783.22463316708,93.7188595383399,183.688964695146,NA,63.7125920603557,8783.22463316708,93.7188595383399,183.688964695146
"47","SC",2021,"CI",445,44,19,NA,NA,19,0,0,0,NA,640.737489025461,632576.579077663,0.024390243902439,0.00029376987536813,NA,NA,15.6277436347673,682.747242324185,26.1294324914297,51.2136876832023,NA,34.6277436347673,682.747242324185,26.1294324914297,51.2136876832023
"48","SC",2022,"CI",322,21,7,NA,NA,7,0,0,0,NA,581.700308505949,428623.216653822,0.0160678615847431,0.000305883772384672,NA,NA,9.34668004087595,345.272687042138,18.5815146595249,36.4197687326687,NA,16.3466800408759,345.272687042138,18.5815146595249,36.4197687326687
"49","SC",1999,"EASTSIDE",434,133,NA,0.16064281,0.0915,21.36549373,1618.5435,40.2311260095961,78.8530069788084,NA,162.859496047015,70201.7233726159,NA,NA,0.003423946,2.3e-05,0.557622120052193,3.04767691278552,1.74575969502836,3.42168900225559,NA,21.9231158500522,1621.59117691279,40.2689852977796,78.9272111836479
"50","SC",2000,"EASTSIDE",1194,159,NA,0.16064281,0.0915,25.54220679,2313.2115,48.0958574099683,94.2678805235378,NA,448.051240276811,531345.452770513,NA,NA,0.003423946,2.3e-05,1.53410325194083,23.0673720148861,4.80285040521627,9.4135867942239,NA,27.0763100419408,2336.27887201489,48.335068759803,94.7367347692139
"51","SC",2001,"EASTSIDE",548,163,NA,0.16064281,0.0915,26.18477803,2431.0635,49.3058160869486,96.6393995304193,NA,205.638257681484,111925.600117278,NA,NA,0.003423946,2.3e-05,0.704094289835488,4.85904121778516,2.20432330155655,4.32047367105083,NA,26.8888723198355,2435.92254121778,49.3550660137111,96.7359293868738
"52","SC",2002,"EASTSIDE",736,41,NA,0.16064281,0.0915,6.58635521,153.8115,12.4020764390484,24.3080698205349,NA,276.185689148855,201894.24676704,NA,NA,0.003423946,2.3e-05,0.945644885618465,8.76486224462328,2.9605510035504,5.80267996695879,NA,7.53200009561847,162.576362244623,12.7505436058477,24.9910654674615
"53","SC",2003,"EASTSIDE",878,44,NA,0.16064281,0.0915,7.06828364,177.144,13.3095454467837,26.086709075696,NA,329.471515044422,287314.369175262,NA,NA,0.003423946,2.3e-05,1.12809267605029,12.473217573296,3.53174426782235,6.92221876493181,NA,8.19637631605029,189.617217573296,13.770156773737,26.9895072765246
"54","SC",2004,"EASTSIDE",453,33,NA,0.16064281,0.0915,5.30121273,99.6435,9.98215908508775,19.565031806772,NA,169.98928965276,76482.9655098385,NA,NA,0.003423946,2.3e-05,0.582034148349409,3.32036532733655,1.82218696278306,3.5714864470548,NA,5.88324687834941,102.963865327337,10.1471111813824,19.8883379155096
"55","SC",2005,"EASTSIDE",744,47,NA,0.16064281,0.0915,7.55021207,202.1235,14.2170144545189,27.8653483308571,NA,279.187707509169,206307.105421565,NA,NA,0.003423946,2.3e-05,0.955923634375188,8.95643827430846,2.99273090576291,5.86575257529529,NA,8.50613570437519,211.079938274308,14.5285903746478,28.4760371343097
"56","SC",2006,"EASTSIDE",822,27,4,NA,NA,4,0,0,0,NA,308.457386522227,251832.600263876,NA,NA,0.003423946,2.3e-05,1.05614143475323,10.9328427400166,3.30648495233482,6.48071050657625,NA,5.05614143475323,10.9328427400166,3.30648495233482,6.48071050657625
"57","SC",2007,"EASTSIDE",2661,50,0,NA,NA,0,0,0,0,NA,998.546357099325,2639113.47270778,NA,NA,0.003423946,2.3e-05,3.4189688052048,114.572190176889,10.7038399734343,20.9795263479311,NA,3.4189688052048,114.572190176889,10.7038399734343,20.9795263479311
"58","SC",2008,"EASTSIDE",902,116,5,NA,NA,5,0,0,0,NA,338.477570125363,303236.44026659,NA,NA,0.003423946,2.3e-05,1.15892892232046,13.1644445993223,3.62828397445987,7.11143658994134,NA,6.15892892232046,13.1644445993223,3.62828397445987,7.11143658994134
"59","SC",2009,"EASTSIDE",637,33,7,NA,NA,7,0,0,0,NA,239.035711939974,151233.213123994,NA,NA,0.003423946,2.3e-05,0.818445369754025,6.56550793828742,2.56232471367066,5.02215643879449,NA,7.81844536975403,6.56550793828742,2.56232471367066,5.02215643879449
"60","SC",2010,"EASTSIDE",1209,195,2,NA,NA,2,0,0,0,NA,453.680024702399,544779.700253821,NA,NA,0.003423946,2.3e-05,1.55337590585968,23.6505948180958,4.86318772186472,9.53184793485485,NA,3.55337590585968,23.6505948180958,4.86318772186472,9.53184793485485
"61","SC",2011,"EASTSIDE",491,2,0,NA,NA,0,0,0,0,NA,71.087542087542,14775.8886749292,NA,NA,0.003423946,2.3e-05,0.243399905380471,0.629298273307945,0.79328322389166,1.55483511882765,NA,0.243399905380471,0.629298273307945,0.79328322389166,1.55483511882765
"62","SC",2012,"EASTSIDE",540,16,0,NA,NA,0,0,0,0,NA,458.470588235294,1490481.06812281,NA,NA,0.003423946,2.3e-05,1.56977853670588,56.5890710244749,7.52257077231414,14.7442387137357,NA,1.56977853670588,56.5890710244749,7.52257077231414,14.7442387137357
"63","SC",2013,"EASTSIDE",635,7,0,NA,NA,0,0,0,0,NA,47.3701605288007,68725.1189085319,NA,NA,0.003423946,2.3e-05,0.162192871661945,2.43798065925052,1.56140342616843,3.06035071529013,NA,0.162192871661945,2.43798065925052,1.56140342616843,3.06035071529013
"64","SC",2014,"EASTSIDE",835,10,4,NA,NA,4,0,0,0,NA,34.0652104079666,3250.74242732813,NA,NA,0.003423946,2.3e-05,0.116637440915515,0.139566936674371,0.373586585244133,0.7322297070785,NA,4.11663744091552,0.139566936674371,0.373586585244133,0.7322297070785
"65","SC",2015,"EASTSIDE",769,11,11,NA,NA,11,0,0,0,NA,51.5452898550725,68872.7351033432,NA,NA,0.003423946,2.3e-05,0.176488289018116,2.4526050466938,1.56607951480562,3.06951584901901,NA,11.1764882890181,2.4526050466938,1.56607951480562,3.06951584901901
"66","SC",2016,"EASTSIDE",1006,10,1,NA,NA,1,0,0,0,NA,738.602917341977,1565888.80413708,NA,NA,0.003423946,2.3e-05,2.52893650442139,66.9202812258171,8.18048172333495,16.0337441777365,NA,3.52893650442139,66.9202812258171,8.18048172333495,16.0337441777365
"67","SC",2017,"EASTSIDE",745,0,0,NA,NA,0,0,0,0,NA,808.650485436893,3209969.22588526,NA,NA,0.003423946,2.3e-05,2.76877559500971,126.501124329692,11.2472718616424,22.044652848819,NA,2.76877559500971,126.501124329692,11.2472718616424,22.044652848819
"68","SC",2018,"EASTSIDE",730,71,1,NA,NA,1,0,0,0,NA,218.115746971736,204519.581919291,NA,NA,0.003423946,2.3e-05,0.746816539380889,8.19582953984215,2.8628359261128,5.61115841518109,NA,1.74681653938089,8.19582953984215,2.8628359261128,5.61115841518109
"69","SC",2019,"EASTSIDE",675,0,0,NA,NA,0,0,NA,NA,NA,437.387892376682,2196614.67277969,NA,NA,0.003179378,2.2e-05,1.39062144248879,74.7386599408389,8.64515239546643,16.9444986951142,NA,1.39062144248879,74.7386599408389,8.64515239546643,16.9444986951142
"70","SC",2020,"EASTSIDE",339,3,2,NA,NA,2,0,0,0,NA,60.5736677115987,19870.2791125859,NA,NA,0.00336073348465347,2.08545674629618e-05,0.203571953366642,0.715330467994188,0.845772113511783,1.65771334248309,NA,2.20357195336664,0.715330467994188,0.845772113511783,1.65771334248309
"71","SC",2021,"EASTSIDE",693,15,12,NA,NA,12,0,0,0,NA,85.1911846754696,15324.4256291858,NA,NA,0.00423293872411371,3.23208443438345e-05,0.360609064565917,1.00444766722089,1.00222136637616,1.96435387809727,NA,12.3606090645659,1.00444766722089,1.00222136637616,1.96435387809727
"72","SC",2022,"EASTSIDE",281,10,9,NA,NA,9,0,0,0,NA,10.3526315789474,1532.90315128674,NA,NA,NA,NA,NA,NA,0,0,NA,NA,NA,NA,NA
"73","SC",1999,"NG",3209,125,NA,0.865617312,0.000830886,108.202164,12.98259375,3.60313665436103,7.06214784254762,NA,3707.31759627751,2137459.19177732,0.215338128,0.001126451,NA,NA,798.326831083858,117004.986594786,342.059916673652,670.437436680358,NA,906.528995083858,117017.969188536,342.0788932228,670.474630716688
"74","SC",2000,"NG",6487,1077,NA,0.738433345,0.001214777,795.292712565,1409.055070833,37.5373823119434,73.573269331409,NA,7494.35003024375,8734663.80244102,0.073529412,0.000504614,NA,NA,551.055151046005,79974.031401558,282.796802318481,554.281732544223,NA,1346.34786361101,81383.086472391,285.277209872066,559.14333134925
"75","SC",2001,"NG",5305,284,NA,0.668492304,0.002051948,189.851814336,165.501917888,12.8647548708866,25.2149195469377,NA,6128.80020201065,5841564.47171638,0.192771084,0.000943093,NA,NA,1181.45545856101,258010.350099841,507.947192235414,995.576496781412,NA,1371.30727289701,258175.852017729,508.110078642147,995.895754138609
"76","SC",2002,"NG",3882,274,NA,0.748401878,0.002544547,205.062114572,191.034410572,13.8215198358212,27.0901788782096,NA,4484.82608561835,3128019.55830498,0.071059059,0.000237445,NA,NA,318.687521422693,21313.2120525254,145.990451922464,286.14128576803,NA,523.749635994693,21504.2464630974,146.643262590197,287.420794676785
"77","SC",2003,"NG",4229,608,NA,0.808752773,0.001154267,491.721685984,426.690956288,20.6564991295234,40.4867382938658,NA,4885.71084906749,3712220.52860728,0.113321399,0.000328365,NA,NA,553.655588525806,56728.4607187872,238.177372390383,466.827649885151,NA,1045.37727450981,57155.1516750752,239.071436342937,468.580015232157
"78","SC",2004,"NG",4972,394,NA,0.845610243,0.000694434,333.170435742,107.801156424,10.382733571849,20.350157800824,NA,5744.0894635998,5131220.02795985,0.167403441,0.000317493,NA,NA,961.580341618451,155901.528291126,394.843675764379,773.893604498183,NA,1294.75077736045,156009.32944755,394.980163359567,774.161120184751
"79","SC",2005,"NG",4991,529,NA,0.71705846,0.001108665,379.32392534,310.249922265,17.6139127471723,34.5232689844578,NA,5766.03992615177,5170511.84644072,0.1287974,0.000461764,NA,NA,742.650950784541,103512.356958587,321.733363141884,630.597391758092,NA,1121.97487612454,103822.606880852,322.215156193579,631.541706139414
"80","SC",2006,"NG",3683,440,149,NA,NA,149,0,0,0,NA,4254.92387257403,2815540.86738677,0.187181546,0.000489211,NA,NA,796.443228580714,108882.165575884,329.972977038854,646.747034996154,NA,945.443228580714,108882.165575884,329.972977038854,646.747034996154
"81","SC",2007,"NG",3175,359,94,NA,NA,94,0,0,0,NA,3668.03782118451,2092405.5197583,0.1286367,0.000439566,NA,NA,471.844280792365,41457.7640380875,203.611797394177,399.079122892587,NA,565.844280792365,41457.7640380875,203.611797394177,399.079122892587
"82","SC",2008,"NG",2762,396,165,NA,NA,165,0,0,0,NA,3190.90408255484,1583455.07484616,0.127853881,0.000511501,NA,NA,407.96947085338,31902.1052590764,178.611604491635,350.078744803605,NA,572.96947085338,31902.1052590764,178.611604491635,350.078744803605
"83","SC",2009,"NG",1655,220,91,NA,NA,91,0,0,0,NA,1912.00081702689,568531.319115232,0.106458008,0.000172016,NA,NA,203.547798275055,7169.98372506303,84.6757564186056,165.964482580467,NA,294.547798275055,7169.98372506303,84.6757564186056,165.964482580467
"84","SC",2010,"NG",1667,297,76,NA,NA,76,0,0,0,NA,1925.86426705971,576805.77170519,0.113661309,0.000184848,NA,NA,218.896253550332,8243.90611060941,90.7959586689265,177.960078991096,NA,294.896253550332,8243.90611060941,90.7959586689265,177.960078991096
"85","SC",2011,"NG",1572,349,110,NA,NA,110,0,0,0,NA,2275.67840909091,892264.959117483,0.324142013,0.000567549,NA,NA,737.642980463365,97194.1115401006,311.759701597401,611.049015130906,NA,847.642980463365,97194.1115401006,311.759701597401,611.049015130906
"86","SC",2012,"NG",1193,333,128,NA,NA,128,0,0,0,NA,949.130104681928,240497.985542594,0.289746909,0.000394997,NA,NA,275.007514070435,20641.4208440803,143.671224829749,281.595600666308,NA,403.007514070435,20641.4208440803,143.671224829749,281.595600666308
"87","SC",2013,"NG",1672,414,206,NA,NA,206,0,0,0,NA,2602.96202531646,2110427.89504745,0.103530336,0.000143894,NA,NA,269.485533076253,23899.304648487,154.593999393531,303.00423881132,NA,475.485533076253,23899.304648487,154.593999393531,303.00423881132
"88","SC",2014,"NG",1570,350,150,NA,NA,150,0,0,0,NA,3083.28812107367,2945178.43906103,0.144451751,0.000234063,NA,NA,445.386367926592,64369.5174852917,253.711484732741,497.274510076172,NA,595.386367926592,64369.5174852917,253.711484732741,497.274510076172
"89","SC",2015,"NG",2088,346,168,NA,NA,168,0,0,0,NA,1923.77528089888,1041844.51753997,0.13784825,0.000230322,NA,NA,265.189055865169,20889.6364224027,144.532475320956,283.283651629073,NA,433.189055865169,20889.6364224027,144.532475320956,283.283651629073
"90","SC",2016,"NG",2900,738,339,NA,NA,339,0,0,0,NA,2935.53144997659,2018848.2847185,0.162951385,0.000303107,NA,NA,478.348915484743,56830.6937569785,238.391891130924,467.248106616612,NA,817.348915484743,56830.6937569785,238.391891130924,467.248106616612
"91","SC",2017,"NG",1281,422,164,NA,NA,164,0,0,0,NA,1309.54128440367,666136.047787057,0.091523499,0.000392203,NA,NA,119.853800433578,6513.77133403718,80.7079384821417,158.187559424998,NA,283.853800433578,6513.77133403718,80.7079384821417,158.187559424998
"92","SC",2018,"NG",2876,921,402,NA,NA,402,0,0,0,NA,2808.95900214702,2622776.24162904,0.190348584,0.000422236,NA,NA,534.681368572738,99468.937428641,315.386964582623,618.158450581942,NA,936.681368572738,99468.937428641,315.386964582623,618.158450581942
"93","SC",2019,"NG",3435,806,393,NA,NA,393,0,NA,NA,NA,3945.75703356367,2905309.87921552,0.198329838,0.000442883,NA,NA,782.561353254044,122461.52124402,NA,NA,NA,1175.56135325404,122461.52124402,349.94502603126,685.89225102127
"94","SC",2020,"NG",1464,456,249,NA,NA,249,0,0,0,NA,1757.73372309328,866649.66309017,0.249351944955739,0.000708998304933822,NA,NA,438.294322567601,56690.1436161965,238.096920635687,466.669964445946,NA,687.294322567601,56690.1436161965,238.096920635687,466.669964445946
"95","SC",2021,"NG",2146,606,254,NA,NA,254,0,0,0,NA,2319.75365011946,1685346.16150104,0.170036234367948,0.000835052741833824,NA,NA,394.442175327615,54628.2555572791,233.72688240183,458.104689507588,NA,648.442175327615,54628.2555572791,233.72688240183,458.104689507588
"96","SC",2022,"NG",1529,472,223,NA,NA,223,0,0,0,NA,1738.23157894737,1240532.17402625,0.152725416023824,0.00425804571856295,NA,NA,265.472141040486,47083.1891193215,216.986610460926,425.293756503414,NA,488.472141040486,47083.1891193215,216.986610460926,425.293756503414
"97","SC",1999,"NORTHEAS",1736,110,NA,0.255709332,0.128,28.12802652,1548.8,39.3547964039963,77.1354009518327,NA,3114.84339965888,3312896.09508709,0.02690583,0.000117937,NA,NA,83.8074469878438,3933.2511738523,62.7156373949296,122.922649294062,NA,111.935473507844,5482.0511738523,74.0408750208444,145.120115040855
"98","SC",2000,"NORTHEAS",2051,174,NA,0.255709332,0.128,44.493423768,3875.328,62.2521324935941,122.014179687445,NA,3680.03675846795,4624232.84448379,0.005128205,2.62985e-05,NA,NA,18.8719829049591,599.372633888864,24.4820880214263,47.9848925219955,NA,63.3654066729591,4474.70063388886,66.8932031965047,131.110678265149
"99","SC",2001,"NORTHEAS",1891,104,NA,0.255709332,0.128,26.593770528,1384.448,37.2081711455965,72.9280154453691,NA,3392.95441748556,3930894.88833515,0,0,NA,NA,0,0,0,0,NA,26.593770528,1384.448,37.2081711455965,72.9280154453691
"100","SC",2002,"NORTHEAS",1913,131,NA,0.255709332,0.128,33.497922492,2196.608,46.8679848083956,91.8612502244554,NA,3432.42823937064,4022891.44286675,0.06626506,0.000374994,NA,NA,227.45006322759,23591.3261858488,153.594681502482,301.045575744864,NA,260.94798571959,25787.9341858488,160.586220410871,314.748992005307
"101","SC",2003,"NORTHEAS",3121,95,NA,0.255709332,0.128,24.29238654,1155.2,33.9882332579968,66.6169371856737,NA,5599.89991378765,10707692.9897857,0.005347594,2.85968e-05,NA,NA,29.9459911795713,1509.17469074367,38.8480976463927,76.1422713869298,NA,54.2383777195713,2664.37469074367,51.617581217485,101.170459186271
"102","SC",2004,"NORTHEAS",1756,158,NA,0.255709332,0.128,40.402074456,3195.392,56.5277984711947,110.794485003542,NA,3150.72869228167,3389669.8185419,0.042372881,0.000346816,NA,NA,133.505451941337,10704.4859334696,103.462485633536,202.78647184173,NA,173.907526397337,13899.8779334696,117.89774354698,231.079577352082
"103","SC",2005,"NORTHEAS",4080,199,NA,0.255709332,0.128,50.886157068,5068.928,71.1964044035933,139.544952631043,NA,7320.59969505082,18299056.5595394,0.005747126,3.30295e-05,NA,NA,42.0724088430186,2978.90647151045,54.5793593908031,106.975544405974,NA,92.9585659110186,8047.83447151045,89.7097233944596,175.831057853141
"104","SC",2006,"NORTHEAS",1667,62,0,NA,NA,0,0,0,0,NA,2991.03914011022,3054777.42837382,0.038461538,0.000359051,NA,NA,115.039965546837,8827.90569974047,93.9569353466814,184.155593279496,NA,115.039965546837,8827.90569974047,93.9569353466814,184.155593279496
"105","SC",2007,"NORTHEAS",1731,179,24,NA,NA,24,0,0,0,NA,3105.87207650318,3293840.07423816,0.011764706,0.000138408,NA,NA,36.5396718536694,2246.93330122299,47.4018280367223,92.9075829519757,NA,60.5396718536694,2246.93330122299,47.4018280367223,92.9075829519757
"106","SC",2008,"NORTHEAS",1565,117,8,NA,NA,8,0,0,0,NA,2808.02414773395,2692384.34748882,0.013333333,0.000177778,NA,NA,37.440321033778,2359.07224823918,48.570281533456,95.1977518055738,NA,45.440321033778,2359.07224823918,48.570281533456,95.1977518055738
"107","SC",2009,"NORTHEAS",1317,39,1,NA,NA,1,0,0,0,NA,2363.04651921126,1906689.27292982,0.102941176,0.001378273,NA,NA,243.254787630313,30529.1677328832,174.725978986764,342.462918814058,NA,244.254787630313,30529.1677328832,174.725978986764,342.462918814058
"108","SC",2010,"NORTHEAS",975,108,5,NA,NA,5,0,0,0,NA,1749.40801536141,1045003.16236016,0.030296109,0.000735478,NA,NA,53.0002559188629,3978.61516076823,63.0762646386755,123.629478691804,NA,58.0002559188629,3978.61516076823,63.0762646386755,123.629478691804
"109","SC",2011,"NORTHEAS",1219,78,3,NA,NA,3,0,0,0,NA,2616.67981495009,2544045.9494767,0.042253521,0.000578117,NA,NA,110.56393551127,9971.1689437439,99.8557406649407,195.717251703284,NA,113.56393551127,9971.1689437439,99.8557406649407,195.717251703284
"110","SC",2012,"NORTHEAS",898,57,3,NA,NA,3,0,0,0,NA,4246.1969775925,24972801.1999943,0.013071895,8.48751e-05,NA,NA,55.5058410404065,7917.09646680191,88.9780673357312,174.397011978033,NA,58.5058410404065,7917.09646680191,88.9780673357312,174.397011978033
"111","SC",2013,"NORTHEAS",624,15,9,NA,NA,9,0,0,0,NA,1016.98723404255,459340.411226593,0.036809816,0.000218857,NA,NA,37.4351129594553,949.274625986735,30.8103006474577,60.3881892690172,NA,46.4351129594553,949.274625986735,30.8103006474577,60.3881892690172
"112","SC",2014,"NORTHEAS",958,59,1,NA,NA,1,0,0,0,NA,1259.27149321267,1496236.16432664,0.079365079,0.00058453,NA,NA,99.9421815412715,11226.0379010338,105.952998546685,207.667877151502,NA,100.942181541271,11226.0379010338,105.952998546685,207.667877151502
"113","SC",2015,"NORTHEAS",836,13,0,NA,NA,0,0,0,0,NA,1832.11676753293,3448525.28475836,0.028947368,7.41673e-05,NA,NA,53.0349582887462,3394.41377003209,58.2615977298262,114.192731550459,NA,53.0349582887462,3394.41377003209,58.2615977298262,114.192731550459
"114","SC",2016,"NORTHEAS",943,12,7,NA,NA,7,0,0,0,NA,1392.97305009512,2173555.29623333,0.015625,4.82159e-05,NA,NA,21.7652039077362,729.009948109063,27.0001842236134,52.9203610782823,NA,28.7652039077362,729.009948109063,27.0001842236134,52.9203610782823
"115","SC",2017,"NORTHEAS",461,9,8,NA,NA,8,0,0,0,NA,617.310911224091,430226.763672178,0.018181818,5.42591e-05,NA,NA,11.2238346372906,186.24410272897,13.6471280029525,26.7483708857869,NA,19.2238346372906,186.24410272897,13.6471280029525,26.7483708857869
"116","SC",2018,"NORTHEAS",461,23,20,NA,NA,20,0,0,0,NA,653.122735042735,350972.719664972,0.02006689,6.59873e-05,NA,NA,13.1061420806017,192.637619800281,13.8793955127837,27.2036152050561,NA,33.1061420806017,192.637619800281,13.8793955127837,27.2036152050561
"117","SC",2019,"NORTHEAS",1483,16,16,NA,NA,16,0,NA,NA,NA,3667.09830744262,6276046.85379077,0.0375,0.00015102,NA,NA,137.516186529098,11804.3575456664,108.647860290327,212.949806169041,NA,153.516186529098,11804.3575456664,108.647860290327,212.949806169041
"118","SC",2020,"NORTHEAS",222,4,1,NA,NA,1,0,0,0,NA,693.173770491803,242030.157540037,0.0740740740740741,0.00064100098714152,NA,NA,51.3462052216151,1791.14789314551,42.3219552141144,82.9510322196642,NA,52.3462052216151,1791.14789314551,42.3219552141144,82.9510322196642
"119","SC",2021,"NORTHEAS",921,16,13,NA,NA,13,0,0,0,NA,1068.29797979798,815518.773068042,0.00490196078431373,2.40292195309496e-05,NA,NA,5.23675480293127,66.6161601253491,8.16187234189246,15.9972697901092,NA,18.2367548029313,66.6161601253491,8.16187234189246,15.9972697901092
"120","SC",1999,"PWSI",1069,143,NA,0.705600855,0.00082106,100.900922265,16.78985594,4.09754267091875,8.03118363500076,NA,4538.31966520129,4601365.12224497,0.423598153,0.001265092,NA,NA,1922.42382790284,857525.191263809,926.026560776638,1815.01205912221,NA,2023.32475016784,857541.981119749,926.035626269178,1815.02982748759
"121","SC",2000,"PWSI",913,126,NA,0.485870416,0.000925186,61.219672416,14.688252936,3.83252566018807,7.51175029396862,NA,3876.03915278651,3356393.26471993,0.190055742,0.000874628,NA,NA,736.663497203891,137312.628567402,370.55718663575,726.29208580607,NA,797.883169619891,137327.316820338,370.577005250377,726.330930290739
"122","SC",2001,"PWSI",1120,231,NA,0.518949451,0.001211849,119.877323181,64.665474489,8.04148459483695,15.7613098058804,NA,4754.83444810612,5050883.26373064,0.808294679,0.000640307,NA,NA,3843.30738393008,3317655.99179058,1821.44338143972,3570.02902762186,NA,3963.18470711108,3317720.65726507,1821.46113251562,3570.06381973061
"123","SC",2002,"PWSI",1080,158,NA,0.685969192,0.00123802,108.383132336,30.90593128,5.55931032413194,10.8962482352986,NA,4585.01893210233,4696548.34089239,0.583589943,0.001265691,NA,NA,2675.77093723952,1632089.62459617,1277.53263151912,2503.96395777748,NA,2784.15406957552,1632120.53052745,1277.54472740779,2503.98766571927
"124","SC",2003,"PWSI",1926,316,NA,0.686548413,0.000724578,216.949298508,72.353460768,8.50608375035186,16.6719241506897,NA,8176.61709558249,14936328.3207992,0.175889405,0.00038246,NA,NA,1438.18031585483,493369.127881176,702.40239740563,1376.70869891503,NA,1655.12961436283,493441.481341944,702.453899798374,1376.80964360481
"125","SC",2004,"PWSI",1703,269,NA,0.684837382,0.000729173,184.221255758,52.763687453,7.26386174517384,14.2371690205407,NA,7229.89559386136,11677787.8662476,0.333392858,0.000918356,NA,NA,2410.39555507905,1356723.54893095,1164.78476506647,2282.97813953028,NA,2594.61681083705,1356776.31261841,1164.80741439021,2283.02253220481
"126","SC",2005,"PWSI",2399,331,NA,0.70733318,0.001196607,234.12728258,131.101459527,11.4499545644077,22.441910946239,NA,10184.6855723273,23173507.9801545,0.481882129,0.000901342,NA,NA,4907.81796678866,5495510.73578025,2344.25057017808,4594.73111754904,NA,5141.94524936866,5495641.83723978,2344.27853235058,4594.78592340713
"127","SC",2006,"PWSI",974,243,93,NA,NA,93,0,0,0,NA,4135.00781469229,3819875.423392,0.265864839,0.000586128,NA,NA,1099.35318691691,282265.226853013,531.286388733057,1041.32132191679,NA,1192.35318691691,282265.226853013,531.286388733057,1041.32132191679
"128","SC",2007,"PWSI",2121,330,77,NA,NA,77,0,0,0,NA,9004.46773610096,18113927.4046815,0.153529343,0.000409962,NA,NA,1382.45001558828,467633.998223899,683.837698744299,1340.32188953883,NA,1459.45001558828,467633.998223899,683.837698744299,1340.32188953883
"129","SC",2008,"PWSI",1254,275,55,NA,NA,55,0,0,0,NA,5323.71642671882,6331787.90365804,0.185900606,0.000284477,NA,NA,989.682109899182,228684.364558264,478.209540429992,937.290699242784,NA,1044.68210989918,228684.364558264,478.209540429992,937.290699242784
"130","SC",2009,"PWSI",721,118,51,NA,NA,51,0,0,0,NA,3060.92467596831,2093157.05253587,0.255321721,0.000397767,NA,NA,781.520556119597,141010.565600767,375.51373556871,736.006921714671,NA,832.520556119597,141010.565600767,375.51373556871,736.006921714671
"131","SC",2010,"PWSI",749,161,70,NA,NA,70,0,0,0,NA,3179.79553717097,2258889.15962703,0.131728953,0.000245971,NA,NA,418.871136865604,42240.0711951479,205.52389446278,402.826833147048,NA,488.871136865604,42240.0711951479,205.52389446278,402.826833147048
"132","SC",2011,"PWSI",376,73,16,NA,NA,16,0,0,0,NA,1849.23851478918,1977358.22853037,0.146248313,0.000250722,NA,NA,270.448013122542,43646.0200101839,208.916299053434,409.475946144731,NA,286.448013122542,43646.0200101839,208.916299053434,409.475946144731
"133","SC",2012,"PWSI",895,213,43,NA,NA,43,0,0,0,NA,3391.79151624549,8025139.90987966,0.307450043,0.000470032,NA,NA,1042.80644751671,767760.032856769,876.219169418684,1717.38957206062,NA,1085.80644751671,767760.032856769,876.219169418684,1717.38957206062
"134","SC",2013,"PWSI",534,78,19,NA,NA,19,0,0,0,NA,2868.07121661721,7105054.96489599,0.15489729,0.000201391,NA,NA,444.256458981009,173560.297582874,416.605685970407,816.547144501998,NA,463.256458981009,173560.297582874,416.605685970407,816.547144501998
"135","SC",2014,"PWSI",714,190,27,NA,NA,27,0,0,0,NA,2887.67368421053,7498565.55502285,0.353377006,0.000462554,NA,NA,1020.43748083131,943711.257721159,971.44802111135,1904.03812137825,NA,1047.43748083131,943711.257721159,971.44802111135,1904.03812137825
"136","SC",2015,"PWSI",563,99,22,NA,NA,22,0,0,0,NA,3102.53114100648,6796012.90221313,0.424778201,0.000496629,NA,NA,1317.88759662321,1234404.41685399,1111.03754070418,2177.63357978019,NA,1339.88759662321,1234404.41685399,1111.03754070418,2177.63357978019
"137","SC",2016,"PWSI",901,181,81,NA,NA,81,0,0,0,NA,2899.70160167131,5851468.8366538,0.1476752,0.000998946,NA,NA,428.214013967131,141853.334255183,376.634218115113,738.203067505622,NA,509.214013967131,141853.334255183,376.634218115113,738.203067505622
"138","SC",2017,"PWSI",841,252,61,NA,NA,61,0,0,0,NA,2812.92110376992,4853912.43058098,0.266164838,0.00175965,NA,NA,748.700689891702,366333.679794253,605.255053505754,1186.29990487128,NA,809.700689891702,366333.679794253,605.255053505754,1186.29990487128
"139","SC",2018,"PWSI",723,359,72,NA,NA,72,0,0,0,NA,3495.81181959564,14276073.6687363,0.175655169,0.000595887,NA,NA,614.057415963271,456273.601513671,675.480274703615,1323.94133841908,NA,686.057415963271,456273.601513671,675.480274703615,1323.94133841908
"140","SC",2019,"PWSI",936,492,141,NA,NA,141,0,NA,0,NA,6636.27092511013,17989742.9391782,0.326779693,0.000696186,NA,NA,2168.59857557231,1964218.42224178,1401.50576960702,2746.95130842977,NA,2309.59857557231,1964218.42224178,1401.50576960702,2746.95130842977
"141","SC",2020,"PWSI",375,234,41,NA,NA,41,0,0,0,NA,2763.45933562428,3878494.50871839,0.267220084168069,0.000747379812157554,NA,NA,738.451836260557,285556.232265516,534.374617909119,1047.37425110187,NA,779.451836260557,285556.232265516,534.374617909119,1047.37425110187
"142","SC",2021,"PWSI",712,390,105,NA,NA,105,0,0,0,NA,2375.28830313015,2735926.70504548,0.256731430361759,0.000772552238972324,NA,NA,609.811163584157,186800.121647086,432.203796428358,847.119440999582,NA,714.811163584157,186800.121647086,432.203796428358,847.119440999582
"143","SC",2022,"PWSI",1299,531,169,NA,NA,169,0,0,0,NA,4033.09928688975,10075869.9906787,0.299622577368643,0.029240714296747,NA,NA,1208.40760312154,1674799.89143409,1294.14059956177,2536.51557514106,NA,1377.40760312154,1674799.89143409,1294.14059956177,2536.51557514106
"144","SC",1999,"PWSO",748,59,NA,0.911288047,0.000461955,53.765994773,1.608065355,1.26809516795862,2.48546652919889,NA,392.788175090064,125537.229387322,0.15778044,0.006011055,NA,NA,61.9742910925074,4807.21963959064,69.3341159862202,135.894867332992,NA,115.740285865507,4808.82770494564,69.3457115108472,135.91759456126
"145","SC",2000,"PWSO",1756,86,NA,0.875110985,0.000376868,75.25954471,2.787315728,1.66952559968393,3.27227017538051,NA,922.106999275605,691860.230053877,0.15778044,0.006011055,NA,NA,145.490448072785,26493.5278721596,162.768325764442,319.025918498307,NA,220.749992782785,26496.3151878876,162.7768877571,319.042700003916
"146","SC",2001,"PWSO",1756,94,NA,0.813602269,0.000551468,76.478613286,4.872771248,2.20743544594174,4.32657347404581,NA,922.106999275605,691860.230053877,0.348890796,0.004454235,NA,NA,321.714644974437,91085.6003649953,301.803910453452,591.535664488766,NA,398.193258260437,91090.4731362434,301.811983089213,591.551486854857
"147","SC",2002,"PWSO",1719,176,NA,0.884273948,0.000361603,155.632214848,11.201014528,3.34679167681528,6.55971168655794,NA,902.677637673557,663011.554676266,0.15778044,0.006011055,NA,NA,142.424874850294,25388.8203720159,159.338697032503,312.303846183707,NA,298.057089698294,25400.0213865439,159.373841600634,312.372729537242
"148","SC",2003,"PWSO",1548,176,NA,0.847547535,0.000450212,149.16836616,13.945766912,3.73440315338342,7.31943018063149,NA,812.882479999224,537664.368672532,0.070760807,0.001095895,NA,NA,57.5202202809064,4005.50177429028,63.28903360212,124.046505860155,NA,206.688586440906,4019.44754120228,63.3991130947609,124.262261665731
"149","SC",2004,"PWSO",1830,168,NA,0.870924492,0.000366173,146.315314656,10.334866752,3.21478875697922,6.30098596367927,NA,960.965722479702,751400.575322431,0.076303003,0.001305201,NA,NA,73.3245704052659,6560.78888540416,80.9986968129991,158.757445753478,NA,219.639885061266,6571.12375215616,81.0624682091297,158.882437689894
"150","SC",2005,"PWSO",1432,103,NA,0.718188844,0.001964987,73.973450932,20.846547083,4.56580191017963,8.94897174395208,NA,751.968805787396,460103.333443813,0.077582278,0.001233849,NA,NA,58.3394529379258,4034.75319705013,63.5197071549462,124.498626023695,NA,132.312903869926,4055.59974413313,63.6835908545767,124.81983807497
"151","SC",2006,"PWSO",1336,213,166,NA,NA,166,0,0,0,NA,701.557489198296,400481.31663851,0.15778044,0.006011055,NA,NA,110.692049331002,15335.7028829584,123.837405023516,242.721313846092,NA,276.692049331002,15335.7028829584,123.837405023516,242.721313846092
"152","SC",2007,"PWSO",925,247,217,NA,NA,217,0,0,0,NA,485.734040051216,191978.595138778,0.15778044,0.006011055,NA,NA,76.6393305622584,7351.47077433717,85.7407182984675,168.051807864996,NA,293.639330562258,7351.47077433717,85.7407182984675,168.051807864996
"153","SC",2008,"PWSO",962,225,191,NA,NA,191,0,0,0,NA,505.163401653264,207644.048502103,0.15778044,0.006011055,NA,NA,79.7049037847488,7951.35078952308,89.1703470304062,174.773880179596,NA,270.704903784749,7951.35078952308,89.1703470304062,174.773880179596
"154","SC",2009,"PWSO",1119,232,200,NA,NA,200,0,0,0,NA,587.606908991687,280950.310787515,0.193636339,0.001577185,NA,NA,113.782050628256,11521.9248489808,107.340229406224,210.386849636199,NA,313.782050628256,11521.9248489808,107.340229406224,210.386849636199
"155","SC",2010,"PWSO",810,320,257,NA,NA,257,0,0,0,NA,425.345483720524,147210.701265803,0.119165236,0.001029067,NA,NA,50.6863949490904,2428.11121411308,49.2758684764975,96.5807022139351,NA,307.68639494909,2428.11121411308,49.2758684764975,96.5807022139351
"156","SC",2011,"PWSO",594,185,115,NA,NA,115,0,0,0,NA,725.362878455463,641484.026367597,0.119794738,0.000764087,NA,NA,86.894655979498,10097.9706341748,100.48865923165,196.957772094035,NA,201.894655979498,10097.9706341748,100.48865923165,196.957772094035
"157","SC",2012,"PWSO",621,119,74,NA,NA,74,0,0,0,NA,210.936393442623,52355.2625630312,0.20699562,0.000586244,NA,NA,43.6629095412197,2300.05310382261,47.9588688755543,93.9993829960865,NA,117.66290954122,2300.05310382261,47.9588688755543,93.9993829960865
"158","SC",2013,"PWSO",604,184,89,NA,NA,89,0,0,0,NA,774.186226964112,1012819.94475999,0.083464936,0.000234658,NA,NA,64.6174038856411,7434.01628129917,86.2207415956229,168.992653527421,NA,153.617403885641,7434.01628129917,86.2207415956229,168.992653527421
"159","SC",2014,"PWSO",794,306,222,NA,NA,222,0,0,0,NA,498.33045622688,389455.655174838,0.173590098,0.000537291,NA,NA,86.5052327328089,12078.3488366048,109.901541556999,215.407021451718,NA,308.505232732809,12078.3488366048,109.901541556999,215.407021451718
"160","SC",2015,"PWSO",736,186,127,NA,NA,127,0,0,0,NA,196.130464954892,74505.0834467905,0.147708798,0.000629455,NA,NA,28.9701952296683,1696.65458411765,41.1904671510005,80.7333156159609,NA,155.970195229668,1696.65458411765,41.1904671510005,80.7333156159609
"161","SC",2016,"PWSO",1017,272,188,NA,NA,188,0,0,0,NA,262.797435897436,105363.492228585,0.222738267,0.000779847,NA,NA,58.5350454438385,5363.35451574244,73.2349268842568,143.540456693143,NA,246.535045443838,5363.35451574244,73.2349268842568,143.540456693143
"162","SC",2017,"PWSO",669,271,178,NA,NA,178,0,0,0,NA,403.408673894912,436676.901026332,0.160157686,0.000967678,NA,NA,64.6089997233378,11781.0151837391,108.540385035889,212.739154670343,NA,242.608999723338,11781.0151837391,108.540385035889,212.739154670343
"163","SC",2018,"PWSO",1046,500,355,NA,NA,355,0,0,0,NA,281.24095139607,349345.971691032,0.208137559,0.001471574,NA,NA,58.5368051144157,15764.586655385,125.557105156917,246.091926107557,NA,413.536805114416,15764.586655385,125.557105156917,246.091926107557
"164","SC",2019,"PWSO",1837,1148,992,NA,NA,992,0,NA,0,NA,729.573826458037,635636.56754389,0.153464304,0.000530257,NA,NA,111.963539493999,15589.3576488949,124.857349198575,244.720404429207,NA,1103.963539494,15589.3576488949,124.857349198575,244.720404429207
"165","SC",2020,"PWSO",854,402,268,NA,NA,268,0,0,0,NA,412.656330749354,185736.582909414,0.139739984793236,0.000686929836818412,NA,NA,57.6645893837473,3871.48918593853,62.2212920625932,121.953732442683,NA,325.664589383747,3871.48918593853,62.2212920625932,121.953732442683
"166","SC",2021,"PWSO",734,374,241,NA,NA,241,0,0,0,NA,373.930907415937,97169.5458502767,0.263007207321455,0.00239301748417808,NA,NA,98.3465236906432,7288.61916972582,85.3734102032115,167.331883998295,NA,339.346523690643,7288.61916972582,85.3734102032115,167.331883998295
"167","SC",2022,"PWSO",664,327,211,NA,NA,211,0,0,0,NA,532.986547085202,699616.513184121,0.157492697622305,0.00558397214086916,NA,NA,83.9414890968461,22846.1569780962,151.14945245715,296.252926816014,NA,294.941489096846,22846.1569780962,151.14945245715,296.252926816014
"168","SC",1999,"SKMA",128,0,0,NA,NA,0,0,0,0,NA,48.2854561531142,4812.3518198527,NA,NA,0.017498546,0.00025618,0.844925275626251,3.30364604161324,1.81759347534404,3.56248321167432,NA,0.844925275626251,3.30364604161324,1.81759347534404,3.56248321167432
"169","SC",2000,"SKMA",101,25,NA,0.485054522,0.175403851,12.12636305,109.627406875,10.4703107344052,20.5218090394341,NA,38.1002427458166,2996.264704243,NA,NA,0.017498546,0.00025618,0.666698850298839,2.05691487246684,1.43419485163866,2.81102190921177,NA,12.7930619002988,111.684321747467,10.5680803246127,20.713437436241
"170","SC",2001,"SKMA",43,24,NA,0.485054522,0.175403851,11.641308528,101.032618176,10.051498305029,19.7009366778568,NA,16.2208954264368,543.093171075905,NA,NA,0.017498546,0.00025618,0.283842084780694,0.372829683285088,0.610597808123389,1.19677170392184,NA,11.9251506127807,101.405447859285,10.0700272025097,19.737253316919
"171","SC",2002,"SKMA",62,0,0,NA,NA,0,0,0,0,NA,23.3882678241647,1129.06984835899,NA,NA,0.017498546,0.00025618,0.409260680381465,0.77509859521248,0.880396839619771,1.72557780565475,NA,0.409260680381465,0.77509859521248,0.880396839619771,1.72557780565475
"172","SC",2003,"SKMA",137,0,0,NA,NA,0,0,0,0,NA,51.68052728888,5512.88032878511,NA,NA,0.017498546,0.00025618,0.904334084068722,3.78455398895501,1.94539301657917,3.81297031249518,NA,0.904334084068722,3.78455398895501,1.94539301657917,3.81297031249518
"173","SC",2004,"SKMA",26,1,NA,0.485054522,0.175403851,0.485054522,0.175403851,0.418812429376207,0.820872361577365,NA,9.80798328110131,198.556508192164,NA,NA,0.017498546,0.00025618,0.171625446611582,0.136307661384921,0.369198674679259,0.723629402371347,NA,0.656679968611582,0.311711512384921,0.55831130418873,1.09429015620991
"174","SC",2005,"SKMA",112,4,NA,0.485054522,0.175403851,1.940218088,2.806461616,1.67524971750483,3.28348944630946,NA,42.2497741339749,3684.45686207472,NA,NA,0.017498546,0.00025618,0.73930961617297,2.52935400061013,1.59039429092604,3.11717281021503,NA,2.67952770417297,5.33581561661013,2.30993844433356,4.52747935089377
"175","SC",2006,"SKMA",80,3,1,NA,NA,1,0,0,0,NA,30.1784100956963,1879.82492962996,NA,NA,0.017498546,0.00025618,0.528078297266407,1.29048673500517,1.13599592209003,2.22655200729645,NA,1.52807829726641,1.29048673500517,1.13599592209003,2.22655200729645
"176","SC",2007,"SKMA",474,19,2,NA,NA,2,0,0,0,NA,178.807079817001,65992.4290452407,NA,NA,0.017498546,0.00025618,3.12886391130346,45.3033433865659,6.73077583838341,13.1923206432315,NA,5.12886391130346,45.3033433865659,6.73077583838341,13.1923206432315
"177","SC",2008,"SKMA",822,17,0,NA,NA,0,0,0,0,NA,310.08316373328,198463.691836264,NA,NA,0.017498546,0.00025618,5.42600450441233,136.24394360238,11.672358099475,22.8778218749711,NA,5.42600450441233,136.24394360238,11.672358099475,22.8778218749711
"178","SC",2009,"SKMA",338,3,3,NA,NA,3,0,0,0,NA,127.503782654317,33556.0498844758,NA,NA,0.017498546,0.00025618,2.23113080595057,23.0359947740517,4.79958277083036,9.40718223082751,NA,5.23113080595057,23.0359947740517,4.79958277083036,9.40718223082751
"179","SC",2010,"SKMA",191,81,0,NA,NA,0,0,0,0,NA,72.050954103475,10715.295821536,NA,NA,0.017498546,0.00025618,1.26078693472355,7.35597602808182,2.71219026398994,5.31589291742028,NA,1.26078693472355,7.35597602808182,2.71219026398994,5.31589291742028
"180","SC",2011,"SKMA",231,11,2,NA,NA,2,0,0,0,NA,0,3965.19540414976,NA,NA,0.017498546,0.00025618,0,2.22994307074471,1.49329939086063,2.92686680608683,NA,2,2.22994307074471,1.49329939086063,2.92686680608683
"181","SC",2012,"SKMA",134,16,4,NA,NA,4,0,0,0,NA,93.4117647058824,7580.02250807569,NA,NA,0.017498546,0.00025618,1.63457006164706,6.49821095737759,2.54915887252591,4.99635139015079,NA,5.63457006164706,6.49821095737759,2.54915887252591,4.99635139015079
"182","SC",2013,"SKMA",201,10,7,NA,NA,7,0,0,0,NA,38.7328467153285,5877.78629489825,NA,NA,0.017498546,0.00025618,0.677768499959124,3.68987403389236,1.92090448328186,3.76497278723245,NA,7.67776849995912,3.68987403389236,1.92090448328186,3.76497278723245
"183","SC",2014,"SKMA",237,51,12,NA,NA,12,0,0,0,NA,443.778523489933,384758.1476232,NA,NA,0.017498546,0.00025618,7.76547890710067,266.831875272223,16.3349892951365,32.0165790184675,NA,19.7654789071007,266.831875272223,16.3349892951365,32.0165790184675
"184","SC",2015,"SKMA",31,2,1,NA,NA,1,0,0,0,NA,4.89603174603175,609.531039332679,NA,NA,0.017498546,0.00025618,0.0856734367253968,0.348928447984427,0.590701657340173,1.15777524838674,NA,1.0856734367254,0.348928447984427,0.590701657340173,1.15777524838674
"185","SC",2016,"SKMA",470,11,11,NA,NA,11,0,0,0,NA,345.072933549433,341791.03987791,NA,NA,0.017498546,0.00025618,6.03827460106969,222.720859438317,14.9238352791204,29.2507171470759,NA,17.0382746010697,222.720859438317,14.9238352791204,29.2507171470759
"186","SC",2017,"SKMA",205,2,2,NA,NA,2,0,0,0,NA,222.514563106796,243050.235066579,NA,NA,0.017498546,0.00025618,3.89368131819417,149.370546770833,12.2217243779605,23.9545797808025,NA,5.89368131819417,149.370546770833,12.2217243779605,23.9545797808025
"187","SC",2018,"SKMA",160,2,2,NA,NA,2,0,0,0,NA,38.7113402061856,2859.62632701412,NA,NA,0.017498546,0.00025618,0.677392167319587,1.99209722928236,1.41141674543076,2.76637682104429,NA,2.67739216731959,1.99209722928236,1.41141674543076,2.76637682104429
"188","SC",2019,"SKMA",31,8,8,NA,NA,8,0,NA,NA,NA,20.0874439461883,4633.07917814272,NA,NA,0.03468183,0.004664246,0.696669316076233,29.0646730259178,5.39116620277262,10.5666857574343,NA,8.69666931607623,29.0646730259178,5.39116620277262,10.5666857574343
"189","SC",2020,"SKMA",43,0,0,NA,NA,0,0,0,0,NA,7.6833855799373,319.699150539687,NA,NA,0.0269747566343774,0.0043973707606464,0.207257456146893,1.89805699185726,1.37769989179693,2.70029178792198,NA,0.207257456146893,1.89805699185726,1.37769989179693,2.70029178792198
"190","SC",2021,"SKMA",103,7,6,NA,NA,6,0,0,0,NA,12.6618932490236,338.526121866015,NA,NA,0.0286209498212242,0.00413266718225951,0.362395411322002,2.33888627030987,1.52934177681441,2.99750988255625,NA,6.362395411322,2.33888627030987,1.52934177681441,2.99750988255625
"191","SC",1999,"WKMA",315,93,NA,0.495177052,0.03909323,46.051465836,338.11734627,18.3879674317201,36.0404161661714,NA,118.827489751804,29144.6294753957,NA,NA,0.060257838,0.001121901,7.16028762741089,154.362954835668,12.4242889066404,24.3516062570152,NA,53.2117534634109,492.480301105668,22.1918971948247,43.4961185018564
"192","SC",2000,"WKMA",436,151,NA,0.495177052,0.03909323,74.771734852,891.36473723,29.8557320665563,58.5172348504504,NA,164.472335021545,55835.4999723339,NA,NA,0.060257838,0.001121901,9.91074731920999,295.729707860329,17.1967935342705,33.7057153271702,NA,84.68248217121,1187.09444509033,34.4542369686274,67.5303044585096
"193","SC",2001,"WKMA",432,162,NA,0.495177052,0.03909323,80.218682424,1025.96272812,32.030652945577,62.7800797733309,NA,162.96341451676,54815.6949480096,NA,NA,0.060257838,0.001121901,9.81982303187779,290.328365666432,17.0390247862497,33.3964885810494,NA,90.0385054558778,1316.29109378643,36.280726202578,71.1102233570529
"194","SC",2002,"WKMA",411,111,NA,0.495177052,0.03909323,54.964652772,481.66768683,21.9469288701176,43.0159805854304,NA,155.04158186664,49615.922959066,NA,NA,0.060257838,0.001121901,9.34247052338373,262.788054359243,16.2107388591403,31.7730481639151,NA,64.3071232953837,744.455741189243,27.2847162563447,53.4780438624357
"195","SC",2003,"WKMA",649,54,NA,0.495177052,0.03909323,26.739560808,113.99585868,10.6768843151923,20.926693257777,NA,244.822351901337,123716.271903917,NA,NA,0.060257838,0.001121901,14.7524656196497,655.256547641604,25.5979793663798,50.1720395581043,NA,41.4920264276497,769.252406321604,27.7353998767208,54.3613837583728
"196","SC",2004,"WKMA",318,60,NA,0.495177052,0.03909323,29.71062312,140.735628,11.8632047946581,23.25188139753,NA,119.959180130393,29702.4087787344,NA,NA,0.060257838,0.001121901,7.22848084291004,157.317202769484,12.542615467656,24.5835263166058,NA,36.93910396291,298.052830769484,17.2642066359704,33.837845006502
"197","SC",2005,"WKMA",421,34,NA,0.495177052,0.03909323,16.836019768,45.19177388,6.72248271697295,13.176066125267,NA,158.813883128602,52059.6953675849,NA,NA,0.060257838,0.001121901,9.56978124171423,275.731362842314,16.6051607291924,32.5461150292171,NA,26.4058010097142,320.923136722314,17.9143276938409,35.1120822799281
"198","SC",2006,"WKMA",547,32,19,NA,NA,19,0,0,0,NA,206.344879029324,87884.4589640079,NA,NA,0.060257838,0.001121901,12.4338962926786,465.47528700857,21.5748762918486,42.2867575320232,NA,31.4338962926786,465.47528700857,21.5748762918486,42.2867575320232
"199","SC",2007,"WKMA",396,47,23,NA,NA,23,0,0,0,NA,149.383129973697,46060.4103382581,NA,NA,0.060257838,0.001121901,9.00150444588797,243.956473928043,15.6191060540622,30.613447865962,NA,32.001504445888,243.956473928043,15.6191060540622,30.613447865962
"200","SC",2008,"WKMA",575,85,6,NA,NA,6,0,0,0,NA,216.907322562817,97112.0495873289,NA,NA,0.060257838,0.001121901,13.070366304004,514.34872202109,22.6792575279944,44.451344754869,NA,19.070366304004,514.34872202109,22.6792575279944,44.451344754869
"201","SC",2009,"WKMA",695,67,20,NA,NA,20,0,0,0,NA,262.174937706362,141875.380724142,NA,NA,0.060257838,0.001121901,15.79809492397,751.435286061965,27.4123199686193,53.7281471384939,NA,35.79809492397,751.435286061965,27.4123199686193,53.7281471384939
"202","SC",2010,"WKMA",527,80,28,NA,NA,28,0,0,0,NA,198.8002765054,81575.2965439373,NA,NA,0.060257838,0.001121901,11.9792748560176,432.059149242179,20.7860325517444,40.7406238014191,NA,39.9792748560176,432.059149242179,20.7860325517444,40.7406238014191
"203","SC",2011,"WKMA",399,78,28,NA,NA,28,0,0,0,NA,0,11830.045792546,NA,NA,0.060257838,0.001121901,0,56.227119766097,7.49847449592896,14.6970100120208,NA,28,56.227119766097,7.49847449592896,14.6970100120208
"204","SC",2012,"WKMA",630,109,74,NA,NA,74,0,0,0,NA,439.174714661984,167549.060673605,NA,NA,0.060257838,0.001121901,26.4637188097981,1012.73129353245,31.8234393730856,62.3739411712478,NA,100.463718809798,1012.73129353245,31.8234393730856,62.3739411712478
"205","SC",2013,"WKMA",951,81,56,NA,NA,56,0,0,0,NA,183.258394160584,131577.827353092,NA,NA,0.060257838,0.001121901,11.0427546274686,663.054831781131,25.7498511021157,50.4697081601468,NA,67.0427546274686,663.054831781131,25.7498511021157,50.4697081601468
"206","SC",2014,"WKMA",1124,227,131,NA,NA,131,0,0,0,NA,2104.6711409396,8654136.79274347,NA,NA,0.060257838,0.001121901,126.822932654013,46101.9345769352,214.713610600109,420.838676776213,NA,257.822932654013,46101.9345769352,214.713610600109,420.838676776213
"207","SC",2015,"WKMA",969,119,56,NA,NA,56,0,0,0,NA,153.040476190476,595552.418546151,NA,NA,0.060257838,0.001121901,9.22188822172858,2856.88235650034,53.449811566556,104.76163067045,NA,65.2218882217286,2856.88235650034,53.449811566556,104.76163067045
"208","SC",2016,"WKMA",1927,230,180,NA,NA,180,0,0,0,NA,1506.63587628866,4454979.57695473,NA,NA,0.060257838,0.001121901,90.7866205583901,23720.7692927577,154.015483938329,301.870348519125,NA,270.78662055839,23720.7692927577,154.015483938329,301.870348519125
"209","SC",2017,"WKMA",1190,94,48,NA,NA,48,0,0,0,NA,1291.66990291262,8189968.77757961,NA,NA,0.060257838,0.001121901,77.8332357591845,40797.9605780982,201.985050382691,395.890698750074,NA,125.833235759184,40797.9605780982,201.985050382691,395.890698750074
"210","SC",2018,"WKMA",1996,154,87,NA,NA,87,0,0,0,NA,482.923969072165,445031.134408026,NA,NA,0.060257838,0.001121901,29.0999542946675,2376.8368268438,48.7528135274653,95.5555145138319,NA,116.099954294668,2376.8368268438,48.7528135274653,95.5555145138319
"211","SC",2019,"WKMA",1190,94,48,NA,NA,48,0,NA,NA,NA,2986.52638610554,17108577.5232715,NA,NA,0.058834859,0.00106069,175.711858826299,86829.5879629003,NA,NA,NA,223.711858826299,86829.5879629003,294.668607019649,577.550469758512
"212","SC",2020,"WKMA",1426,79,52,NA,NA,52,0,0,0,NA,254.802507836991,351595.754376875,NA,NA,0.0573435775336305,0.00101613201079174,14.611287363914,1579.38673479625,39.7414988997176,77.8933378434464,NA,66.611287363914,1579.38673479625,39.7414988997176,77.8933378434464
"213","SC",2021,"WKMA",3063,245,145,NA,NA,145,0,0,0,NA,376.53766040543,299372.380152434,NA,NA,0.0567183045580855,0.000951331655780041,21.3565777004642,1382.75359411948,37.1853949033687,72.8833740106026,NA,166.356577700464,1382.75359411948,37.1853949033687,72.8833740106026
"214","SC",2022,"WKMA",2391,412,263,NA,NA,263,0,0,0,NA,0,703617.055087695,NA,NA,NA,NA,NA,NA,0,0,NA,NA,NA,NA,NA
"215","SC",2022,"BSAI",NA,NA,NA,NA,NA,NA,0,0,0,NA,NA,NA,NA,NA,NA,NA,NA,NA,0,0,NA,NA,NA,NA,NA
"216","SC",2022,"NORTHEAST",592,31,13,NA,NA,13,0,0,0,NA,549.263565891473,203471.671113316,NA,NA,NA,NA,NA,NA,0,0,NA,NA,NA,NA,NA
"217","SC",2022,"SOKO2SAP",NA,NA,NA,NA,NA,NA,0,0,0,NA,NA,NA,NA,NA,NA,NA,NA,NA,0,0,NA,NA,NA,NA,NA
"218","SE",1999,"CSEO",8490,1378,NA,0.471609239,0.024346363,649.877531342,46230.919158892,215.013765045152,421.426979488499,NA,4688.87797836018,7342918.28710001,0.143502775,0.00171893,NA,NA,672.867001531076,201626.687118993,449.028603898452,880.096063640966,NA,1322.74453287308,247857.606277885,497.85299665452,975.791873442858
"219","SE",2000,"CSEO",6035,1145,NA,0.471609239,0.024346363,539.992578655,31918.690552075,178.658026833599,350.169732593854,NA,3333.02457001221,3710290.0674539,0.143502775,0.00171893,NA,NA,478.298274939934,101879.58864604,319.185821499076,625.60421013819,NA,1018.29085359493,133798.279198115,365.784470963593,716.937563088641
"220","SE",2001,"CSEO",5594,1090,NA,0.471609239,0.024346363,514.05407051,28925.9138803,170.076200217138,333.34935242559,NA,3089.46801071223,3187852.64892282,0.143502775,0.00171893,NA,NA,443.347232810935,87534.1578776661,295.861720872549,579.888972910196,NA,957.401303320935,116460.071757966,341.262467549489,668.874436396999
"221","SE",2002,"CSEO",6354,1316,NA,0.471609239,0.024346363,620.637758524,42164.394839728,205.339705950233,402.465823662456,NA,3509.20267073034,4112896.0748843,0.143502775,0.00171893,NA,NA,503.580321287215,112934.609595273,336.057449843435,658.672601693133,NA,1124.21807981121,155099.004435001,393.826109387127,771.899174398768
"222","SE",2003,"CSEO",8201,1549,NA,0.471609239,0.024346363,730.522711211,58416.687728563,241.695444161786,473.7230705571,NA,4529.26835106382,6851520.13978104,0.143502775,0.00171893,NA,NA,649.962577097332,188133.553105178,433.743649066102,850.13755216956,NA,1380.48528830833,246550.240833741,496.538257170322,973.214984053831
"223","SE",2004,"CSEO",7046,1205,NA,0.471609239,0.024346363,568.289132995,35351.527735075,188.020019506102,368.51923823196,NA,3891.38212432577,5057531.45542096,0.143502775,0.00171893,NA,NA,558.424133426143,138873.030106857,372.656718853768,730.407168953386,NA,1126.71326642114,174224.557841932,417.402153614391,818.108221084206
"224","SE",2005,"CSEO",8114,1735,NA,0.471609239,0.024346363,818.242029665,73288.030561675,270.717621446545,530.606538035229,NA,4481.21977814069,6706923.01892104,0.143502775,0.00171893,NA,NA,643.067473548074,184163.110114253,429.142295881277,841.118899927303,NA,1461.30950321307,257451.140675928,507.396433448175,994.497009558423
"225","SE",2006,"CSEO",5240,1185,677,NA,NA,677,0,0,0,NA,2893.96002433538,2797150.85245272,0.175675676,0.000280104,NA,NA,508.398383592094,89454.875994106,299.090080066367,586.21655693008,NA,1185.39838359209,89454.875994106,299.090080066367,586.21655693008
"226","SE",2007,"CSEO",5145,1070,678,NA,NA,678,0,0,0,NA,2841.49319183311,2696646.83526773,0.188202247,0.000430372,NA,NA,534.775403538194,100150.882993697,316.466243055555,620.273836388887,NA,1212.77540353819,100150.882993697,316.466243055555,620.273836388887
"227","SE",2008,"CSEO",4496,1119,561,NA,NA,561,0,0,0,NA,2483.06188347554,2059235.04187886,0.108365019,0.000184042,NA,NA,269.077048181003,25695.26485341,160.297426222039,314.182955395196,NA,830.077048181003,25695.26485341,160.297426222039,314.182955395196
"228","SE",2009,"CSEO",2028,472,367,NA,NA,367,0,0,0,NA,1120.02880331148,418976.06752061,0.1,0.000231362,NA,NA,112.002880331148,4576.93123647327,67.653020896877,132.599920957879,NA,479.002880331148,4576.93123647327,67.653020896877,132.599920957879
"229","SE",2010,"CSEO",2413,888,659,NA,NA,659,0,0,0,NA,1332.65754555749,593154.676367009,0.100110011,9.92e-05,NA,NA,133.412361544994,6179.6224264593,78.6105745206031,154.076726060382,NA,792.412361544994,6179.6224264593,78.6105745206031,154.076726060382
"230","SE",2011,"CSEO",3363,1058,647,NA,NA,647,0,0,0,NA,1640.24034593725,1713584.96833279,0.175070028,0.000202553,NA,NA,287.156923289964,53412.5856994782,231.111630385574,452.978795555725,NA,934.156923289964,53412.5856994782,231.111630385574,452.978795555725
"231","SE",2012,"CSEO",3615,1875,1123,NA,NA,1123,0,0,0,NA,1878.69473901666,984669.711349431,0.144992526,0.000185583,NA,NA,272.396695792937,21538.2985335573,146.759321794417,287.648270717058,NA,1395.39669579294,21538.2985335573,146.759321794417,287.648270717058
"232","SE",2013,"CSEO",3645,1501,1053,NA,NA,1053,0,0,0,NA,1123.55561704483,578647.089839533,0.09912854,9.74e-05,NA,NA,111.376427926453,5865.37255724956,76.585720322065,150.108011831247,NA,1164.37642792645,5865.37255724956,76.585720322065,150.108011831247
"233","SE",2014,"CSEO",2622,1114,737,NA,NA,737,0,0,0,NA,3265.00607952678,5538426.38296565,0.094339623,8.07e-05,NA,NA,308.019442635265,50599.032386164,224.942286789665,440.886882107744,NA,1045.01944263526,50599.032386164,224.942286789665,440.886882107744
"234","SE",2015,"CSEO",3178,1555,908,NA,NA,908,0,0,0,NA,1201.02672548002,773658.924890229,0.121836926,0.000100368,NA,NA,146.329404276332,11706.8040258288,108.197985313169,212.068051213812,NA,1054.32940427633,11706.8040258288,108.197985313169,212.068051213812
"235","SE",2016,"CSEO",3587,1935,926,NA,NA,926,0,0,0,NA,3568.6110221083,3499836.0048138,0.123720137,9.26e-05,NA,NA,441.509044554949,55074.1872174882,234.678902369787,459.970648644783,NA,1367.50904455495,55074.1872174882,234.678902369787,459.970648644783
"236","SE",2017,"CSEO",5317,3316,1623,NA,NA,1623,0,0,0,NA,2561.43215258856,4371531.43065873,0.208115183,0.000215994,NA,NA,533.072921178051,191700.8077567,437.836508021772,858.159555722674,NA,2156.07292117805,191700.8077567,437.836508021772,858.159555722674
"237","SE",2018,"CSEO",5432,3527,1460,NA,NA,1460,0,0,0,NA,2198.90431095406,1795545.67996348,0.17302799,0.000182279,NA,NA,380.471993126717,54964.9191732632,234.445983487163,459.51412763484,NA,1840.47199312672,54964.9191732632,234.445983487163,459.51412763484
"238","SE",2019,"CSEO",6082,3802,1696,NA,NA,1696,0,NA,NA,NA,4129.68202895808,6461933.03596563,0.189261744966443,0.000206238893627285,NA,NA,781.590826957166,236316.450191329,486.123904155441,952.802852144665,NA,2477.59082695717,236316.450191329,486.123904155441,952.802852144665
"239","SE",2020,"CSEO",4441,3314,1724,NA,NA,1724,0,0,0,NA,9569.96347607053,31121567.4321015,0.142988975036369,0.00166509342588953,NA,NA,1368.39926857881,840623.373779222,916.855154197882,1797.03610222785,NA,3092.39926857881,840623.373779222,916.855154197882,1797.03610222785
"240","SE",2021,"CSEO",9236,7145,3073,NA,NA,3073,0,0,0,NA,6688.93731496975,13073339.323194,0.142988975036369,0.00166509342588953,NA,NA,956.444290750047,363563.240958775,602.962055985926,1181.80562973241,NA,4029.44429075005,363563.240958775,602.962055985926,1181.80562973241
"241","SE",2022,"CSEO",8456,6297,2234,NA,NA,2234,0,0,0,NA,4576.01401050789,8866090.49409056,0.142988975036369,0.00155050119389617,NA,NA,654.319553114588,227488.959966537,476.958027468389,934.837733838043,NA,2888.31955311459,227488.959966537,476.958027468389,934.837733838043
"242","SE",1999,"EWYKT",195,8,NA,0.191657478,0.0019487,1.533259824,0.1247168,0.353152658208883,0.69217921008941,NA,132.913639096949,32040.4152704687,0.015299545,0.000235537,NA,NA,2.03351820247754,19.2076030038253,4.38264794431692,8.58998997086116,NA,3.56677802647754,19.3323198038253,4.39685339803652,8.61783266015159
"243","SE",2000,"EWYKT",361,22,NA,0.191657478,0.0019487,4.216464516,0.9431708,0.971169810074428,1.90349282774588,NA,246.060634430763,109810.360511841,0.015299545,0.000235537,NA,NA,3.76461574920201,65.8291658398822,8.11351747640209,15.9024942537481,NA,7.98108026520201,66.7723366398822,8.17143418500585,16.0160110026115
"244","SE",2001,"EWYKT",631,53,NA,0.191657478,0.0019487,10.157846334,5.4738983,2.33963636063385,4.58568726684234,NA,430.094903949616,335496.220499805,0.015299545,0.000235537,NA,NA,6.58025633724783,201.123429838425,14.1817992454563,27.7963265210943,NA,16.7381026712478,206.597328138425,14.3734939433119,28.1720481288914
"245","SE",2002,"EWYKT",810,41,NA,0.191657478,0.0019487,7.857956598,3.2757647,1.80990737332052,3.54741845170823,NA,552.102808556559,552839.354607614,0.015299545,0.000235537,NA,NA,8.44692176413747,331.41639265772,18.2048453071626,35.6814968020387,NA,16.3048783621375,334.69215735772,18.2945936647338,35.8574035828783
"246","SE",2003,"EWYKT",789,136,NA,0.191657478,0.0019487,26.065417008,36.0431552,6.00359518955101,11.76704657152,NA,537.789032038426,524545.203276461,0.015299545,0.000235537,NA,NA,8.22792749617834,314.454601697419,17.7328678362362,34.7564209590229,NA,34.2933445041783,350.497756897419,18.7215853200902,36.6943072273769
"247","SE",2004,"EWYKT",769,63,NA,0.191657478,0.0019487,12.074421114,7.7343903,2.78107718339495,5.45091127945411,NA,524.156863925919,498289.336351338,0.015299545,0.000235537,NA,NA,8.01936152669347,298.714722418018,17.2833654829729,33.8753963466268,NA,20.0937826406935,306.449112718018,17.5056880104159,34.3111485004151
"248","SE",2005,"EWYKT",686,37,NA,0.191657478,0.0019487,7.091326686,2.6677703,1.63333104421608,3.20132884666352,NA,467.583366259012,396530.999727061,0.015299545,0.000235537,NA,NA,7.15381275333124,237.712587592063,15.4179307169303,30.2191442051834,NA,14.2451394393312,240.380357892063,15.5042045230338,30.3882408651463
"249","SE",2006,"EWYKT",448,26,9,NA,NA,9,0,0,0,NA,305.360565720171,169116.094844028,0,0,NA,NA,0,0,0,0,NA,9,0,0,0
"250","SE",2007,"EWYKT",293,23,7,NA,NA,7,0,0,0,NA,199.711262848237,72337.6097450222,0.006369427,4.06e-05,NA,NA,1.27204630978966,7.4909291637059,2.73695618593099,5.36443412442474,NA,8.27204630978966,7.4909291637059,2.73695618593099,5.36443412442474
"251","SE",2008,"EWYKT",64,26,12,NA,NA,12,0,0,0,NA,43.6229379600244,3451.34887436791,0.044776119,0.000648049,NA,NA,1.95326586122767,10.3894672080654,3.22326964557193,6.31760850532098,NA,13.9532658612277,10.3894672080654,3.22326964557193,6.31760850532098
"252","SE",2009,"EWYKT",124,5,1,NA,NA,1,0,0,0,NA,84.5194422975474,12956.0401104202,0.015625,8.05e-05,NA,NA,1.32061628589918,4.78111161713809,2.18657531705132,4.28568762142059,NA,2.32061628589918,4.78111161713809,2.18657531705132,4.28568762142059
"253","SE",2010,"EWYKT",116,21,10,NA,NA,10,0,0,0,NA,79.0665750525443,11338.2203255602,0.014925373,7.35e-05,NA,NA,1.18009812449172,3.8186247526807,1.95413017802824,3.83009514893536,NA,11.1800981244917,3.8186247526807,1.95413017802824,3.83009514893536
"254","SE",2011,"EWYKT",79,25,16,NA,NA,16,0,0,0,NA,14.4833333333333,4560.09253336561,0.018115942,6.47e-05,NA,NA,0.262379226633333,1.80517461323076,1.34356786699845,2.63339301931696,NA,16.2623792266333,1.80517461323076,1.34356786699845,2.63339301931696
"255","SE",2012,"EWYKT",61,18,9,NA,NA,9,0,0,0,NA,24.4632124352332,1532.2908081916,0.022222222,0.000162152,NA,NA,0.543626937568912,1.10219048661764,1.04985260232932,2.05771110056546,NA,9.54362693756891,1.10219048661764,1.04985260232932,2.05771110056546
"256","SE",2013,"EWYKT",88,25,13,NA,NA,13,0,0,0,NA,120.121673003802,343213.550012279,0.015299545,0.000235537,NA,NA,1.83780694159696,164.57618568601,12.828725021841,25.1443010428084,NA,14.837806941597,164.57618568601,12.828725021841,25.1443010428084
"257","SE",2014,"EWYKT",132,50,31,NA,NA,31,0,0,0,NA,97.335952848723,24263.5588457558,0.015299545,0.000235537,NA,NA,1.48919579072692,13.6260298395408,3.69134526149218,7.23503671252468,NA,32.4891957907269,13.6260298395408,3.69134526149218,7.23503671252468
"258","SE",2015,"EWYKT",194,74,65,NA,NA,65,0,0,0,NA,245.453044375645,132044.625060994,0,0,NA,NA,0,0,0,0,NA,65,0,0,0
"259","SE",2016,"EWYKT",568,166,93,NA,NA,93,0,0,0,NA,1016.11644832606,3827485.23744867,0.0375,0.000456883,NA,NA,38.1043668122271,7602.84238617232,87.1942795495916,170.900787917199,NA,131.104366812227,7602.84238617232,87.1942795495916,170.900787917199
"260","SE",2017,"EWYKT",310,151,90,NA,NA,90,0,0,0,NA,111.385281385281,42121.1226268758,0,0,NA,NA,0,0,0,0,NA,90,0,0,0
"261","SE",2018,"EWYKT",1167,612,245,NA,NA,245,0,0,0,NA,589.387991927346,481215.427572373,0.020576132,8.33e-05,NA,NA,12.127325121112,272.757493806924,16.5153714401743,32.3701280227415,NA,257.127325121112,272.757493806924,16.5153714401743,32.3701280227415
"262","SE",2019,"EWYKT",1608,797,225,NA,NA,225,0,NA,NA,NA,1721.70654095463,4522629.71082619,0.0022075055187638,4.87308061537262e-06,NA,NA,3.80067669084906,58.5234216570342,7.65006023878467,14.994118068018,NA,228.800676690849,58.5234216570342,7.65006023878467,14.994118068018
"263","SE",2020,"EWYKT",1131,367,102,NA,NA,102,0,0,0,NA,1396.47588424437,3767077.26261531,0.01519314339551,0.000238314871019496,NA,NA,21.2168583576964,2232.0595564943,47.2446775467279,92.5995679915867,NA,123.216858357696,2232.0595564943,47.2446775467279,92.5995679915867
"264","SE",2021,"EWYKT",1454,577,149,NA,NA,149,0,0,0,NA,747.787926926132,641624.815162388,0.01519314339551,0.000238314871019496,NA,NA,11.3612492032199,434.278547976384,20.8393509490191,40.8451278600775,NA,160.36124920322,434.278547976384,20.8393509490191,40.8451278600775
"265","SE",2022,"EWYKT",1444,671,218,NA,NA,218,0,0,0,NA,485.061971830985,2457001.64880746,0.0130226943390086,0.000200910263750943,NA,NA,6.31681379463172,957.592348937301,30.9449890763804,60.6521785897055,NA,224.316813794632,957.592348937301,30.9449890763804,60.6521785897055
"266","SE",1999,"NSEI",6691,1645,NA,0.30371495,0.016418268,499.61109275,44428.2436647,210.780083652844,413.128963959575,NA,9629.93849401197,20762404.0573427,0.124478471,0.004260168,NA,NA,1198.72001955865,805232.218223476,897.347323071438,1758.80075322002,NA,1698.33111230865,849660.461888176,921.770286941479,1806.6697624053
"267","SE",2000,"NSEI",7565,2164,NA,0.30371495,0.016418268,657.2391518,76885.041544128,277.28152037979,543.471779944389,NA,10887.8321188463,26540765.4231815,0.124478471,0.004260168,NA,NA,1355.30069465868,1029335.49294352,1014.56172456067,1988.54098013891,NA,2012.53984645868,1106220.53448764,1051.77019091037,2061.46957418433
"268","SE",2001,"NSEI",5344,1327,NA,0.30371495,0.016418268,403.02973865,28911.404250972,170.033538606276,333.265735668301,NA,7691.28550470781,13244283.7842448,0.124478471,0.004260168,NA,NA,957.399459650492,513655.546867996,716.697667687007,1404.72742866653,NA,1360.42919830049,542566.951118968,736.591441111671,1443.71922457887
"269","SE",2002,"NSEI",5038,1129,NA,0.30371495,0.016418268,342.89417855,20927.397541788,144.663048294262,283.539574656754,NA,7250.8788122601,11770960.5766218,0.124478471,0.004260168,NA,NA,902.578307956433,456515.376040096,675.659215907025,1324.29206317777,NA,1245.47248650643,477442.773581884,690.972339230656,1354.30578489209
"270","SE",2003,"NSEI",6124,1422,NA,0.30371495,0.016418268,431.8826589,33199.117030512,182.206248604465,357.124247264751,NA,8813.89079918238,17392657.4227307,0.124478471,0.004260168,NA,NA,1097.13965024319,674542.701251084,821.305485949707,1609.75875246143,NA,1529.02230914319,707741.818281596,841.273925830104,1648.896894627
"271","SE",2004,"NSEI",4849,1124,NA,0.30371495,0.016418268,341.3756038,20742.445752768,144.022379346989,282.283863520098,NA,6978.86291398357,10904354.1264616,0.124478471,0.004260168,NA,NA,868.718184851279,422905.615230991,650.311936866448,1274.61139625824,NA,1210.09378865128,443648.060983759,666.069111266811,1305.49545808295
"272","SE",2005,"NSEI",6055,1305,NA,0.30371495,0.016418268,396.34800975,27960.7208607,167.214595238275,327.740606667018,NA,8714.58340774809,17002934.1866719,0.124478471,0.004260168,NA,NA,1084.77801799845,659427.99175029,812.051717411083,1591.62136612572,NA,1481.12602774845,687388.71261099,829.089086052271,1625.01460866245
"273","SE",2006,"NSEI",4774,1141,122,NA,NA,122,0,0,0,NA,6870.92009720717,10569645.1744349,0.152631579,0.000684313,NA,NA,1048.71938361956,285773.71988504,534.578076509914,1047.77302995943,NA,1170.71938361956,285773.71988504,534.578076509914,1047.77302995943
"274","SE",2007,"NSEI",2342,452,100,NA,NA,100,0,0,0,NA,3370.69435853774,2543720.32608506,0.234449761,0.000862899,NA,NA,790.258486763222,151818.75785381,389.639266314125,763.692961975685,NA,890.258486763222,151818.75785381,389.639266314125,763.692961975685
"275","SE",2008,"NSEI",2770,734,108,NA,NA,108,0,0,0,NA,3986.68803294174,3558402.87922,0.209302326,0.000967806,NA,NA,834.42307833107,174710.448798749,417.983790114819,819.248228625046,NA,942.42307833107,174710.448798749,417.983790114819,819.248228625046
"276","SE",2009,"NSEI",1738,306,93,NA,NA,93,0,0,0,NA,2501.39487409846,1400861.25281166,0.21719457,0.000772823,NA,NA,543.28938408002,72001.6550294007,268.331241247456,525.929232845015,NA,636.28938408002,72001.6550294007,268.331241247456,525.929232845015
"277","SE",2010,"NSEI",1607,533,122,NA,NA,122,0,0,0,NA,2312.85475412901,1197642.86736942,0.161369193,0.000331689,NA,NA,373.223505200013,33358.1879422716,182.642240301283,357.978790990514,NA,495.223505200013,33358.1879422716,182.642240301283,357.978790990514
"278","SE",2011,"NSEI",1442,429,51,NA,NA,51,0,0,0,NA,1731.91590013141,874226.185743456,0.183908046,0.000432524,NA,NA,318.513269029498,31243.7198156044,176.758931360213,346.447505466017,NA,369.513269029498,31243.7198156044,176.758931360213,346.447505466017
"279","SE",2012,"NSEI",1202,549,159,NA,NA,159,0,0,0,NA,2392.91011904762,3409167.61911695,0.068093385,0.000123697,NA,NA,162.941350006705,16937.3136165527,130.143434780832,255.081132170431,NA,321.941350006705,16937.3136165527,130.143434780832,255.081132170431
"280","SE",2013,"NSEI",940,281,101,NA,NA,101,0,0,0,NA,1650.46132500867,967135.274607714,0.080366226,7.53e-05,NA,NA,132.641347849906,6524.41007125406,80.7738204572129,158.316688096137,NA,233.641347849906,6524.41007125406,80.7738204572129,158.316688096137
"281","SE",2014,"NSEI",1454,428,75,NA,NA,75,0,0,0,NA,1367.71820486059,1884001.59703225,0.065004452,5.42e-05,NA,NA,88.9077723973866,8164.49945349074,90.35761978655,177.100934781638,NA,163.907772397387,8164.49945349074,90.35761978655,177.100934781638
"282","SE",2015,"NSEI",1252,404,73,NA,NA,73,0,0,0,NA,1286.32760649565,807027.488687697,0.073190789,5.58e-05,NA,NA,94.1473324318979,4460.51974459074,66.7871225955329,130.902760287245,NA,167.147332431898,4460.51974459074,66.7871225955329,130.902760287245
"283","SE",2016,"NSEI",1537,554,73,NA,NA,73,0,0,0,NA,1900.11878574571,2125067.19137228,0.064073227,4.58e-05,NA,NA,121.746742286049,8986.89173615318,94.7992180144603,185.806467308342,NA,194.746742286049,8986.89173615318,94.7992180144603,185.806467308342
"284","SE",2017,"NSEI",1943,752,90,NA,NA,90,0,0,0,NA,3475.21715462704,5155138.9606057,0.077260755,6.26e-05,NA,NA,268.497901155437,31850.9208680101,178.468262915315,349.797795314018,NA,358.497901155437,31850.9208680101,178.468262915315,349.797795314018
"285","SE",2018,"NSEI",3774,2103,260,NA,NA,260,0,0,0,NA,8251.05514157973,44703940.9758877,0.081145585,5.94e-05,NA,NA,669.536696330745,301057.197212852,548.686793364714,1075.42611499484,NA,929.536696330745,301057.197212852,548.686793364714,1075.42611499484
"286","SE",2019,"NSEI",5817,2821,325,NA,NA,325,0,NA,NA,NA,13496.7635937761,92145960.9024565,0.0626326963906582,3.11788856789664e-05,NA,NA,845.338696425469,370027.847983842,608.299143500829,1192.26632126162,NA,1170.33869642547,370027.847983842,608.299143500829,1192.26632126162
"287","SE",2020,"NSEI",981,667,157,NA,NA,157,0,0,0,NA,1027.44457274827,570222.900891816,0.123615899296923,0.00436561921182578,NA,NA,127.00848483802,15811.4223181942,125.743478233244,246.457217337157,NA,284.00848483802,15811.4223181942,125.743478233244,246.457217337157
"288","SE",2021,"NSEI",2631,1692,306,NA,NA,306,0,0,0,NA,3605.83650329188,6142269.49874339,0.123615899296923,0.00436561921182578,NA,NA,445.738722072098,177436.187067593,421.231749833264,825.614229673197,NA,751.738722072098,177436.187067593,421.231749833264,825.614229673197
"289","SE",2022,"NSEI",3759,2525,488,NA,NA,488,0,0,0,NA,10507.2516697456,89964495.3628392,0.123615899296923,0.0040726028462489,NA,NA,1298.8633642947,2190752.14226159,1480.11896219919,2901.0331659104,NA,1786.8633642947,2190752.14226159,1480.11896219919,2901.0331659104
"290","SE",1999,"NSEO",1134,236,NA,0.439982315,0.008608119,103.83582634,479.437795824,21.896068044834,42.9162933678746,NA,722.837895387813,286195.987094234,0.190255251,0.013070167,NA,NA,137.52370521932,20929.1747945496,144.66919089616,283.551614156474,NA,241.35953155932,21408.6125903736,146.316822649939,286.78097239388
"291","SE",2000,"NSEO",2094,464,NA,0.439982315,0.008608119,204.15179416,1853.293588224,43.0498964949278,84.3777971300586,NA,1334.76415603358,975867.344812991,0.190255251,0.013070167,NA,NA,253.945889531972,71364.0272990939,267.140463612486,523.595308680472,NA,458.097683691972,73217.3208873179,270.586993196861,530.350506665847
"292","SE",2001,"NSEO",1662,370,NA,0.439982315,0.008608119,162.79345655,1178.4514911,34.3285812567312,67.2840192631932,NA,1059.39733874298,614751.31977698,0.190255251,0.013070167,NA,NA,201.555906591278,44956.0385434617,212.028390890139,415.575646144673,NA,364.349363141278,46134.4900345617,214.789408571656,420.987240800445
"293","SE",2002,"NSEO",2182,380,NA,0.439982315,0.008608119,167.1932797,1243.0123836,35.2563807501564,69.1025062703066,NA,1390.85739659277,1059612.13514152,0.190255251,0.013070167,NA,NA,264.617923093965,77488.1849880751,278.366996944816,545.599314011839,NA,431.811202793965,78731.1973716751,280.590800582762,549.957969142213
"294","SE",2003,"NSEO",2025,402,NA,0.439982315,0.008608119,176.87289063,1391.106462876,37.2975396356918,73.1031776859559,NA,1290.78195604967,912614.754764778,0.190255251,0.013070167,NA,NA,245.5780450345,66738.4400336403,258.337840886,506.34216813656,NA,422.4509356645,68129.5464965163,261.016372085194,511.59208928698
"295","SE",2004,"NSEO",2356,428,NA,0.439982315,0.008608119,188.31243082,1576.869670896,39.7098183185972,77.8312439044506,NA,1501.76903133482,1235344.26420461,0.190255251,0.013070167,NA,NA,285.719444000633,90339.268203888,300.56491512465,589.107233644314,NA,474.031874820633,91916.137874784,303.176743624547,594.226417504111
"296","SE",2005,"NSEO",2502,474,NA,0.439982315,0.008608119,208.55161731,1934.037744444,43.977695988353,86.1962841371719,NA,1594.83281680803,1393195.43125415,0.190255251,0.013070167,NA,NA,303.425317864849,101882.737769084,319.190754516924,625.613878853172,NA,511.976935174849,103816.775513528,322.206107194646,631.523970101506
"297","SE",2006,"NSEO",1591,183,126,NA,NA,126,0,0,0,NA,1014.14029238272,563349.34041902,0.393939394,0.003673095,NA,NA,399.509812212233,93272.1384541815,305.404876277674,598.593557504241,NA,525.509812212233,93272.1384541815,305.404876277674,598.593557504241
"298","SE",2007,"NSEO",1002,179,73,NA,NA,73,0,0,0,NA,638.698034549019,223446.148878002,0.442622951,0.004111798,NA,NA,282.702408849987,46372.5818899519,215.342940190645,422.072162773665,NA,355.702408849987,46372.5818899519,215.342940190645,422.072162773665
"299","SE",2008,"NSEO",576,113,65,NA,NA,65,0,0,0,NA,367.15575638746,73838.4204546475,0.198019802,0.00158808,NA,NA,72.7041101830051,3226.6802971723,56.8038757231608,111.335596417395,NA,137.704110183005,3226.6802971723,56.8038757231608,111.335596417395
"300","SE",2009,"NSEO",406,46,25,NA,NA,25,0,0,0,NA,258.793814398106,36685.0823268177,0.230769231,0.002305387,NA,NA,59.7216495362076,2192.61829179506,46.825402206442,91.7777883246263,NA,84.7216495362076,2192.61829179506,46.825402206442,91.7777883246263
"301","SE",2010,"NSEO",591,210,117,NA,NA,117,0,0,0,NA,376.71710421005,77734.2464036571,0.271604938,0.001228793,NA,NA,102.31822573251,6004.30087225595,77.4874239619304,151.875350965384,NA,219.31822573251,6004.30087225595,77.4874239619304,151.875350965384
"302","SE",2011,"NSEO",681,192,73,NA,NA,73,0,0,0,NA,321.754061371841,136323.348658868,0.212121212,0.00101906,NA,NA,68.2508614641173,6378.34531902546,79.8645435661249,156.534505389605,NA,141.250861464117,6378.34531902546,79.8645435661249,156.534505389605
"303","SE",2012,"NSEO",537,302,181,NA,NA,181,0,0,0,NA,178.100502512563,39771.1686590069,0.13618677,0.000459531,NA,NA,24.2549321725628,770.481666756145,27.7575515266773,54.4048009922875,NA,205.254932172563,770.481666756145,27.7575515266773,54.4048009922875
"304","SE",2013,"NSEO",622,271,191,NA,NA,191,0,0,0,NA,369.632039174537,242983.446037402,0.130718954,0.000372562,NA,NA,48.3179135257824,4293.3949958273,65.5240032036146,128.427046279085,NA,239.317913525782,4293.3949958273,65.5240032036146,128.427046279085
"305","SE",2014,"NSEO",484,190,109,NA,NA,109,0,0,0,NA,438.814760147602,485417.4002368,0.070754717,0.000155434,NA,NA,31.0482141696664,2535.49163034539,50.3536655105206,98.6931844006203,NA,140.048214169666,2535.49163034539,50.3536655105206,98.6931844006203
"306","SE",2015,"NSEO",387,191,93,NA,NA,93,0,0,0,NA,256.628875110717,162065.57835954,0.178913738,0.000470845,NA,NA,45.9144313247936,5295.05638199746,72.7671380638092,142.623590605066,NA,138.914431324794,5295.05638199746,72.7671380638092,142.623590605066
"307","SE",2016,"NSEO",451,305,142,NA,NA,142,0,0,0,NA,306.772750642673,130376.228369244,0.109561753,0.000194726,NA,NA,33.6105603330432,1608.7204773143,40.1088578410593,78.6133613684762,NA,175.610560333043,1608.7204773143,40.1088578410593,78.6133613684762
"308","SE",2017,"NSEO",643,460,206,NA,NA,206,0,0,0,NA,366.29622711991,282388.676637402,0.10331384,0.000180938,NA,NA,37.8434698012701,3089.51782936023,55.5834312485315,108.943525247122,NA,243.84346980127,3089.51782936023,55.5834312485315,108.943525247122
"309","SE",2018,"NSEO",1904,1468,484,NA,NA,484,0,0,0,NA,2143.61695244257,7364744.46096053,0.101910828,0.000194734,NA,NA,218.457778538259,78817.8743316029,280.74521248207,550.260616464858,NA,702.457778538259,78817.8743316029,280.74521248207,550.260616464858
"310","SE",2019,"NSEO",2929,2174,798,NA,NA,798,0,NA,NA,NA,1472.38213132401,2584682.05001785,0.0574712643678161,8.90926285193761e-05,NA,NA,84.6196627197704,8960.48666923123,94.6598471857589,185.533300484087,NA,882.61966271977,8960.48666923123,94.6598471857589,185.533300484087
"311","SE",2020,"NSEO",905,745,455,NA,NA,455,0,0,0,NA,835.79989154013,610822.333344612,0.188422099508234,0.0134885352322383,NA,NA,157.483170332746,39347.6260454702,198.362360455481,388.790226492743,NA,612.483170332746,39347.6260454702,198.362360455481,388.790226492743
"312","SE",2021,"NSEO",1844,1280,559,NA,NA,559,0,0,0,NA,2451.47919946031,3504073.34170633,0.188422099508234,0.0134885352322383,NA,NA,461.912857663076,252732.266851078,502.724842086681,985.340690489894,NA,1020.91285766308,252732.266851078,502.724842086681,985.340690489894
"313","SE",2022,"NSEO",2833,2369,1325,NA,NA,1325,0,0,0,NA,1656.48045178106,4381711.85886828,0.188422099508234,0.0125262830975685,NA,NA,312.117524518935,244821.199246079,494.794097828661,969.796431744176,NA,1637.11752451894,244821.199246079,494.794097828661,969.796431744176
"314","SE",1999,"SSEI",6832,2497,NA,0.264060525,0.002002844,659.359130925,12487.750365596,111.748603416759,219.027262696847,NA,12089.4871674675,29974833.1275917,0.220844581,0.001365163,NA,NA,2669.89772800425,1702389.30869038,1304.7564173785,2557.32257806186,NA,3329.25685892925,1714877.05905598,1309.53314545909,2566.68496509982
"315","SE",2000,"SSEI",9811,4406,NA,0.264060525,0.002002844,1163.45067315,38880.882105584,197.182357490684,386.477420681741,NA,17360.9424180363,61814108.4966732,0.220844581,0.001365163,NA,NA,3834.07005407635,3510667.6652054,1873.67757770791,3672.40805230751,NA,4997.52072722635,3549548.54731098,1884.02456122817,3692.6881400072
"316","SE",2001,"SSEI",8166,3755,NA,0.264060525,0.002002844,991.547271375,28240.1504711,168.048060003976,329.374197607793,NA,14450.0515529186,42823268.2972474,0.220844581,0.001365163,NA,NA,3191.21558063271,2432102.75106779,1559.52003868748,3056.65927582745,NA,4182.76285200771,2460342.90153889,1568.5480233448,3074.35412575581
"317","SE",2002,"SSEI",8332,3524,NA,0.264060525,0.002002844,930.5492901,24872.470430144,157.710083476435,309.111763613812,NA,14743.7949472101,44582003.4573982,0.220844581,0.001365163,NA,NA,3256.08721746654,2531988.27572489,1591.22225843057,3118.79562652392,NA,4186.63650756654,2556860.74615504,1599.01868224078,3134.07661719193
"318","SE",2003,"SSEI",8078,3456,NA,0.264060525,0.002002844,912.5931744,23921.840553984,154.666869606855,303.147064429437,NA,14294.3321631737,41905280.9154796,0.220844581,0.001365163,NA,NA,3156.82579725092,2379966.61747926,1542.71404267909,3023.71952365101,NA,4069.41897165092,2403888.45803324,1550.44782499549,3038.87773699116
"319","SE",2004,"SSEI",6002,2841,NA,0.264060525,0.002002844,750.195951525,16165.516723164,127.143685345219,249.201623276629,NA,10620.77019601,23134123.0277688,0.220844581,0.001365163,NA,NA,2345.53954383511,1313878.33055689,1146.24531866302,2246.64082457952,NA,3095.73549536011,1330043.84728006,1153.27526951724,2260.41952825379
"320","SE",2005,"SSEI",9401,4674,NA,0.264060525,0.002002844,1234.21889385,43754.682808944,209.176200388438,409.985352761339,NA,16635.4316249067,56755658.1267507,0.220844581,0.001365163,NA,NA,3673.84492695666,3223378.26507292,1795.37691448702,3518.93875239455,NA,4908.06382080666,3267132.94788186,1807.52121644031,3542.74158422301
"321","SE",2006,"SSEI",6626,3077,354,NA,NA,354,0,0,0,NA,11724.9622323829,28194469.1317464,0.246519247,0.000152252,NA,NA,2890.42886063047,1738650.39163595,1318.5789288609,2584.41470056736,NA,3244.42886063047,1738650.39163595,1318.5789288609,2584.41470056736
"322","SE",2007,"SSEI",3895,1932,301,NA,NA,301,0,0,0,NA,6892.35253473156,9742624.91219345,0.233815211,0.00011267,NA,NA,1611.53686219465,539074.984180492,734.217259522338,1439.06582866378,NA,1912.53686219465,539074.984180492,734.217259522338,1439.06582866378
"323","SE",2008,"SSEI",3127,1315,258,NA,NA,258,0,0,0,NA,5533.34695150336,6279380.80584807,0.205320033,0.000135744,NA,NA,1136.10697868312,269724.14958121,519.349737249582,1017.92548500918,NA,1394.10697868312,269724.14958121,519.349737249582,1017.92548500918
"324","SE",2009,"SSEI",1615,726,158,NA,NA,158,0,0,0,NA,2857.80470952284,1674966.4483188,0.20845341,0.000158654,NA,NA,595.719136814096,74343.4974421023,272.660040053731,534.413678505313,NA,753.719136814096,74343.4974421023,272.660040053731,534.413678505313
"325","SE",2010,"SSEI",3026,1842,209,NA,NA,209,0,0,0,NA,5354.6235610007,5880292.18266293,0.280214861,0.00018073,NA,NA,1500.44509685314,467967.342630595,684.08138596997,1340.79951650114,NA,1709.44509685314,467967.342630595,684.08138596997,1340.79951650114
"326","SE",2011,"SSEI",1401,557,132,NA,NA,132,0,0,0,NA,3027.67548500882,2492666.77727787,0.275136399,0.000155567,NA,NA,833.023730285905,190508.801097005,436.473139032638,855.487352503971,NA,965.023730285905,190508.801097005,436.473139032638,855.487352503971
"327","SE",2012,"SSEI",1982,1213,188,NA,NA,188,0,0,0,NA,3308.38808399805,3537724.22884366,0.266495287,0.000167646,NA,NA,881.66983195244,253676.290985967,503.662874337554,987.179233701606,NA,1069.66983195244,253676.290985967,503.662874337554,987.179233701606
"328","SE",2013,"SSEI",2044,1461,165,NA,NA,165,0,0,0,NA,7891.83511569123,27499452.4149664,0.187141948,9.69e-05,NA,NA,1476.89339684526,971788.543499093,985.793357402601,1932.1549805091,NA,1641.89339684526,971788.543499093,985.793357402601,1932.1549805091
"329","SE",2014,"SSEI",2308,1518,184,NA,NA,184,0,0,0,NA,4717.29985625299,4505262.42049858,0.167761496,7.06e-05,NA,NA,791.381280965587,128684.870602823,358.726735277458,703.104401143817,NA,975.381280965587,128684.870602823,358.726735277458,703.104401143817
"330","SE",2015,"SSEI",3002,1949,342,NA,NA,342,0,0,0,NA,3368.36087874287,2306053.7852345,0.177631579,7.4e-05,NA,NA,598.327261532923,73773.1052757441,271.612049209427,532.359616450477,NA,940.327261532923,73773.1052757441,271.612049209427,532.359616450477
"331","SE",2016,"SSEI",2634,1765,333,NA,NA,333,0,0,0,NA,4684.43475395431,6607012.86980885,0.178267401,7.34e-05,NA,NA,835.082008741508,212061.660298848,460.501531266562,902.583001282462,NA,1168.08200874151,212061.660298848,460.501531266562,902.583001282462
"332","SE",2017,"SSEI",5303,4290,442,NA,NA,442,0,0,0,NA,10269.3015873016,20444681.1364535,0.228940217,0.000120004,NA,NA,2351.05613383527,1086688.70058388,1042.44361985859,2043.18949492283,NA,2793.05613383527,1086688.70058388,1042.44361985859,2043.18949492283
"333","SE",2018,"SSEI",12062,9955,605,NA,NA,605,0,0,0,NA,12472.5408715466,23037083.0643625,0.210621605,0.000100399,NA,NA,2626.98657679324,1039890.04805638,1019.74999291806,1998.70998611939,NA,3231.98657679324,1039890.04805638,1019.74999291806,1998.70998611939
"334","SE",2019,"SSEI",10177,7980,606,NA,NA,606,0,NA,0,NA,31355.5099459887,212502944.559874,0.192352259559676,0.000180223744549841,NA,NA,6031.3031877568,8077967.99103236,2842.1766291053,5570.66619304639,NA,6637.3031877568,8077967.99103236,2842.1766291053,5570.66619304639
"335","SE",2020,"SSEI",3720,2149,410,NA,NA,410,0,0,0,NA,13535.2343234323,34670924.6961691,0.218476496692286,0.00141870763119244,NA,NA,2957.13057689268,1964010.65754358,1401.43164569078,2746.80602555394,NA,3367.13057689268,1964010.65754358,1401.43164569078,2746.80602555394
"336","SE",2021,"SSEI",7202,4530,599,NA,NA,599,0,0,0,NA,12951.3090909091,28811633.1780355,0.218476496692286,0.00141870763119244,NA,NA,2829.55663776077,1654080.49203168,1286.1106064533,2520.77678864847,NA,3428.55663776077,1654080.49203168,1286.1106064533,2520.77678864847
"337","SE",2022,"SSEI",9134,7338,847,NA,NA,847,0,0,0,NA,19197.2716865418,54618995.2612839,0.218476496692286,0.0013256562745984,NA,NA,4194.15266412567,3168029.83533414,1779.89601812413,3488.5961955233,NA,5041.15266412567,3168029.83533414,1779.89601812413,3488.5961955233
"338","SE",1999,"SSEO",4102,1139,NA,0.357901688,0.011641748,407.650022632,15103.084157108,122.894605891015,240.87342754639,NA,3939.31612740195,8165677.14429935,0.14601389,0.001586648,NA,NA,575.194871701694,211670.689221508,460.076829694246,901.750586200722,NA,982.844894333694,226773.773378616,476.207699831298,933.367091669345
"339","SE",2000,"SSEO",4468,1638,NA,0.357901688,0.011641748,586.242964944,31235.322120912,176.735175109292,346.400943214212,NA,4290.80069654605,9687845.88839656,0.14601389,0.001586648,NA,NA,626.516500917398,251128.348577955,501.127078272523,982.209073414145,NA,1212.7594658614,282363.670698867,531.379027341941,1041.5028935902
"340","SE",2001,"SSEO",3276,1260,NA,0.357901688,0.011641748,450.95612688,18482.4391248,135.950134699455,266.462264010932,NA,3146.07499594558,5208212.29965702,0.14601389,0.001586648,NA,NA,459.370648389749,135007.283241656,367.433372520319,720.169410139825,NA,910.326775269749,153489.722366456,391.777644036073,767.884182310702
"341","SE",2002,"SSEO",5386,1783,NA,0.357901688,0.011641748,638.138709704,37010.153007572,192.380230292959,377.0652513742,NA,5172.39314046487,14077761.0959698,0.14601389,0.001586648,NA,NA,755.241243048592,364923.733968587,604.089177165579,1184.01478724454,NA,1393.37995275259,401933.886976159,633.982560466894,1242.60581851511
"342","SE",2003,"SSEO",4577,1717,NA,0.357901688,0.011641748,614.517198296,34320.909219572,185.259032761083,363.107704211723,NA,4395.477795007,10166295.2305703,0.14601389,0.001586648,NA,NA,641.800811257594,263530.712794156,513.352425526709,1006.17075403235,NA,1256.31800955359,297851.622013728,545.757841916841,1069.68537015701
"343","SE",2004,"SSEO",4886,1589,NA,0.357901688,0.011641748,568.705782232,29394.494001908,171.448225426535,336.038521836009,NA,4692.2229640385,11585314.236075,0.14601389,0.001586648,NA,NA,685.129727726591,300314.52454739,548.009602605091,1074.09882110598,NA,1253.83550995859,329709.018549298,574.202941954583,1125.43776623098
"344","SE",2005,"SSEO",6899,2049,NA,0.357901688,0.011641748,733.340558712,48876.726444948,221.080814285066,433.31839599873,NA,6625.38809433106,23097936.4730086,0.14601389,0.001586648,NA,NA,967.398688412965,598744.727037068,773.785969785617,1516.62050077981,NA,1700.73924712497,647621.453482016,804.74931095467,1577.30864947115
"345","SE",2006,"SSEO",2288,738,222,NA,NA,222,0,0,0,NA,2197.25872732707,2540463.34394961,0.205882353,0.001211073,NA,NA,452.376796931883,116607.68144107,341.478669086474,669.29819140949,NA,674.376796931883,116607.68144107,341.478669086474,669.29819140949
"346","SE",2007,"SSEO",2461,1094,194,NA,NA,194,0,0,0,NA,2363.3976083706,2939166.03355471,0.150943396,0.000346377,NA,NA,356.739261105736,69918.4904437631,264.421047656504,518.265253406748,NA,550.739261105736,69918.4904437631,264.421047656504,518.265253406748
"347","SE",2008,"SSEO",3407,1450,282,NA,NA,282,0,0,0,NA,3271.87958216929,5633070.15202709,0.12593985,0.000207305,NA,NA,412.060023796463,92732.261428097,304.519722560127,596.85865621785,NA,694.060023796463,92732.261428097,304.519722560127,596.85865621785
"348","SE",2009,"SSEO",1253,664,96,NA,NA,96,0,0,0,NA,1203.30646212449,761908.878905099,0.120795107,0.00016264,NA,NA,145.353532846119,11476.7721805979,107.129697939451,209.974207961323,NA,241.353532846119,11476.7721805979,107.129697939451,209.974207961323
"349","SE",2010,"SSEO",1252,766,113,NA,NA,113,0,0,0,NA,1202.34612177163,760693.228713503,0.185185185,0.000192956,NA,NA,222.656688994312,26512.5978610769,162.826895386103,319.140714956762,NA,335.656688994312,26512.5978610769,162.826895386103,319.140714956762
"350","SE",2011,"SSEO",781,323,99,NA,NA,99,0,0,0,NA,1415.47260589319,1681921.93773869,0.121330724,0.000209038,NA,NA,171.740316075187,25530.2223657217,159.78179610244,313.172320360782,NA,270.740316075187,25530.2223657217,159.78179610244,313.172320360782
"351","SE",2012,"SSEO",863,245,87,NA,NA,87,0,0,0,NA,493.636531649469,195080.357830493,0.138888889,0.000195743,NA,NA,68.560629450608,3849.00787902756,62.0403729762125,121.599131033377,NA,155.560629450608,3849.00787902756,62.0403729762125,121.599131033377
"352","SE",2013,"SSEO",1075,327,137,NA,NA,137,0,0,0,NA,1483.44714558864,829827.474327598,0.149473684,0.000268209,NA,NA,221.736309870418,19353.1146605018,139.115472397939,272.666325899961,NA,358.736309870418,19353.1146605018,139.115472397939,272.666325899961
"353","SE",2014,"SSEO",1870,457,80,NA,NA,80,0,0,0,NA,1194.45308002303,1200719.78546922,0.105177994,0.000152537,NA,NA,125.630178883944,13683.6365704585,116.977077115384,229.275071146153,NA,205.630178883944,13683.6365704585,116.977077115384,229.275071146153
"354","SE",2015,"SSEO",1521,409,46,NA,NA,46,0,0,0,NA,2340.5297542044,4360864.00248046,0.092647059,0.000123805,NA,NA,216.84319822903,38649.4886302483,196.594731949379,385.325674620783,NA,262.84319822903,38649.4886302483,196.594731949379,385.325674620783
"355","SE",2016,"SSEO",1567,639,85,NA,NA,85,0,0,0,NA,676.756130790191,858832.405936229,0.168508287,0.000388125,NA,NA,114.039016316203,24897.6780493102,157.789980826763,309.268362420455,NA,199.039016316203,24897.6780493102,157.789980826763,309.268362420455
"356","SE",2017,"SSEO",1717,1007,178,NA,NA,178,0,0,0,NA,1076.46451612903,2380506.42725509,0.102702703,0.000249742,NA,NA,110.555815490039,25993.1207362447,161.22382186341,315.998690852284,NA,288.555815490039,25993.1207362447,161.22382186341,315.998690852284
"357","SE",2018,"SSEO",2540,1454,173,NA,NA,173,0,0,0,NA,4677.85259326661,13242366.4240172,0.150706436,0.000201248,NA,NA,704.982492464568,307835.088329078,554.82888202497,1087.46460876894,NA,877.982492464568,307835.088329078,554.82888202497,1087.46460876894
"358","SE",2019,"SSEO",1758,939,219,NA,NA,219,0,NA,NA,NA,915.83646861613,563570.73882264,0.244979919678715,0.000372162492219166,NA,NA,224.361544520417,34344.6822278882,185.323183190577,363.233439053531,NA,443.361544520417,34344.6822278882,185.323183190577,363.233439053531
"359","SE",2020,"SSEO",998,684,171,NA,NA,171,0,0,0,NA,1799.43909626719,2655235.76226252,0.147368684759024,0.00184457689904628,NA,NA,265.180972920863,68535.6519398055,261.793147236144,513.114568582843,NA,436.180972920863,68535.6519398055,261.793147236144,513.114568582843
"360","SE",2021,"SSEO",1758,1208,265,NA,NA,265,0,0,0,NA,1441.01952638139,1868355.4654755,0.147368684759024,0.00184457689904628,NA,NA,212.361152314897,47852.7224854434,218.752651379231,428.755196703293,NA,477.361152314897,47852.7224854434,218.752651379231,428.755196703293
"361","SE",2022,"SSEO",1506,1130,284,NA,NA,284,0,0,0,NA,1014.24489795918,941971.553205251,0.147368684759024,0.0016665041386438,NA,NA,149.467936635795,23741.4149127154,154.082493855452,302.001687956686,NA,433.467936635795,23741.4149127154,154.082493855452,302.001687956686
