Year,User,Rpt_Area,TotalRF_n,YE_n,Black_n,Pelagic_n,Nonpel_n,NotYE_Nonpel_n,pYE,var_pYE,pYE_avgRptArea,var_pYE_avgRptArea,pBRF,var_pBRF,pBRF_avgRptArea,var_pBRF_avgRptArea,pPel,var_pPel,pPel_avgRptArea,var_pPel_avgRptArea,pNonpel,var_pNonpel,pNonpel_avgRptArea,var_pNonpel_avgRptArea,pYEinNonpel,var_pYEinNonpel,pYEinNonpel_avgRptArea,var_pYEinNonpel_avgRptArea,pBRFinPel,varBRFinPel,pBRFinPel_avgRptArea,var_pBRFinPel_avgRptArea
1993,charter,AFOGNAK,45,0,39,45,0,0,,,,,,,,,,,,,,,,,,,,,,,,
1994,charter,AFOGNAK,0,0,0,0,0,0,,,,,,,,,,,,,,,,,,,,,,,,
1995,charter,AFOGNAK,0,0,0,0,0,0,,,,,,,,,,,,,,,,,,,,,,,,
1996,charter,AFOGNAK,0,0,0,0,0,0,,,,,,,,,,,,,,,,,,,,,,,,
1997,charter,AFOGNAK,19,0,19,19,0,0,,,,,,,,,,,,,,,,,,,,,,,,
1998,charter,AFOGNAK,0,0,0,0,0,0,,,0.116780045,0.001161131,,,0.503212396,0.004443504,,,0.858654573,0.001505558,,,0.141345427,0.001497956,,,,,,,,
1999,charter,AFOGNAK,10,0,10,10,0,0,,,0.116780045,0.001161131,,,0.503212396,0.004443504,,,0.858654573,0.001505558,,,0.141345427,0.001497956,,,,,,,,
2000,charter,AFOGNAK,0,0,0,0,0,0,,,0.116780045,0.001161131,,,0.503212396,0.004443504,,,0.858654573,0.001505558,,,0.141345427,0.001497956,,,,,,,,
2001,charter,AFOGNAK,0,0,0,0,0,0,,,0.116780045,0.001161131,,,0.503212396,0.004443504,,,0.858654573,0.001505558,,,0.141345427,0.001497956,,,,,,,,
2002,charter,AFOGNAK,3,0,0,3,0,0,,,0.116780045,0.001161131,,,0.503212396,0.004443504,,,0.858654573,0.001505558,,,0.141345427,0.001497956,,,,,,,,
2003,charter,AFOGNAK,9,0,9,9,0,0,,,0.116780045,0.001161131,,,0.503212396,0.004443504,,,0.858654573,0.001505558,,,0.141345427,0.001497956,,,,,,,,
2004,charter,AFOGNAK,0,0,0,0,0,0,,,0.116780045,0.001161131,,,0.503212396,0.004443504,,,0.858654573,0.001505558,,,0.141345427,0.001497956,,,,,,,,
2005,charter,AFOGNAK,0,0,0,0,0,0,,,0.116780045,0.001161131,,,0.503212396,0.004443504,,,0.858654573,0.001505558,,,0.141345427,0.001497956,,,,,,,,
2006,charter,AFOGNAK,0,0,0,0,0,0,,,0.116780045,0.001161131,,,0.503212396,0.004443504,,,0.858654573,0.001505558,,,0.141345427,0.001497956,,,,,,,,
2007,charter,AFOGNAK,13,0,13,13,0,0,,,0.116780045,0.001161131,,,0.503212396,0.004443504,,,0.858654573,0.001505558,,,0.141345427,0.001497956,,,,,,,,
2008,charter,AFOGNAK,0,0,0,0,0,0,,,0.116780045,0.001161131,,,0.503212396,0.004443504,,,0.858654573,0.001505558,,,0.141345427,0.001497956,,,,,,,,
2009,charter,AFOGNAK,31,1,30,30,1,0,,,0.116780045,0.001161131,,,0.503212396,0.004443504,,,0.858654573,0.001505558,,,0.141345427,0.001497956,,,,,,,,
2010,charter,AFOGNAK,18,0,18,18,0,0,,,0.116780045,0.001161131,,,0.503212396,0.004443504,,,0.858654573,0.001505558,,,0.141345427,0.001497956,,,,,,,,
2011,charter,AFOGNAK,13,6,5,7,6,0,,,0.116780045,0.001161131,,,0.503212396,0.004443504,,,0.858654573,0.001505558,,,0.141345427,0.001497956,,,,,,,,
2012,charter,AFOGNAK,20,0,20,20,0,0,,,0.116780045,0.001161131,,,0.503212396,0.004443504,,,0.858654573,0.001505558,,,0.141345427,0.001497956,,,,,,,,
2013,charter,AFOGNAK,0,0,0,0,0,0,,,0.116780045,0.001161131,,,0.503212396,0.004443504,,,0.858654573,0.001505558,,,0.141345427,0.001497956,,,,,,,,
2014,charter,AFOGNAK,32,2,12,28,4,2,,,0.116780045,0.001161131,,,0.503212396,0.004443504,,,0.858654573,0.001505558,,,0.141345427,0.001497956,,,,,,,,
2015,charter,AFOGNAK,54,6,29,47,7,1,0.111111111,0.001863499,0.116780045,0.001161131,0.537037037,0.004691099,0.503212396,0.004443504,0.87037037,0.002128788,0.858654573,0.001505558,0.12962963,0.0021288,0.141345427,0.001497956,,,,,,,,
2016,charter,AFOGNAK,28,12,10,11,17,5,,,0.116780045,0.001161131,,,0.503212396,0.004443504,,,0.858654573,0.001505558,,,0.141345427,0.001497956,,,,,,,,
2017,charter,AFOGNAK,20,6,14,14,6,0,,,0.116780045,0.001161131,,,0.503212396,0.004443504,,,0.858654573,0.001505558,,,0.141345427,0.001497956,,,,,,,,
2018,charter,AFOGNAK,98,12,46,83,15,3,0.12244898,0.001107786,0.116780045,0.001161131,0.469387755,0.002567659,0.503212396,0.004443504,0.846938776,0.001336428,0.858654573,0.001505558,0.153061224,0.0013364,0.141345427,0.001497956,,,,,0.554216867,0.003012933,,
2019,charter,AFOGNAK,5,5,0,0,5,0,,,0.116780045,0.001161131,,,0.503212396,0.004443504,,,0.858654573,0.001505558,,,0.141345427,0.001497956,,,,,,,,
1993,private,AFOGNAK,16,0,13,16,0,0,,,,,,,,,,,,,,,,,,,,,,,,
1994,private,AFOGNAK,0,0,0,0,0,0,,,,,,,,,,,,,,,,,,,,,,,,
1995,private,AFOGNAK,0,0,0,0,0,0,,,,,,,,,,,,,,,,,,,,,,,,
1996,private,AFOGNAK,0,0,0,0,0,0,,,,,,,,,,,,,,,,,,,,,,,,
1997,private,AFOGNAK,0,0,0,0,0,0,,,,,,,,,,,,,,,,,,,,,,,,
1998,private,AFOGNAK,0,0,0,0,0,0,,,,,,,,,,,,,,,,,,,,,,,,
1999,private,AFOGNAK,0,0,0,0,0,0,,,,,,,,,,,,,,,,,,,,,,,,
2000,private,AFOGNAK,28,7,4,21,7,0,,,,,,,,,,,,,,,,,,,,,,,,
2001,private,AFOGNAK,0,0,0,0,0,0,,,,,,,,,,,,,,,,,,,,,,,,
2002,private,AFOGNAK,7,0,4,7,0,0,,,,,,,,,,,,,,,,,,,,,,,,
2003,private,AFOGNAK,6,6,0,0,6,0,,,,,,,,,,,,,,,,,,,,,,,,
2004,private,AFOGNAK,5,0,4,5,0,0,,,,,,,,,,,,,,,,,,,,,,,,
2005,private,AFOGNAK,0,0,0,0,0,0,,,,,,,,,,,,,,,,,,,,,,,,
2006,private,AFOGNAK,0,0,0,0,0,0,,,,,,,,,,,,,,,,,,,,,,,,
2007,private,AFOGNAK,0,0,0,0,0,0,,,,,,,,,,,,,,,,,,,,,,,,
2008,private,AFOGNAK,0,0,0,0,0,0,,,,,,,,,,,,,,,,,,,,,,,,
2009,private,AFOGNAK,7,0,1,7,0,0,,,,,,,,,,,,,,,,,,,,,,,,
2010,private,AFOGNAK,0,0,0,0,0,0,,,,,,,,,,,,,,,,,,,,,,,,
2011,private,AFOGNAK,2,0,0,2,0,0,,,,,,,,,,,,,,,,,,,,,,,,
2012,private,AFOGNAK,16,2,14,14,2,0,,,,,,,,,,,,,,,,,,,,,,,,
2013,private,AFOGNAK,20,0,12,20,0,0,,,,,,,,,,,,,,,,,,,,,,,,
2014,private,AFOGNAK,8,1,7,7,1,0,,,,,,,,,,,,,,,,,,,,,,,,
2015,private,AFOGNAK,4,3,0,1,3,0,,,,,,,,,,,,,,,,,,,,,,,,
2016,private,AFOGNAK,0,0,0,0,0,0,,,,,,,,,,,,,,,,,,,,,,,,
2017,private,AFOGNAK,0,0,0,0,0,0,,,,,,,,,,,,,,,,,,,,,,,,
2018,private,AFOGNAK,31,1,17,28,3,2,,,,,,,,,,,,,,,,,,,,,,,,
2019,private,AFOGNAK,27,17,7,10,17,0,,,,,,,,,,,,,,,,,,,,,,,,
1993,charter,CI,42,6,14,36,6,0,,,,,,,,,,,,,,,,,,,,,,,,
1994,charter,CI,2,0,1,2,0,0,,,,,,,,,,,,,,,,,,,,,,,,
1995,charter,CI,0,0,0,0,0,0,,,,,,,,,,,,,,,,,,,,,,,,
1996,charter,CI,16,1,7,13,3,2,,,,,,,,,,,,,,,,,,,,,,,,
1997,charter,CI,20,6,10,12,8,2,,,,,,,,,,,,,,,,,,,,,,,,
1998,charter,CI,6,0,2,2,4,4,,,0.038171276,0.003739433,,,0.415922106,0.022956852,,,0.926810665,0.004089331,,,0.073189335,0.004087429,,,,,,,0.448187341,0.024617974
1999,charter,CI,40,3,31,36,4,1,,,0.038171276,0.003739433,,,0.415922106,0.022956852,,,0.926810665,0.004089331,,,0.073189335,0.004087429,,,,,,,0.448187341,0.024617974
2000,charter,CI,40,2,12,30,10,8,,,0.038171276,0.003739433,,,0.415922106,0.022956852,,,0.926810665,0.004089331,,,0.073189335,0.004087429,,,,,,,0.448187341,0.024617974
2001,charter,CI,9,0,9,9,0,0,,,0.038171276,0.003739433,,,0.415922106,0.022956852,,,0.926810665,0.004089331,,,0.073189335,0.004087429,,,,,,,0.448187341,0.024617974
2002,charter,CI,35,3,11,31,4,1,,,0.038171276,0.003739433,,,0.415922106,0.022956852,,,0.926810665,0.004089331,,,0.073189335,0.004087429,,,,,,,0.448187341,0.024617974
2003,charter,CI,61,4,31,52,9,5,0.06557377,0.001021231,0.038171276,0.003739433,0.508196721,0.004165547,0.415922106,0.022956852,0.852459016,0.002096211,0.926810665,0.004089331,0.147540984,0.0020962,0.073189335,0.004087429,,,,,0.596153846,0.004720675,0.448187341,0.024617974
2004,charter,CI,12,0,6,12,0,0,,,0.038171276,0.003739433,,,0.415922106,0.022956852,,,0.926810665,0.004089331,,,0.073189335,0.004087429,,,,,,,0.448187341,0.024617974
2005,charter,CI,64,0,29,62,2,2,0,0,0.038171276,0.003739433,0.453125,0.003933377,0.415922106,0.022956852,0.96875,0.000480531,0.926810665,0.004089331,0.03125,0.0004805,0.073189335,0.004087429,,,,,0.467741935,0.004081302,0.448187341,0.024617974
2006,charter,CI,25,2,10,20,5,3,,,0.038171276,0.003739433,,,0.415922106,0.022956852,,,0.926810665,0.004089331,,,0.073189335,0.004087429,,,,,,,0.448187341,0.024617974
2007,charter,CI,35,0,10,30,5,5,,,0.038171276,0.003739433,,,0.415922106,0.022956852,,,0.926810665,0.004089331,,,0.073189335,0.004087429,,,,,,,0.448187341,0.024617974
2008,charter,CI,6,2,2,4,2,0,,,0.038171276,0.003739433,,,0.415922106,0.022956852,,,0.926810665,0.004089331,,,0.073189335,0.004087429,,,,,,,0.448187341,0.024617974
2009,charter,CI,71,16,23,54,17,1,0.225352113,0.002493836,0.038171276,0.003739433,0.323943662,0.003128631,0.415922106,0.022956852,0.76056338,0.002601525,0.926810665,0.004089331,0.23943662,0.0026015,0.073189335,0.004087429,,,,,0.425925926,0.004613453,0.448187341,0.024617974
2010,charter,CI,330,2,84,321,9,7,0.006060606,1.83E-05,0.038171276,0.003739433,0.254545455,0.000576754,0.415922106,0.022956852,0.972727273,8.06E-05,0.926810665,0.004089331,0.027272727,0.0000806,0.073189335,0.004087429,,,,,0.261682243,0.000603765,0.448187341,0.024617974
2011,charter,CI,92,6,30,82,10,4,0.065217391,0.000669935,0.038171276,0.003739433,0.326086957,0.002414882,0.415922106,0.022956852,0.891304348,0.001064625,0.926810665,0.004089331,0.108695652,0.0010646,0.073189335,0.004087429,,,,,0.365853659,0.002864256,0.448187341,0.024617974
2012,charter,CI,210,8,35,190,20,12,0.038095238,0.00017533,0.038171276,0.003739433,0.166666667,0.00066454,0.415922106,0.022956852,0.904761905,0.000412286,0.926810665,0.004089331,0.095238095,0.0004123,0.073189335,0.004087429,,,,,0.184210526,0.000795116,0.448187341,0.024617974
2013,charter,CI,74,0,28,69,5,5,0,0,0.038171276,0.003739433,0.378378378,0.00322203,0.415922106,0.022956852,0.932432432,0.000863044,0.926810665,0.004089331,0.067567568,0.000863,0.073189335,0.004087429,,,,,0.405797101,0.003545968,0.448187341,0.024617974
2014,charter,CI,153,2,59,146,7,5,0.013071895,8.49E-05,0.038171276,0.003739433,0.385620915,0.001558667,0.415922106,0.022956852,0.954248366,0.000287226,0.926810665,0.004089331,0.045751634,0.0002872,0.073189335,0.004087429,,,,,0.404109589,0.001660724,0.448187341,0.024617974
2015,charter,CI,63,0,27,63,0,0,0,0,0.038171276,0.003739433,0.428571429,0.003949967,0.415922106,0.022956852,1,0,0.926810665,0.004089331,0,0,0.073189335,0.004087429,,,,,0.428571429,0.003949967,0.448187341,0.024617974
2016,charter,CI,110,0,41,105,5,5,0,0,0.038171276,0.003739433,0.372727273,0.002144969,0.415922106,0.022956852,0.954545455,0.000398059,0.926810665,0.004089331,0.045454545,0.0003981,0.073189335,0.004087429,,,,,0.39047619,0.002288505,0.448187341,0.024617974
2017,charter,CI,77,2,45,74,3,1,0.025974026,0.000332887,0.038171276,0.003739433,0.584415584,0.003195711,0.415922106,0.022956852,0.961038961,0.000492672,0.926810665,0.004089331,0.038961039,0.0004927,0.073189335,0.004087429,,,,,0.608108108,0.003264557,0.448187341,0.024617974
2018,charter,CI,307,12,140,287,20,8,0.039087948,0.000122745,0.038171276,0.003739433,0.456026059,0.000810674,0.415922106,0.022956852,0.93485342,0.000199028,0.926810665,0.004089331,0.06514658,0.000199,0.073189335,0.004087429,,,,,0.487804878,0.000873606,0.448187341,0.024617974
2019,charter,CI,281,5,216,270,11,6,0.017793594,6.24E-05,0.038171276,0.003739433,0.768683274,0.000635033,0.415922106,0.022956852,0.960854093,0.000134334,0.926810665,0.004089331,0.039145907,0.0001343,0.073189335,0.004087429,,,,,0.8,0.000594796,0.448187341,0.024617974
1993,private,CI,6,0,4,6,0,0,,,,,,,,,,,,,,,,,,,,,,,,
1994,private,CI,0,0,0,0,0,0,,,,,,,,,,,,,,,,,,,,,,,,
1995,private,CI,7,0,3,7,0,0,,,,,,,,,,,,,,,,,,,,,,,,
1996,private,CI,13,0,2,13,0,0,,,,,,,,,,,,,,,,,,,,,,,,
1997,private,CI,32,2,17,30,2,0,,,,,,,,,,,,,,,,,,,,,,,,
1998,private,CI,27,0,16,27,0,0,,,0.016067862,0.000305884,,,0.424179963,0.029257476,,,0.966365332,0.000758868,,,0.033634668,0.000759284,,,,,,,0.439524075,0.030790834
1999,private,CI,60,0,39,59,1,1,0,0,0.016067862,0.000305884,0.65,0.003855932,0.424179963,0.029257476,0.983333333,0.000277778,0.966365332,0.000758868,0.016666667,0.0002778,0.033634668,0.000759284,,,,,0.661016949,0.003863337,0.439524075,0.030790834
2000,private,CI,41,0,27,41,0,0,,,0.016067862,0.000305884,,,0.424179963,0.029257476,,,0.966365332,0.000758868,,,0.033634668,0.000759284,,,,,,,0.439524075,0.030790834
2001,private,CI,56,0,30,55,1,1,0,0,0.016067862,0.000305884,0.535714286,0.004522263,0.424179963,0.029257476,0.982142857,0.000318878,0.966365332,0.000758868,0.017857143,0.0003189,0.033634668,0.000759284,,,,,0.545454545,0.004591368,0.439524075,0.030790834
2002,private,CI,32,0,10,32,0,0,,,0.016067862,0.000305884,,,0.424179963,0.029257476,,,0.966365332,0.000758868,,,0.033634668,0.000759284,,,,,,,0.439524075,0.030790834
2003,private,CI,41,0,26,40,1,1,,,0.016067862,0.000305884,,,0.424179963,0.029257476,,,0.966365332,0.000758868,,,0.033634668,0.000759284,,,,,,,0.439524075,0.030790834
2004,private,CI,30,1,5,27,3,2,,,0.016067862,0.000305884,,,0.424179963,0.029257476,,,0.966365332,0.000758868,,,0.033634668,0.000759284,,,,,,,0.439524075,0.030790834
2005,private,CI,25,1,14,24,1,0,,,0.016067862,0.000305884,,,0.424179963,0.029257476,,,0.966365332,0.000758868,,,0.033634668,0.000759284,,,,,,,0.439524075,0.030790834
2006,private,CI,12,1,2,10,2,1,,,0.016067862,0.000305884,,,0.424179963,0.029257476,,,0.966365332,0.000758868,,,0.033634668,0.000759284,,,,,,,0.439524075,0.030790834
2007,private,CI,22,0,8,22,0,0,,,0.016067862,0.000305884,,,0.424179963,0.029257476,,,0.966365332,0.000758868,,,0.033634668,0.000759284,,,,,,,0.439524075,0.030790834
2008,private,CI,26,0,14,26,0,0,,,0.016067862,0.000305884,,,0.424179963,0.029257476,,,0.966365332,0.000758868,,,0.033634668,0.000759284,,,,,,,0.439524075,0.030790834
2009,private,CI,103,0,14,103,0,0,0,0,0.016067862,0.000305884,0.13592233,0.001151446,0.424179963,0.029257476,1,0,0.966365332,0.000758868,0,0,0.033634668,0.000759284,,,,,0.13592233,0.001151446,0.439524075,0.030790834
2010,private,CI,165,0,37,164,1,1,0,0,0.016067862,0.000305884,0.224242424,0.001060718,0.424179963,0.029257476,0.993939394,3.67E-05,0.966365332,0.000758868,0.006060606,0.0000367,0.033634668,0.000759284,,,,,0.225609756,0.00107184,0.439524075,0.030790834
2011,private,CI,150,3,52,141,9,6,0.02,0.000131544,0.016067862,0.000305884,0.346666667,0.00152006,0.424179963,0.029257476,0.94,0.000378523,0.966365332,0.000758868,0.06,0.0003785,0.033634668,0.000759284,,,,,0.368794326,0.001662751,0.439524075,0.030790834
2012,private,CI,63,1,32,62,1,0,0.015873016,0.000251953,0.016067862,0.000305884,0.507936508,0.004031242,0.424179963,0.029257476,0.984126984,0.000251953,0.966365332,0.000758868,0.015873016,0.000252,0.033634668,0.000759284,,,,,0.516129032,0.004094096,0.439524075,0.030790834
2013,private,CI,78,4,31,71,7,3,0.051282051,0.000631847,0.016067862,0.000305884,0.397435897,0.003110138,0.424179963,0.029257476,0.91025641,0.001060905,0.966365332,0.000758868,0.08974359,0.0010609,0.033634668,0.000759284,,,,,0.436619718,0.003514042,0.439524075,0.030790834
2014,private,CI,121,4,37,117,4,0,0.033057851,0.000266375,0.016067862,0.000305884,0.305785124,0.001769005,0.424179963,0.029257476,0.966942149,0.000266375,0.966365332,0.000758868,0.033057851,0.0002664,0.033634668,0.000759284,,,,,0.316239316,0.001864069,0.439524075,0.030790834
2015,private,CI,158,4,50,152,6,2,0.025316456,0.000157169,0.016067862,0.000305884,0.316455696,0.00137778,0.424179963,0.029257476,0.962025316,0.000232692,0.966365332,0.000758868,0.037974684,0.0002327,0.033634668,0.000759284,,,,,0.328947368,0.001461861,0.439524075,0.030790834
2016,private,CI,107,0,39,105,2,2,0,0,0.016067862,0.000305884,0.364485981,0.002185245,0.424179963,0.029257476,0.981308411,0.00017304,0.966365332,0.000758868,0.018691589,0.000173,0.033634668,0.000759284,,,,,0.371428571,0.002244898,0.439524075,0.030790834
2017,private,CI,81,3,34,75,6,3,0.037037037,0.000445816,0.016067862,0.000305884,0.419753086,0.003044505,0.424179963,0.029257476,0.925925926,0.000857339,0.966365332,0.000758868,0.074074074,0.0008573,0.033634668,0.000759284,,,,,0.453333333,0.003348949,0.439524075,0.030790834
2018,private,CI,171,3,98,164,7,4,0.01754386,0.000101389,0.016067862,0.000305884,0.573099415,0.001439156,0.424179963,0.029257476,0.959064327,0.000230941,0.966365332,0.000758868,0.040935673,0.0002309,0.033634668,0.000759284,,,,,0.597560976,0.001475349,0.439524075,0.030790834
2019,private,CI,228,2,168,222,6,4,0.00877193,3.83E-05,0.016067862,0.000305884,0.736842105,0.000854211,0.424179963,0.029257476,0.973684211,0.000112878,0.966365332,0.000758868,0.026315789,0.0001129,0.033634668,0.000759284,,,,,0.756756757,0.000832923,0.439524075,0.030790834
1993,charter,EASTSIDE,0,0,0,0,0,0,,,,,,,,,,,,,,,,,,,,,,,,
1994,charter,EASTSIDE,0,0,0,0,0,0,,,,,,,,,,,,,,,,,,,,,,,,
1995,charter,EASTSIDE,0,0,0,0,0,0,,,,,,,,,,,,,,,,,,,,,,,,
1996,charter,EASTSIDE,0,0,0,0,0,0,,,,,,,,,,,,,,,,,,,,,,,,
1997,charter,EASTSIDE,5,0,5,5,0,0,,,,,,,,,,,,,,,,,,,,,,,,
1998,charter,EASTSIDE,9,0,8,9,0,0,,,0.023459384,0.000863077,,,0.915616246,0.006382538,,,0.970588235,0.001493786,,,0.029411765,0.001489857,,,,,,,0.942307692,0.002731436
1999,charter,EASTSIDE,4,0,4,4,0,0,,,0.023459384,0.000863077,,,0.915616246,0.006382538,,,0.970588235,0.001493786,,,0.029411765,0.001489857,,,,,,,0.942307692,0.002731436
2000,charter,EASTSIDE,22,0,21,22,0,0,,,0.023459384,0.000863077,,,0.915616246,0.006382538,,,0.970588235,0.001493786,,,0.029411765,0.001489857,,,,,,,0.942307692,0.002731436
2001,charter,EASTSIDE,2,0,2,2,0,0,,,0.023459384,0.000863077,,,0.915616246,0.006382538,,,0.970588235,0.001493786,,,0.029411765,0.001489857,,,,,,,0.942307692,0.002731436
2002,charter,EASTSIDE,0,0,0,0,0,0,,,0.023459384,0.000863077,,,0.915616246,0.006382538,,,0.970588235,0.001493786,,,0.029411765,0.001489857,,,,,,,0.942307692,0.002731436
2003,charter,EASTSIDE,13,0,12,13,0,0,,,0.023459384,0.000863077,,,0.915616246,0.006382538,,,0.970588235,0.001493786,,,0.029411765,0.001489857,,,,,,,0.942307692,0.002731436
2004,charter,EASTSIDE,2,0,2,2,0,0,,,0.023459384,0.000863077,,,0.915616246,0.006382538,,,0.970588235,0.001493786,,,0.029411765,0.001489857,,,,,,,0.942307692,0.002731436
2005,charter,EASTSIDE,0,0,0,0,0,0,,,0.023459384,0.000863077,,,0.915616246,0.006382538,,,0.970588235,0.001493786,,,0.029411765,0.001489857,,,,,,,0.942307692,0.002731436
2006,charter,EASTSIDE,20,3,13,17,3,0,,,0.023459384,0.000863077,,,0.915616246,0.006382538,,,0.970588235,0.001493786,,,0.029411765,0.001489857,,,,,,,0.942307692,0.002731436
2007,charter,EASTSIDE,26,0,26,26,0,0,,,0.023459384,0.000863077,,,0.915616246,0.006382538,,,0.970588235,0.001493786,,,0.029411765,0.001489857,,,,,,,0.942307692,0.002731436
2008,charter,EASTSIDE,1,1,0,0,1,0,,,0.023459384,0.000863077,,,0.915616246,0.006382538,,,0.970588235,0.001493786,,,0.029411765,0.001489857,,,,,,,0.942307692,0.002731436
2009,charter,EASTSIDE,50,0,50,50,0,0,0,0,0.023459384,0.000863077,1,0,0.915616246,0.006382538,1,0,0.970588235,0.001493786,0,0,0.029411765,0.001489857,,,,,1,0,0.942307692,0.002731436
2010,charter,EASTSIDE,0,0,0,0,0,0,,,0.023459384,0.000863077,,,0.915616246,0.006382538,,,0.970588235,0.001493786,,,0.029411765,0.001489857,,,,,,,0.942307692,0.002731436
2011,charter,EASTSIDE,0,0,0,0,0,0,,,0.023459384,0.000863077,,,0.915616246,0.006382538,,,0.970588235,0.001493786,,,0.029411765,0.001489857,,,,,,,0.942307692,0.002731436
2012,charter,EASTSIDE,25,0,21,25,0,0,,,0.023459384,0.000863077,,,0.915616246,0.006382538,,,0.970588235,0.001493786,,,0.029411765,0.001489857,,,,,,,0.942307692,0.002731436
2013,charter,EASTSIDE,0,0,0,0,0,0,,,0.023459384,0.000863077,,,0.915616246,0.006382538,,,0.970588235,0.001493786,,,0.029411765,0.001489857,,,,,,,0.942307692,0.002731436
2014,charter,EASTSIDE,0,0,0,0,0,0,,,0.023459384,0.000863077,,,0.915616246,0.006382538,,,0.970588235,0.001493786,,,0.029411765,0.001489857,,,,,,,0.942307692,0.002731436
2015,charter,EASTSIDE,26,0,21,25,1,1,,,0.023459384,0.000863077,,,0.915616246,0.006382538,,,0.970588235,0.001493786,,,0.029411765,0.001489857,,,,,,,0.942307692,0.002731436
2016,charter,EASTSIDE,56,3,47,52,4,1,0.053571429,0.000921846,0.023459384,0.000863077,0.839285714,0.002452458,0.915616246,0.006382538,0.928571429,0.001205937,0.970588235,0.001493786,0.071428571,0.0012059,0.029411765,0.001489857,,,,,0.903846154,0.001704084,0.942307692,0.002731436
2017,charter,EASTSIDE,119,2,108,117,2,0,0.016806723,0.000140036,0.023459384,0.000863077,0.907563025,0.000710952,0.915616246,0.006382538,0.983193277,0.000140036,0.970588235,0.001493786,0.016806723,0.00014,0.029411765,0.001489857,,,,,0.923076923,0.00061212,0.942307692,0.002731436
2018,charter,EASTSIDE,37,0,36,37,0,0,,,0.023459384,0.000863077,,,0.915616246,0.006382538,,,0.970588235,0.001493786,,,0.029411765,0.001489857,,,,,,,0.942307692,0.002731436
2019,charter,EASTSIDE,35,0,34,35,0,0,,,0.023459384,0.000863077,,,0.915616246,0.006382538,,,0.970588235,0.001493786,,,0.029411765,0.001489857,,,,,,,0.942307692,0.002731436
1993,private,EASTSIDE,0,0,0,0,0,0,,,,,,,,,,,,,,,,,,,,,,,,
1994,private,EASTSIDE,0,0,0,0,0,0,,,,,,,,,,,,,,,,,,,,,,,,
1995,private,EASTSIDE,0,0,0,0,0,0,,,,,,,,,,,,,,,,,,,,,,,,
1996,private,EASTSIDE,0,0,0,0,0,0,,,,,,,,,,,,,,,,,,,,,,,,
1997,private,EASTSIDE,0,0,0,0,0,0,,,,,,,,,,,,,,,,,,,,,,,,
1998,private,EASTSIDE,0,0,0,0,0,0,,,,,,,,,,,,,,,,,,,,,,,,
1999,private,EASTSIDE,1,0,1,1,0,0,,,,,,,,,,,,,,,,,,,,,,,,
2000,private,EASTSIDE,11,0,11,11,0,0,,,,,,,,,,,,,,,,,,,,,,,,
2001,private,EASTSIDE,10,0,10,10,0,0,,,,,,,,,,,,,,,,,,,,,,,,
2002,private,EASTSIDE,0,0,0,0,0,0,,,,,,,,,,,,,,,,,,,,,,,,
2003,private,EASTSIDE,4,0,4,4,0,0,,,,,,,,,,,,,,,,,,,,,,,,
2004,private,EASTSIDE,1,0,1,1,0,0,,,,,,,,,,,,,,,,,,,,,,,,
2005,private,EASTSIDE,0,0,0,0,0,0,,,,,,,,,,,,,,,,,,,,,,,,
2006,private,EASTSIDE,0,0,0,0,0,0,,,,,,,,,,,,,,,,,,,,,,,,
2007,private,EASTSIDE,0,0,0,0,0,0,,,,,,,,,,,,,,,,,,,,,,,,
2008,private,EASTSIDE,0,0,0,0,0,0,,,,,,,,,,,,,,,,,,,,,,,,
2009,private,EASTSIDE,0,0,0,0,0,0,,,,,,,,,,,,,,,,,,,,,,,,
2010,private,EASTSIDE,0,0,0,0,0,0,,,,,,,,,,,,,,,,,,,,,,,,
2011,private,EASTSIDE,0,0,0,0,0,0,,,,,,,,,,,,,,,,,,,,,,,,
2012,private,EASTSIDE,0,0,0,0,0,0,,,,,,,,,,,,,,,,,,,,,,,,
2013,private,EASTSIDE,0,0,0,0,0,0,,,,,,,,,,,,,,,,,,,,,,,,
2014,private,EASTSIDE,0,0,0,0,0,0,,,,,,,,,,,,,,,,,,,,,,,,
2015,private,EASTSIDE,16,0,16,16,0,0,,,,,,,,,,,,,,,,,,,,,,,,
2016,private,EASTSIDE,0,0,0,0,0,0,,,,,,,,,,,,,,,,,,,,,,,,
2017,private,EASTSIDE,25,0,24,25,0,0,,,,,,,,,,,,,,,,,,,,,,,,
2018,private,EASTSIDE,2,0,2,2,0,0,,,,,,,,,,,,,,,,,,,,,,,,
2019,private,EASTSIDE,0,0,0,0,0,0,,,,,,,,,,,,,,,,,,,,,,,,
1993,charter,NG,254,70,137,171,83,13,,,,,,,,,,,,,,,,,,,,,,,,
1994,charter,NG,174,62,74,97,77,15,,,,,,,,,,,,,,,,,,,,,,,,
1995,charter,NG,215,74,94,120,95,21,,,,,,,,,,,,,,,,,,,,,,,,
1996,charter,NG,164,24,134,138,26,2,,,,,,,,,,,,,,,,,,,,,,,,
1997,charter,NG,190,105,56,72,118,13,,,,,,,,,,,,,,,,,,,,,,,,
1998,charter,NG,144,38,89,101,43,5,0.167894558,0.000976965,0.144752104,0.006968062,0.706579112,0.001449826,0.677958334,0.00633384,0.796052808,0.001135334,0.779445229,0.008108187,0.203947192,0.0011353,0.220554771,0.008116286,,,0.62181095,0.0238726,0.887603316,0.000997637,0.871350888,0.002570504
1999,charter,NG,382,125,197,241,141,16,0.344040169,0.000592327,0.144752104,0.006968062,0.561481712,0.000646247,0.677958334,0.00633384,0.602549344,0.000628566,0.779445229,0.008108187,0.397450656,0.0006286,0.220554771,0.008116286,0.865617312,0.000830886,0.62181095,0.0238726,0.931843538,0.00026463,0.871350888,0.002570504
2000,charter,NG,259,140,81,99,160,20,0.366195489,0.000899598,0.144752104,0.006968062,0.443222273,0.000956497,0.677958334,0.00633384,0.504091341,0.000968927,0.779445229,0.008108187,0.495908659,0.0009689,0.220554771,0.008116286,0.738433345,0.001214777,0.62181095,0.0238726,0.879249923,0.001083362,0.871350888,0.002570504
2001,charter,NG,272,89,131,163,109,20,0.180684049,0.000546263,0.144752104,0.006968062,0.664262702,0.000822944,0.677958334,0.00633384,0.729714093,0.000727791,0.779445229,0.008108187,0.270285907,0.0007278,0.220554771,0.008116286,0.668492304,0.002051948,0.62181095,0.0238726,0.910305432,0.000504009,0.871350888,0.002570504
2002,charter,NG,286,62,190,211,75,13,0.15060239,0.000448847,0.144752104,0.006968062,0.707129282,0.000726658,0.677958334,0.00633384,0.798768023,0.000563992,0.779445229,0.008108187,0.201231977,0.000564,0.220554771,0.008116286,0.748401878,0.002544547,0.62181095,0.0238726,0.8852749,0.000483635,0.871350888,0.002570504
2003,charter,NG,639,121,402,504,135,14,0.110095034,0.000153564,0.144752104,0.006968062,0.771265324,0.000276513,0.677958334,0.00633384,0.863870595,0.000184323,0.779445229,0.008108187,0.136129405,0.0001843,0.220554771,0.008116286,0.808752773,0.001154267,0.62181095,0.0238726,0.892801917,0.000190272,0.871350888,0.002570504
2004,charter,NG,825,160,572,636,189,29,0.191989313,0.000188264,0.144752104,0.006968062,0.696650189,0.000256467,0.677958334,0.00633384,0.772957678,0.000212978,0.779445229,0.008108187,0.227042322,0.000213,0.220554771,0.008116286,0.845610243,0.000694434,0.62181095,0.0238726,0.901278568,0.000140119,0.871350888,0.002570504
2005,charter,NG,549,132,333,365,184,52,0.24016622,0.000333004,0.144752104,0.006968062,0.606816996,0.000435383,0.677958334,0.00633384,0.665067447,0.000406483,0.779445229,0.008108187,0.334932553,0.0004065,0.220554771,0.008116286,0.71705846,0.001108665,0.62181095,0.0238726,0.91241422,0.000219545,0.871350888,0.002570504
2006,charter,NG,744,120,516,572,172,52,0.145731275,0.000167555,0.144752104,0.006968062,0.715376411,0.000274042,0.677958334,0.00633384,0.779225929,0.000231538,0.779445229,0.008108187,0.220774071,0.0002315,0.220554771,0.008116286,0.660092348,0.001312108,0.62181095,0.0238726,0.918060327,0.000131744,0.871350888,0.002570504
2007,charter,NG,615,54,508,532,83,29,0.076736218,0.000115387,0.144752104,0.006968062,0.83479012,0.000224618,0.677958334,0.00633384,0.866168901,0.000188795,0.779445229,0.008108187,0.133831099,0.0001888,0.220554771,0.008116286,0.573381061,0.002983112,0.62181095,0.0238726,0.963772908,6.58E-05,0.871350888,0.002570504
2008,charter,NG,712,102,549,574,138,36,0.136179032,0.000165449,0.144752104,0.006968062,0.775547383,0.000244829,0.677958334,0.00633384,0.812824456,0.000213982,0.779445229,0.008108187,0.187175544,0.000214,0.220554771,0.008116286,0.727547144,0.001446878,0.62181095,0.0238726,0.954138839,7.64E-05,0.871350888,0.002570504
2009,charter,NG,952,101,651,791,161,60,0.106119875,9.97E-05,0.144752104,0.006968062,0.684062365,0.000227257,0.677958334,0.00633384,0.831004263,0.000147672,0.779445229,0.008108187,0.168995737,0.0001477,0.220554771,0.008116286,0.627944095,0.001460189,0.62181095,0.0238726,0.823175519,0.00018425,0.871350888,0.002570504
2010,charter,NG,1144,207,716,861,283,76,0.185736636,0.000132317,0.144752104,0.006968062,0.634151713,0.000202978,0.677958334,0.00633384,0.740651217,0.000168055,0.779445229,0.008108187,0.259348783,0.0001681,0.220554771,0.008116286,0.716165443,0.000720824,0.62181095,0.0238726,0.856208291,0.000143158,0.871350888,0.002570504
2011,charter,NG,859,98,562,707,152,54,0.109502742,0.00011365,0.144752104,0.006968062,0.655053489,0.000263355,0.677958334,0.00633384,0.825887425,0.000167596,0.779445229,0.008108187,0.174112575,0.0001676,0.220554771,0.008116286,0.628919206,0.001545562,0.62181095,0.0238726,0.793151063,0.000232383,0.871350888,0.002570504
2012,charter,NG,823,104,582,653,170,66,0.129248613,0.000136914,0.144752104,0.006968062,0.699222336,0.000255852,0.677958334,0.00633384,0.788544206,0.000202849,0.779445229,0.008108187,0.211455794,0.0002028,0.220554771,0.008116286,0.611232307,0.001406079,0.62181095,0.0238726,0.886725603,0.000154054,0.871350888,0.002570504
2013,charter,NG,1190,131,788,978,212,81,0.104010577,7.84E-05,0.144752104,0.006968062,0.672115407,0.000185346,0.677958334,0.00633384,0.823342317,0.000122329,0.779445229,0.008108187,0.176657683,0.0001223,0.220554771,0.008116286,0.588769057,0.001147488,0.62181095,0.0238726,0.816325595,0.000153468,0.871350888,0.002570504
2014,charter,NG,948,74,645,762,186,112,0.075756008,7.39E-05,0.144752104,0.006968062,0.677297081,0.000230798,0.677958334,0.00633384,0.803434021,0.000166766,0.779445229,0.008108187,0.196565979,0.0001668,0.220554771,0.008116286,0.385397354,0.001280358,0.62181095,0.0238726,0.843002741,0.000173915,0.871350888,0.002570504
2015,charter,NG,494,30,357,422,72,42,0.049066326,9.46E-05,0.144752104,0.006968062,0.710799798,0.000416964,0.677958334,0.00633384,0.857424157,0.000247967,0.779445229,0.008108187,0.142575843,0.000248,0.220554771,0.008116286,0.344141928,0.00317899,0.62181095,0.0238726,0.828994369,0.000336729,0.871350888,0.002570504
2016,charter,NG,1364,75,1010,1187,177,102,0.053156939,3.69E-05,0.144752104,0.006968062,0.747152544,0.000138603,0.677958334,0.00633384,0.876362584,7.95E-05,0.779445229,0.008108187,0.123637416,0.0000795,0.220554771,0.008116286,0.429942172,0.001392568,0.62181095,0.0238726,0.852560981,0.000105987,0.871350888,0.002570504
2017,charter,NG,618,48,395,471,147,99,0.090666055,0.000133624,0.144752104,0.006968062,0.621345867,0.000381321,0.677958334,0.00633384,0.750956666,0.000303113,0.779445229,0.008108187,0.249043334,0.0003031,0.220554771,0.008116286,0.364057347,0.001585751,0.62181095,0.0238726,0.827405755,0.000303841,0.871350888,0.002570504
2018,charter,NG,1044,92,719,850,194,102,0.090789925,7.91E-05,0.144752104,0.006968062,0.668753194,0.00021239,0.677958334,0.00633384,0.810400408,0.000147317,0.779445229,0.008108187,0.189599592,0.0001473,0.220554771,0.008116286,0.478850847,0.001293019,0.62181095,0.0238726,0.825213299,0.00016989,0.871350888,0.002570504
2019,charter,NG,1077,95,692,909,168,73,0.080178835,6.85E-05,0.144752104,0.006968062,0.662008043,0.000207949,0.677958334,0.00633384,0.848497166,0.00011947,0.779445229,0.008108187,0.151502834,0.0001195,0.220554771,0.008116286,0.529223338,0.001491892,0.62181095,0.0238726,0.780212439,0.000188856,0.871350888,0.002570504
1993,private,NG,109,17,61,71,38,21,,,,,,,,,,,,,,,,,,,,,,,,
1994,private,NG,68,2,58,59,9,7,,,,,,,,,,,,,,,,,,,,,,,,
1995,private,NG,84,25,31,32,52,27,,,,,,,,,,,,,,,,,,,,,,,,
1996,private,NG,48,5,32,37,11,6,,,,,,,,,,,,,,,,,,,,,,,,
1997,private,NG,132,17,112,114,18,1,,,,,,,,,,,,,,,,,,,,,,,,
1998,private,NG,165,17,123,138,27,10,0.091075219,0.000504759,0.152725416,0.004258046,0.774990636,0.001063294,0.67107474,0.007256406,0.855351123,0.000754424,0.762516515,0.007035572,0.144648877,0.0007544,0.237483485,0.007032068,,,0.63748794,0.008546849,0.906049709,0.00062134,0.880152236,0.003149907
1999,private,NG,151,20,99,105,46,26,0.215338128,0.001126451,0.152725416,0.004258046,0.579762829,0.001624253,0.67107474,0.007256406,0.61333272,0.001581038,0.762516515,0.007035572,0.38666728,0.001581,0.237483485,0.007032068,,,0.63748794,0.008546849,0.945266427,0.000497479,0.880152236,0.003149907
2000,private,NG,136,10,101,112,24,14,0.073529412,0.000504614,0.152725416,0.004258046,0.742647059,0.001415722,0.67107474,0.007256406,0.823529412,0.001076509,0.762516515,0.007035572,0.176470588,0.0010765,0.237483485,0.007032068,,,0.63748794,0.008546849,0.901785714,0.000797912,0.880152236,0.003149907
2001,private,NG,166,32,122,130,36,4,0.192771084,0.000943093,0.152725416,0.004258046,0.734939759,0.001180626,0.67107474,0.007256406,0.78313253,0.001029309,0.762516515,0.007035572,0.21686747,0.0010293,0.237483485,0.007032068,,,0.63748794,0.008546849,0.938461538,0.000447686,0.880152236,0.003149907
2002,private,NG,279,17,221,251,28,11,0.071059059,0.000237445,0.152725416,0.004258046,0.756154697,0.000663255,0.67107474,0.007256406,0.893290647,0.000342887,0.762516515,0.007035572,0.106709353,0.0003429,0.237483485,0.007032068,,,0.63748794,0.008546849,0.846482273,0.0005198,0.880152236,0.003149907
2003,private,NG,307,35,245,269,38,3,0.113321399,0.000328365,0.152725416,0.004258046,0.800101624,0.000522677,0.67107474,0.007256406,0.877220427,0.000351976,0.762516515,0.007035572,0.122779573,0.000352,0.237483485,0.007032068,,,0.63748794,0.008546849,0.912087315,0.000299194,0.880152236,0.003149907
2004,private,NG,440,82,303,328,112,30,0.167403441,0.000317493,0.152725416,0.004258046,0.720313763,0.000458911,0.67107474,0.007256406,0.771351397,0.00040175,0.762516515,0.007035572,0.228648603,0.0004018,0.237483485,0.007032068,0.732142857,0.001766754,0.63748794,0.008546849,0.933833484,0.000188956,0.880152236,0.003149907
2005,private,NG,244,37,148,173,71,34,0.1287974,0.000461764,0.152725416,0.004258046,0.657454441,0.000926782,0.67107474,0.007256406,0.752848232,0.000765711,0.762516515,0.007035572,0.247151768,0.0007657,0.237483485,0.007032068,0.521126761,0.003565052,0.63748794,0.008546849,0.873289481,0.000643343,0.880152236,0.003149907
2006,private,NG,312,56,198,217,95,39,0.187181546,0.000489211,0.152725416,0.004258046,0.59946612,0.000772047,0.67107474,0.007256406,0.694638461,0.000682045,0.762516515,0.007035572,0.305361539,0.000682,0.237483485,0.007032068,0.612983371,0.002523774,0.63748794,0.008546849,0.862990108,0.000547399,0.880152236,0.003149907
2007,private,NG,256,30,177,203,53,23,0.1286367,0.000439566,0.152725416,0.004258046,0.695512806,0.000830489,0.67107474,0.007256406,0.788821231,0.000653264,0.762516515,0.007035572,0.211178769,0.0006533,0.237483485,0.007032068,0.609136518,0.004578639,0.63748794,0.008546849,0.881711569,0.000516318,0.880152236,0.003149907
2008,private,NG,219,28,152,167,52,24,0.127853881,0.000511501,0.152725416,0.004258046,0.694063927,0.000974033,0.67107474,0.007256406,0.762557078,0.000830568,0.762516515,0.007035572,0.237442922,0.0008306,0.237483485,0.007032068,0.538461538,0.004872955,0.63748794,0.008546849,0.910179641,0.000492486,0.880152236,0.003149907
2009,private,NG,554,41,401,453,101,60,0.106458008,0.000172016,0.152725416,0.004258046,0.673834961,0.000397435,0.67107474,0.007256406,0.803241314,0.000285795,0.762516515,0.007035572,0.196758686,0.0002858,0.237483485,0.007032068,0.541058744,0.002483142,0.63748794,0.008546849,0.8388948,0.000299005,0.880152236,0.003149907
2010,private,NG,546,68,365,414,132,64,0.113661309,0.000184848,0.152725416,0.004258046,0.676178744,0.000401763,0.67107474,0.007256406,0.776003089,0.00031894,0.762516515,0.007035572,0.223996911,0.0003189,0.237483485,0.007032068,0.507423557,0.001907976,0.63748794,0.008546849,0.871360892,0.000271407,0.880152236,0.003149907
2011,private,NG,387,60,239,268,119,59,0.324142013,0.000567549,0.152725416,0.004258046,0.493975715,0.000647574,0.67107474,0.007256406,0.553914191,0.000640138,0.762516515,0.007035572,0.446085809,0.0006401,0.237483485,0.007032068,0.726636012,0.001683357,0.63748794,0.008546849,0.891791045,0.000361422,0.880152236,0.003149907
2012,private,NG,522,73,383,404,118,45,0.289746909,0.000394997,0.152725416,0.004258046,0.620689687,0.000451889,0.67107474,0.007256406,0.649187134,0.000437127,0.762516515,0.007035572,0.350812866,0.0004371,0.237483485,0.007032068,0.82593011,0.0012288,0.63748794,0.008546849,0.956102878,0.000104144,0.880152236,0.003149907
2013,private,NG,646,67,507,548,98,31,0.103530336,0.000143894,0.152725416,0.004258046,0.784812228,0.000261833,0.67107474,0.007256406,0.848380584,0.000199428,0.762516515,0.007035572,0.151619416,0.0001994,0.237483485,0.007032068,0.682830331,0.002232712,0.63748794,0.008546849,0.925070944,0.000126718,0.880152236,0.003149907
2014,private,NG,529,75,363,403,126,51,0.144451751,0.000234063,0.152725416,0.004258046,0.677373362,0.000413899,0.67107474,0.007256406,0.749569693,0.000355521,0.762516515,0.007035572,0.250430307,0.0003555,0.237483485,0.007032068,0.576814177,0.001952797,0.63748794,0.008546849,0.903682964,0.000216518,0.880152236,0.003149907
2015,private,NG,517,59,376,420,97,38,0.13784825,0.000230322,0.152725416,0.004258046,0.726164147,0.000385368,0.67107474,0.007256406,0.796654572,0.000313946,0.762516515,0.007035572,0.203345428,0.0003139,0.237483485,0.007032068,0.677901893,0.002274489,0.63748794,0.008546849,0.911516952,0.000192491,0.880152236,0.003149907
2016,private,NG,451,52,306,356,95,43,0.162951385,0.000303107,0.152725416,0.004258046,0.606642329,0.000530283,0.67107474,0.007256406,0.766303231,0.000397961,0.762516515,0.007035572,0.233696769,0.000398,0.237483485,0.007032068,0.697277015,0.002245551,0.63748794,0.008546849,0.791647881,0.000464624,0.880152236,0.003149907
2017,private,NG,213,20,145,173,40,20,0.091523499,0.000392203,0.152725416,0.004258046,0.672333946,0.001039156,0.67107474,0.007256406,0.80846748,0.000730414,0.762516515,0.007035572,0.19153252,0.0007304,0.237483485,0.007032068,,,0.63748794,0.008546849,0.831615325,0.000814135,0.880152236,0.003149907
2018,private,NG,366,67,200,256,110,43,0.190348584,0.000422236,0.152725416,0.004258046,0.560362447,0.000674949,0.67107474,0.007256406,0.700557866,0.00057473,0.762516515,0.007035572,0.299442134,0.0005747,0.237483485,0.007032068,0.635677355,0.002124694,0.63748794,0.008546849,0.799880316,0.000627733,0.880152236,0.003149907
2019,private,NG,360,68,192,254,106,38,0.198329838,0.000442883,0.152725416,0.004258046,0.51586905,0.000695677,0.67107474,0.007256406,0.707010913,0.00057701,0.762516515,0.007035572,0.292989087,0.000577,0.237483485,0.007032068,0.676918855,0.002082854,0.63748794,0.008546849,0.729647932,0.000779691,0.880152236,0.003149907
1993,charter,NORTHEAST,78,0,55,78,0,0,0,0,,,0.705128205,0.002700291,,,1,0,,,0,0,,,,,,,0.705128205,0.002700291,,
1994,charter,NORTHEAST,127,1,100,126,1,0,0.007874016,6.20E-05,,,0.787401575,0.001328574,,,0.992125984,6.20E-05,,,0.007874016,0.000062,,,,,,,0.793650794,0.001310154,,
1995,charter,NORTHEAST,156,2,121,153,3,1,0.012820513,8.17E-05,,,0.775641026,0.001122723,,,0.980769231,0.000121684,,,0.019230769,0.0001217,,,,,,,0.790849673,0.0010882,,
1996,charter,NORTHEAST,81,2,74,78,3,1,0.024691358,0.000301021,,,0.913580247,0.000986892,,,0.962962963,0.000445816,,,0.037037037,0.0004458,,,,,,,0.948717949,0.000631847,,
1997,charter,NORTHEAST,38,5,30,33,5,0,,,,,,,,,,,,,,,,,,,,,,,,
1998,charter,NORTHEAST,119,22,78,97,22,0,0.18487395,0.001277081,0.080637655,0.004244505,0.655462185,0.001913826,0.703951185,0.013685265,0.81512605,0.001277081,0.911683585,0.004430161,0.18487395,0.0012771,0.088316415,0.004434891,,,,,0.804123711,0.001640716,0.772831696,0.016729418
1999,charter,NORTHEAST,110,5,93,105,5,0,0.045454545,0.000398059,0.080637655,0.004244505,0.845454545,0.001198726,0.703951185,0.013685265,0.954545455,0.000398059,0.911683585,0.004430161,0.045454545,0.0003981,0.088316415,0.004434891,,,,,0.885714286,0.000973312,0.772831696,0.016729418
2000,charter,NORTHEAST,112,10,94,102,10,0,0.089285714,0.000732557,0.080637655,0.004244505,0.839285714,0.001215182,0.703951185,0.013685265,0.910714286,0.000732557,0.911683585,0.004430161,0.089285714,0.0007326,0.088316415,0.004434891,,,,,0.921568627,0.000715642,0.772831696,0.016729418
2001,charter,NORTHEAST,66,5,58,61,5,0,0.075757576,0.001077206,0.080637655,0.004244505,0.878787879,0.001638765,0.703951185,0.013685265,0.924242424,0.001077206,0.911683585,0.004430161,0.075757576,0.0010772,0.088316415,0.004434891,,,,,0.950819672,0.00077936,0.772831696,0.016729418
2002,charter,NORTHEAST,60,2,50,57,3,1,0.033333333,0.000546139,0.080637655,0.004244505,0.833333333,0.002354049,0.703951185,0.013685265,0.95,0.000805085,0.911683585,0.004430161,0.05,0.0008051,0.088316415,0.004434891,,,,,0.877192982,0.001923669,0.772831696,0.016729418
2003,charter,NORTHEAST,100,8,79,92,8,0,0.08,0.000743434,0.080637655,0.004244505,0.79,0.001675758,0.703951185,0.013685265,0.92,0.000743434,0.911683585,0.004430161,0.08,0.0007434,0.088316415,0.004434891,,,,,0.858695652,0.001333378,0.772831696,0.016729418
2004,charter,NORTHEAST,175,17,121,156,19,2,0.097142857,0.000504058,0.080637655,0.004244505,0.691428571,0.001226179,0.703951185,0.013685265,0.891428571,0.000556228,0.911683585,0.004430161,0.108571429,0.0005562,0.088316415,0.004434891,,,,,0.775641026,0.001122723,0.772831696,0.016729418
2005,charter,NORTHEAST,155,34,111,119,36,2,0.219354839,0.001111937,0.080637655,0.004244505,0.716129032,0.001320054,0.703951185,0.013685265,0.767741935,0.001157885,0.911683585,0.004430161,0.232258065,0.0011579,0.088316415,0.004434891,,,,,0.932773109,0.000531419,0.772831696,0.016729418
2006,charter,NORTHEAST,142,29,97,112,30,1,0.204225352,0.001152605,0.080637655,0.004244505,0.683098592,0.001535283,0.703951185,0.013685265,0.788732394,0.001181799,0.911683585,0.004430161,0.211267606,0.0011818,0.088316415,0.004434891,,,,,0.866071429,0.00104497,0.772831696,0.016729418
2007,charter,NORTHEAST,80,0,49,79,1,1,0,0,0.080637655,0.004244505,0.6125,0.003004351,0.703951185,0.013685265,0.9875,0.00015625,0.911683585,0.004430161,0.0125,0.0001563,0.088316415,0.004434891,,,,,0.620253165,0.003019733,0.772831696,0.016729418
2008,charter,NORTHEAST,144,16,107,127,17,1,0.111111111,0.000690667,0.080637655,0.004244505,0.743055556,0.001335133,0.703951185,0.013685265,0.881944444,0.000728101,0.911683585,0.004430161,0.118055556,0.0007281,0.088316415,0.004434891,,,,,0.842519685,0.001053018,0.772831696,0.016729418
2009,charter,NORTHEAST,90,16,53,72,18,2,0.177777778,0.001642391,0.080637655,0.004244505,0.588888889,0.002720211,0.703951185,0.013685265,0.8,0.001797753,0.911683585,0.004430161,0.2,0.0017978,0.088316415,0.004434891,,,,,0.736111111,0.002735937,0.772831696,0.016729418
2010,charter,NORTHEAST,116,14,53,99,17,3,0.120689655,0.000922814,0.080637655,0.004244505,0.456896552,0.002157757,0.703951185,0.013685265,0.853448276,0.001087603,0.911683585,0.004430161,0.146551724,0.0010876,0.088316415,0.004434891,,,,,0.535353535,0.002538267,0.772831696,0.016729418
2011,charter,NORTHEAST,145,7,119,138,7,0,0.048275862,0.000319065,0.080637655,0.004244505,0.820689655,0.001021932,0.703951185,0.013685265,0.951724138,0.000319065,0.911683585,0.004430161,0.048275862,0.0003191,0.088316415,0.004434891,,,,,0.862318841,0.000866606,0.772831696,0.016729418
2012,charter,NORTHEAST,144,4,108,139,5,1,0.027777778,0.000188854,0.080637655,0.004244505,0.75,0.001311189,0.703951185,0.013685265,0.965277778,0.000234382,0.911683585,0.004430161,0.034722222,0.0002344,0.088316415,0.004434891,,,,,0.776978417,0.001255674,0.772831696,0.016729418
2013,charter,NORTHEAST,472,19,244,452,20,1,0.040254237,8.20E-05,0.080637655,0.004244505,0.516949153,0.000530176,0.703951185,0.013685265,0.957627119,8.62E-05,0.911683585,0.004430161,0.042372881,0.0000862,0.088316415,0.004434891,,,,,0.539823009,0.000550807,0.772831696,0.016729418
2014,charter,NORTHEAST,322,13,251,308,14,1,0.040372671,0.000120694,0.080637655,0.004244505,0.779503106,0.000535446,0.703951185,0.013685265,0.956521739,0.000129557,0.911683585,0.004430161,0.043478261,0.0001296,0.088316415,0.004434891,,,,,0.814935065,0.000491257,0.772831696,0.016729418
2015,charter,NORTHEAST,112,9,72,103,9,0,0.080357143,0.000665765,0.080637655,0.004244505,0.642857143,0.002068395,0.703951185,0.013685265,0.919642857,0.000665765,0.911683585,0.004430161,0.080357143,0.0006658,0.088316415,0.004434891,,,,,0.699029126,0.002062622,0.772831696,0.016729418
2016,charter,NORTHEAST,332,4,175,321,11,7,0.012048193,3.60E-05,0.080637655,0.004244505,0.527108434,0.000753067,0.703951185,0.013685265,0.96686747,9.68E-05,0.911683585,0.004430161,0.03313253,0.0000968,0.088316415,0.004434891,,,,,0.54517134,0.000774874,0.772831696,0.016729418
2017,charter,NORTHEAST,245,5,150,239,6,1,0.020408163,8.19E-05,0.080637655,0.004244505,0.612244898,0.000972955,0.703951185,0.013685265,0.975510204,9.79E-05,0.911683585,0.004430161,0.024489796,0.0000979,0.088316415,0.004434891,,,,,0.627615063,0.000981993,0.772831696,0.016729418
2018,charter,NORTHEAST,343,6,252,333,10,4,0.017492711,5.03E-05,0.080637655,0.004244505,0.734693878,0.000569938,0.703951185,0.013685265,0.970845481,8.28E-05,0.911683585,0.004430161,0.029154519,0.0000828,0.088316415,0.004434891,,,,,0.756756757,0.000554446,0.772831696,0.016729418
2019,charter,NORTHEAST,229,11,176,217,12,1,0.048034934,0.00020056,0.080637655,0.004244505,0.768558952,0.000780158,0.703951185,0.013685265,0.947598253,0.000217789,0.911683585,0.004430161,0.052401747,0.0002178,0.088316415,0.004434891,,,,,0.811059908,0.000709452,0.772831696,0.016729418
1993,private,NORTHEAST,186,1,161,185,1,0,0.005376344,2.89E-05,,,0.865591398,0.000628881,,,0.994623656,2.89E-05,,,0.005376344,0.0000289,,,,,,,0.87027027,0.000613587,,
1994,private,NORTHEAST,73,1,58,72,1,0,0.01369863,0.000187652,,,0.794520548,0.002267467,,,0.98630137,0.000187652,,,0.01369863,0.0001877,,,,,,,0.805555556,0.002206138,,
1995,private,NORTHEAST,106,9,62,97,9,0,0.08490566,0.000739968,,,0.58490566,0.002312296,,,0.91509434,0.000739968,,,0.08490566,0.00074,,,,,,,0.639175258,0.002402398,,
1996,private,NORTHEAST,74,0,65,73,1,1,0,0,,,0.878378378,0.001463422,,,0.986486486,0.000182615,,,0.013513514,0.0001826,,,,,,,0.890410959,0.001355268,,
1997,private,NORTHEAST,29,2,26,27,2,0,,,,,,,,,,,,,,,,,,,,,,,,
1998,private,NORTHEAST,90,3,75,87,3,0,0.033333333,0.000362047,0.030639151,0.000702387,0.833333333,0.001560549,0.750339096,0.006145112,0.966666667,0.000362047,0.962567214,0.000813663,0.033333333,0.000362,0.037432786,0.00081889,,,,,0.862068966,0.001382629,0.778824081,0.005202583
1999,private,NORTHEAST,223,6,159,217,6,0,0.02690583,0.000117937,0.030639151,0.000702387,0.713004484,0.000921753,0.750339096,0.006145112,0.97309417,0.000117937,0.962567214,0.000813663,0.02690583,0.0001179,0.037432786,0.00081889,,,,,0.732718894,0.000906676,0.778824081,0.005202583
2000,private,NORTHEAST,195,1,145,194,1,0,0.005128205,2.63E-05,0.030639151,0.000702387,0.743589744,0.000982804,0.750339096,0.006145112,0.994871795,2.63E-05,0.962567214,0.000813663,0.005128205,0.0000263,0.037432786,0.00081889,,,,,0.74742268,0.000978145,0.778824081,0.005202583
2001,private,NORTHEAST,89,0,73,89,0,0,0,0,0.030639151,0.000702387,0.820224719,0.001675638,0.750339096,0.006145112,1,0,0.962567214,0.000813663,0,0,0.037432786,0.00081889,,,,,0.820224719,0.001675638,0.778824081,0.005202583
2002,private,NORTHEAST,166,11,101,154,12,1,0.06626506,0.000374994,0.030639151,0.000702387,0.608433735,0.001443892,0.750339096,0.006145112,0.927710843,0.000406445,0.962567214,0.000813663,0.072289157,0.0004064,0.037432786,0.00081889,,,,,0.655844156,0.001475246,0.778824081,0.005202583
2003,private,NORTHEAST,187,1,137,186,1,0,0.005347594,2.86E-05,0.030639151,0.000702387,0.732620321,0.00105316,0.750339096,0.006145112,0.994652406,2.86E-05,0.962567214,0.000813663,0.005347594,0.0000286,0.037432786,0.00081889,,,,,0.73655914,0.001048864,0.778824081,0.005202583
2004,private,NORTHEAST,118,5,92,113,5,0,0.042372881,0.000346816,0.030639151,0.000702387,0.779661017,0.001468288,0.750339096,0.006145112,0.957627119,0.000346816,0.962567214,0.000813663,0.042372881,0.0003468,0.037432786,0.00081889,,,,,0.814159292,0.001350928,0.778824081,0.005202583
2005,private,NORTHEAST,174,1,143,173,1,0,0.005747126,3.30E-05,0.030639151,0.000702387,0.82183908,0.000846356,0.750339096,0.006145112,0.994252874,3.30E-05,0.962567214,0.000813663,0.005747126,0.000033,0.037432786,0.00081889,,,,,0.826589595,0.000833368,0.778824081,0.005202583
2006,private,NORTHEAST,104,4,83,98,6,2,0.038461538,0.000359051,0.030639151,0.000702387,0.798076923,0.001564565,0.750339096,0.006145112,0.942307692,0.000527805,0.962567214,0.000813663,0.057692308,0.0005278,0.037432786,0.00081889,,,,,0.846938776,0.001336428,0.778824081,0.005202583
2007,private,NORTHEAST,85,1,76,84,1,0,0.011764706,0.000138408,0.030639151,0.000702387,0.894117647,0.001127039,0.750339096,0.006145112,0.988235294,0.000138408,0.962567214,0.000813663,0.011764706,0.0001384,0.037432786,0.00081889,,,,,0.904761905,0.001038166,0.778824081,0.005202583
2008,private,NORTHEAST,75,1,52,73,2,1,0.013333333,0.000177778,0.030639151,0.000702387,0.693333333,0.002873273,0.750339096,0.006145112,0.973333333,0.000350751,0.962567214,0.000813663,0.026666667,0.0003508,0.037432786,0.00081889,,,,,0.712328767,0.002846062,0.778824081,0.005202583
2009,private,NORTHEAST,68,7,38,61,7,0,0.102941176,0.001378273,0.030639151,0.000702387,0.558823529,0.003679698,0.750339096,0.006145112,0.897058824,0.001378273,0.962567214,0.000813663,0.102941176,0.0013783,0.037432786,0.00081889,,,,,0.62295082,0.003914718,0.778824081,0.005202583
2010,private,NORTHEAST,48,0,31,47,1,1,,,0.030639151,0.000702387,,,0.750339096,0.006145112,,,0.962567214,0.000813663,,,0.037432786,0.00081889,,,,,,,0.778824081,0.005202583
2011,private,NORTHEAST,71,3,51,67,4,1,0.042253521,0.000578117,0.030639151,0.000702387,0.718309859,0.002890583,0.750339096,0.006145112,0.943661972,0.000759486,0.962567214,0.000813663,0.056338028,0.0007595,0.037432786,0.00081889,,,,,0.76119403,0.002754207,0.778824081,0.005202583
2012,private,NORTHEAST,153,2,114,151,2,0,0.013071895,8.49E-05,0.030639151,0.000702387,0.745098039,0.001249519,0.750339096,0.006145112,0.986928105,8.49E-05,0.962567214,0.000813663,0.013071895,0.0000849,0.037432786,0.00081889,,,,,0.754966887,0.001233279,0.778824081,0.005202583
2013,private,NORTHEAST,163,6,110,153,10,4,0.036809816,0.000218857,0.030639151,0.000702387,0.674846626,0.001354498,0.750339096,0.006145112,0.938650307,0.000355469,0.962567214,0.000813663,0.061349693,0.0003555,0.037432786,0.00081889,,,,,0.718954248,0.001329336,0.778824081,0.005202583
2014,private,NORTHEAST,126,10,98,115,11,1,0.079365079,0.00058453,0.030639151,0.000702387,0.777777778,0.001382716,0.750339096,0.006145112,0.912698413,0.00063744,0.962567214,0.000813663,0.087301587,0.0006374,0.037432786,0.00081889,,,,,0.852173913,0.001105031,0.778824081,0.005202583
2015,private,NORTHEAST,380,11,281,365,15,4,0.028947368,7.42E-05,0.030639151,0.000702387,0.739473684,0.000508318,0.750339096,0.006145112,0.960526316,0.000100041,0.962567214,0.000813663,0.039473684,0.0001,0.037432786,0.00081889,,,,,0.769863014,0.000486742,0.778824081,0.005202583
2016,private,NORTHEAST,320,5,267,314,6,1,0.015625,4.82E-05,0.030639151,0.000702387,0.834375,0.000433208,0.750339096,0.006145112,0.98125,5.77E-05,0.962567214,0.000813663,0.01875,0.0000577,0.037432786,0.00081889,,,,,0.850318471,0.000406636,0.778824081,0.005202583
2017,private,NORTHEAST,330,6,236,320,10,4,0.018181818,5.43E-05,0.030639151,0.000702387,0.715151515,0.000619179,0.750339096,0.006145112,0.96969697,8.93E-05,0.962567214,0.000813663,0.03030303,0.0000893,0.037432786,0.00081889,,,,,0.7375,0.000606877,0.778824081,0.005202583
2018,private,NORTHEAST,299,6,227,286,13,7,0.02006689,6.60E-05,0.030639151,0.000702387,0.759197324,0.000613479,0.750339096,0.006145112,0.956521739,0.000139557,0.962567214,0.000813663,0.043478261,0.0001396,0.037432786,0.00081889,,,,,0.793706294,0.000574514,0.778824081,0.005202583
2019,private,NORTHEAST,240,9,191,229,11,2,0.0375,0.00015102,0.030639151,0.000702387,0.795833333,0.000679844,0.750339096,0.006145112,0.954166667,0.000182982,0.962567214,0.000813663,0.045833333,0.000183,0.037432786,0.00081889,,,,,0.834061135,0.000607031,0.778824081,0.005202583
1993,charter,PWSI,108,56,13,20,88,32,,,,,,,,,,,,,,,,,,,,,,,,
1994,charter,PWSI,149,60,70,72,77,17,,,,,,,,,,,,,,,,,,,,,,,,
1995,charter,PWSI,158,71,46,51,107,36,,,,,,,,,,,,,,,,,,,,,,,,
1996,charter,PWSI,38,7,16,16,22,15,,,,,,,,,,,,,,,,,,,,,,,,
1997,charter,PWSI,50,22,21,21,29,7,,,,,,,,,,,,,,,,,,,,,,,,
1998,charter,PWSI,181,89,73,76,105,16,0.556839849,0.00137094,0.222818966,0.014915266,0.305938141,0.001179667,0.501250432,0.013345352,0.319430616,0.001207748,0.599730661,0.018703034,0.680569384,0.0012077,0.400269339,0.018758458,0.81819703,0.001430295,0.528949848,0.020934962,0.957760857,0.0005394,0.84046642,0.007521007
1999,charter,PWSI,380,168,100,126,254,86,0.339417327,0.000591592,0.222818966,0.014915266,0.48641374,0.000659144,0.501250432,0.013345352,0.518966956,0.000658681,0.599730661,0.018703034,0.481033044,0.0006587,0.400269339,0.018758458,0.705600855,0.00082106,0.528949848,0.020934962,0.937273046,0.000470338,0.84046642,0.007521007
2000,charter,PWSI,399,115,53,128,271,156,0.299439228,0.000527074,0.222818966,0.014915266,0.266200116,0.000490798,0.501250432,0.013345352,0.383705576,0.00059416,0.599730661,0.018703034,0.616294424,0.0005942,0.400269339,0.018758458,0.485870416,0.000925186,0.528949848,0.020934962,0.693761396,0.001672886,0.84046642,0.007521007
2001,charter,PWSI,305,93,74,98,207,114,0.294762623,0.000683808,0.222818966,0.014915266,0.367000932,0.000764182,0.501250432,0.013345352,0.432001281,0.000807158,0.599730661,0.018703034,0.567998719,0.0008072,0.400269339,0.018758458,0.518949451,0.001211849,0.528949848,0.020934962,0.849536675,0.001317774,0.84046642,0.007521007
2002,charter,PWSI,257,107,63,82,175,68,0.395608592,0.000933994,0.222818966,0.014915266,0.34853059,0.000886941,0.501250432,0.013345352,0.423285191,0.000953574,0.599730661,0.018703034,0.576714809,0.0009536,0.400269339,0.018758458,0.685969192,0.00123802,0.528949848,0.020934962,0.823394244,0.001795261,0.84046642,0.007521007
2003,charter,PWSI,470,199,101,172,298,99,0.261022445,0.000411279,0.222818966,0.014915266,0.554525863,0.00052671,0.501250432,0.013345352,0.61980475,0.000502445,0.599730661,0.018703034,0.38019525,0.0005024,0.400269339,0.018758458,0.686548413,0.000724578,0.528949848,0.020934962,0.894678305,0.000551047,0.84046642,0.007521007
2004,charter,PWSI,506,202,173,209,297,95,0.290079918,0.000407789,0.222818966,0.014915266,0.498137177,0.000495043,0.501250432,0.013345352,0.576425111,0.000483484,0.599730661,0.018703034,0.423574889,0.0004835,0.400269339,0.018758458,0.684837382,0.000729173,0.528949848,0.020934962,0.864183687,0.00056428,0.84046642,0.007521007
2005,charter,PWSI,316,117,111,142,174,57,0.205705334,0.0005187,0.222818966,0.014915266,0.687655595,0.000681858,0.501250432,0.013345352,0.70918184,0.00065474,0.599730661,0.018703034,0.29081816,0.0006547,0.400269339,0.018758458,0.70733318,0.001196607,0.528949848,0.020934962,0.969646368,0.00020874,0.84046642,0.007521007
2006,charter,PWSI,388,173,80,104,284,111,0.396574018,0.000618354,0.222818966,0.014915266,0.349673881,0.000587602,0.501250432,0.013345352,0.377131523,0.000606985,0.599730661,0.018703034,0.622868477,0.000607,0.400269339,0.018758458,0.636689819,0.000817371,0.528949848,0.020934962,0.927193457,0.000655396,0.84046642,0.007521007
2007,charter,PWSI,374,76,199,227,147,71,0.117210376,0.000277405,0.222818966,0.014915266,0.675756129,0.000587426,0.501250432,0.013345352,0.735140829,0.000522007,0.599730661,0.018703034,0.264859171,0.000522,0.400269339,0.018758458,0.442538482,0.001689714,0.528949848,0.020934962,0.919219968,0.00032856,0.84046642,0.007521007
2008,charter,PWSI,327,99,114,143,184,85,0.228595981,0.00054092,0.222818966,0.014915266,0.461576302,0.000762342,0.501250432,0.013345352,0.557988786,0.000756556,0.599730661,0.018703034,0.442011214,0.0007566,0.400269339,0.018758458,0.517172355,0.001364509,0.528949848,0.020934962,0.827214298,0.001006555,0.84046642,0.007521007
2009,charter,PWSI,367,74,189,222,145,71,0.18965153,0.000419901,0.222818966,0.014915266,0.544449059,0.000677662,0.501250432,0.013345352,0.632033308,0.00063543,0.599730661,0.018703034,0.367966692,0.0006354,0.400269339,0.018758458,0.515404068,0.001734463,0.528949848,0.020934962,0.861424631,0.000540146,0.84046642,0.007521007
2010,charter,PWSI,451,102,191,225,226,124,0.193704059,0.000347073,0.222818966,0.014915266,0.56620942,0.000545814,0.501250432,0.013345352,0.651335413,0.000504661,0.599730661,0.018703034,0.348664587,0.0005047,0.400269339,0.018758458,0.555559886,0.001097392,0.528949848,0.020934962,0.869305444,0.000507203,0.84046642,0.007521007
2011,charter,PWSI,473,78,208,265,208,130,0.146417061,0.000264786,0.222818966,0.014915266,0.555083015,0.000523233,0.501250432,0.013345352,0.697619543,0.000446921,0.599730661,0.018703034,0.302380457,0.0004469,0.400269339,0.018758458,0.484214698,0.001206526,0.528949848,0.020934962,0.795681572,0.000615805,0.84046642,0.007521007
2012,charter,PWSI,601,91,281,340,261,170,0.144314817,0.000205813,0.222818966,0.014915266,0.482948467,0.000416182,0.501250432,0.013345352,0.570465787,0.000408391,0.599730661,0.018703034,0.429534213,0.0004084,0.400269339,0.018758458,0.335979796,0.000858067,0.528949848,0.020934962,0.846586207,0.000383121,0.84046642,0.007521007
2013,charter,PWSI,545,78,313,371,174,96,0.152023671,0.000236971,0.222818966,0.014915266,0.517159346,0.000459018,0.501250432,0.013345352,0.65292237,0.000416571,0.599730661,0.018703034,0.34707763,0.0004166,0.400269339,0.018758458,0.438010571,0.001422875,0.528949848,0.020934962,0.792068659,0.000445124,0.84046642,0.007521007
2014,charter,PWSI,700,67,433,516,184,117,0.075429827,9.98E-05,0.222818966,0.014915266,0.605680246,0.000341676,0.501250432,0.013345352,0.768433249,0.000254569,0.599730661,0.018703034,0.231566751,0.0002546,0.400269339,0.018758458,0.32573686,0.001200177,0.528949848,0.020934962,0.788201509,0.000324155,0.84046642,0.007521007
2015,charter,PWSI,518,77,313,352,166,89,0.094462942,0.000165454,0.222818966,0.014915266,0.63511836,0.000448246,0.501250432,0.013345352,0.752192928,0.000360539,0.599730661,0.018703034,0.247807072,0.0003605,0.400269339,0.018758458,0.381195504,0.001429609,0.528949848,0.020934962,0.844355665,0.000374414,0.84046642,0.007521007
2016,charter,PWSI,816,81,390,597,219,138,0.065751801,7.54E-05,0.222818966,0.014915266,0.46381058,0.000305142,0.501250432,0.013345352,0.744609046,0.000233333,0.599730661,0.018703034,0.255390954,0.0002333,0.400269339,0.018758458,0.257455483,0.000876937,0.528949848,0.020934962,0.622891412,0.000394124,0.84046642,0.007521007
2017,charter,PWSI,552,114,261,348,204,90,0.109829329,0.000177435,0.222818966,0.014915266,0.534441178,0.000451568,0.501250432,0.013345352,0.745766561,0.000344099,0.599730661,0.018703034,0.254233439,0.0003441,0.400269339,0.018758458,0.432001899,0.00120875,0.528949848,0.020934962,0.716633336,0.000585216,0.84046642,0.007521007
2018,charter,PWSI,448,67,273,300,148,81,0.156892087,0.000295922,0.222818966,0.014915266,0.610548346,0.000531944,0.501250432,0.013345352,0.675923297,0.000490047,0.599730661,0.018703034,0.324076703,0.00049,0.400269339,0.018758458,0.484120226,0.001698965,0.528949848,0.020934962,0.903280518,0.00029219,0.84046642,0.007521007
2019,charter,PWSI,474,115,157,249,225,110,0.188284445,0.000323115,0.222818966,0.014915266,0.510653014,0.000528301,0.501250432,0.013345352,0.649710587,0.000481156,0.599730661,0.018703034,0.350289413,0.0004812,0.400269339,0.018758458,0.537511091,0.00110979,0.528949848,0.020934962,0.785969975,0.000678311,0.84046642,0.007521007
1993,private,PWSI,24,7,0,1,23,16,,,,,,,,,,,,,,,,,,,,,,,,
1994,private,PWSI,14,11,0,0,14,3,,,,,,,,,,,,,,,,,,,,,,,,
1995,private,PWSI,9,3,0,0,9,6,,,,,,,,,,,,,,,,,,,,,,,,
1996,private,PWSI,44,3,7,11,33,30,,,,,,,,,,,,,,,,,,,,,,,,
1997,private,PWSI,79,35,3,14,65,30,,,,,,,,,,,,,,,,,,,,,,,,
1998,private,PWSI,48,35,4,5,43,8,,,0.299622577,0.029240714,,,0.382557989,0.037726774,,,0.47276161,0.034853148,,,0.52723839,0.03479201,,,0.550265565,0.02635564,,,0.785338821,0.018934786
1999,private,PWSI,194,123,4,22,172,49,0.423598153,0.001265092,0.299622577,0.029240714,0.455908631,0.001285264,0.382557989,0.037726774,0.485663141,0.001294272,0.47276161,0.034853148,0.514336859,0.0012943,0.52723839,0.03479201,0.823581172,0.00084968,0.550265565,0.02635564,,,0.785338821,0.018934786
2000,private,PWSI,177,73,19,38,139,66,0.190055742,0.000874628,0.299622577,0.029240714,0.640256182,0.001308683,0.382557989,0.037726774,0.700739493,0.001191498,0.47276161,0.034853148,0.299260507,0.0011915,0.52723839,0.03479201,0.635084609,0.001679363,0.550265565,0.02635564,,,0.785338821,0.018934786
2001,private,PWSI,243,106,46,54,189,83,0.808294679,0.000640307,0.299622577,0.029240714,0.064680016,0.000249986,0.382557989,0.037726774,0.07695022,0.000293508,0.47276161,0.034853148,0.92304978,0.0002935,0.52723839,0.03479201,0.875678318,0.000579073,0.550265565,0.02635564,0.84054362,0.002528869,0.785338821,0.018934786
2002,private,PWSI,193,66,38,60,133,67,0.583589943,0.001265691,0.299622577,0.029240714,0.263467937,0.001010691,0.382557989,0.037726774,0.313628281,0.001121175,0.47276161,0.034853148,0.686371719,0.0011212,0.52723839,0.03479201,0.85025348,0.000964564,0.550265565,0.02635564,0.840064347,0.002277224,0.785338821,0.018934786
2003,private,PWSI,380,155,41,86,294,139,0.175889405,0.00038246,0.299622577,0.029240714,0.57733726,0.000643849,0.382557989,0.037726774,0.628704953,0.000615924,0.47276161,0.034853148,0.371295047,0.0006159,0.52723839,0.03479201,0.473718695,0.000850885,0.550265565,0.02635564,0.918296026,0.000882687,0.785338821,0.018934786
2004,private,PWSI,243,109,5,37,206,97,0.333392858,0.000918356,0.299622577,0.029240714,0.461259188,0.001026856,0.382557989,0.037726774,0.51401768,0.001032246,0.47276161,0.034853148,0.48598232,0.0010322,0.52723839,0.03479201,0.686018491,0.001050718,0.550265565,0.02635564,,,0.785338821,0.018934786
2005,private,PWSI,278,151,3,46,232,81,0.481882129,0.000901342,0.299622577,0.029240714,0.007200906,2.58E-05,0.382557989,0.037726774,0.178663337,0.000529757,0.47276161,0.034853148,0.821336663,0.0005298,0.52723839,0.03479201,0.586704759,0.001049707,0.550265565,0.02635564,,,0.785338821,0.018934786
2006,private,PWSI,334,157,39,63,271,114,0.265864839,0.000586128,0.299622577,0.029240714,0.498337176,0.000750742,0.382557989,0.037726774,0.55378915,0.000742062,0.47276161,0.034853148,0.44621085,0.0007421,0.52723839,0.03479201,0.595827821,0.000891915,0.550265565,0.02635564,0.899868074,0.001453315,0.785338821,0.018934786
2007,private,PWSI,318,125,79,116,202,77,0.153529343,0.000409962,0.299622577,0.029240714,0.632294256,0.000733433,0.382557989,0.037726774,0.675882983,0.000691057,0.47276161,0.034853148,0.324117017,0.0006911,0.52723839,0.03479201,0.47368492,0.001240336,0.550265565,0.02635564,0.935508471,0.000524629,0.785338821,0.018934786
2008,private,PWSI,533,155,89,190,343,188,0.185900606,0.000284477,0.299622577,0.029240714,0.570206157,0.00046066,0.382557989,0.037726774,0.654524363,0.000425042,0.47276161,0.034853148,0.345475637,0.000425,0.52723839,0.03479201,0.538100481,0.00072675,0.550265565,0.02635564,0.871176367,0.000593799,0.785338821,0.018934786
2009,private,PWSI,479,151,83,117,362,211,0.255321721,0.000397767,0.299622577,0.029240714,0.339187596,0.000468911,0.382557989,0.037726774,0.570204621,0.000512701,0.47276161,0.034853148,0.429795379,0.0005127,0.52723839,0.03479201,0.594054132,0.000668016,0.550265565,0.02635564,0.594852415,0.002077612,0.785338821,0.018934786
2010,private,PWSI,466,123,127,166,300,177,0.131728953,0.000245971,0.299622577,0.029240714,0.571793706,0.00052655,0.382557989,0.037726774,0.685040244,0.000464,0.47276161,0.034853148,0.314959756,0.000464,0.52723839,0.03479201,0.418240585,0.000813764,0.550265565,0.02635564,0.834686299,0.000836273,0.785338821,0.018934786
2011,private,PWSI,499,135,119,168,331,196,0.146248313,0.000250722,0.299622577,0.029240714,0.591048584,0.000485362,0.382557989,0.037726774,0.643810136,0.000460479,0.47276161,0.034853148,0.356189864,0.0004605,0.52723839,0.03479201,0.410590888,0.000733352,0.550265565,0.02635564,0.918047963,0.000450514,0.785338821,0.018934786
2012,private,PWSI,454,158,48,136,318,160,0.307450043,0.000470032,0.299622577,0.029240714,0.324685055,0.000484028,0.382557989,0.037726774,0.437941173,0.000543375,0.47276161,0.034853148,0.562058827,0.0005434,0.52723839,0.03479201,0.547006876,0.000781673,0.550265565,0.02635564,0.741389654,0.00142023,0.785338821,0.018934786
2013,private,PWSI,651,147,134,244,407,260,0.15489729,0.000201391,0.299622577,0.029240714,0.273217231,0.000305492,0.382557989,0.037726774,0.483999041,0.000384221,0.47276161,0.034853148,0.516000959,0.0003842,0.52723839,0.03479201,0.300187988,0.000517427,0.550265565,0.02635564,0.56449953,0.001011686,0.785338821,0.018934786
2014,private,PWSI,495,182,47,113,382,200,0.353377006,0.000462554,0.299622577,0.029240714,0.150144051,0.000258301,0.382557989,0.037726774,0.244058138,0.000373469,0.47276161,0.034853148,0.755941862,0.0003735,0.52723839,0.03479201,0.467465852,0.00065339,0.550265565,0.02635564,0.615197888,0.002113656,0.785338821,0.018934786
2015,private,PWSI,493,148,85,146,347,199,0.424778201,0.000496629,0.299622577,0.029240714,0.089524673,0.000165671,0.382557989,0.037726774,0.162920273,0.00027719,0.47276161,0.034853148,0.837079727,0.0002772,0.52723839,0.03479201,0.507452501,0.000722383,0.550265565,0.02635564,0.549499895,0.00170724,0.785338821,0.018934786
2016,private,PWSI,127,37,19,32,95,58,0.1476752,0.000998946,0.299622577,0.029240714,0.338477408,0.001777067,0.382557989,0.037726774,0.597198194,0.001909147,0.47276161,0.034853148,0.402801806,0.0019091,0.52723839,0.03479201,0.366620005,0.002470317,0.550265565,0.02635564,,,0.785338821,0.018934786
2017,private,PWSI,112,51,24,25,87,36,0.266164838,0.00175965,0.299622577,0.029240714,0.543829086,0.002234946,0.382557989,0.037726774,0.546668078,0.002232631,0.47276161,0.034853148,0.453331922,0.0022326,0.52723839,0.03479201,0.587130147,0.002818702,0.550265565,0.02635564,,,0.785338821,0.018934786
2018,private,PWSI,244,71,71,94,150,79,0.175655169,0.000595887,0.299622577,0.029240714,0.332933876,0.000913946,0.382557989,0.037726774,0.389789071,0.000978821,0.47276161,0.034853148,0.610210929,0.0009788,0.52723839,0.03479201,0.287859756,0.001375816,0.550265565,0.02635564,0.85413856,0.001339633,0.785338821,0.018934786
2019,private,PWSI,317,99,103,125,192,93,0.326779693,0.000696186,0.299622577,0.029240714,0.3079288,0.000674394,0.382557989,0.037726774,0.383801235,0.000748411,0.47276161,0.034853148,0.616198765,0.0007484,0.52723839,0.03479201,0.530315398,0.001304089,0.550265565,0.02635564,0.802313208,0.001279086,0.785338821,
1993,charter,PWSO,160,90,53,59,101,11,,,,,,,,,,,,,,,,,,,,,,,,
1994,charter,PWSO,177,51,113,115,62,11,,,,,,,,,,,,,,,,,,,,,,,,
1995,charter,PWSO,201,93,73,84,117,24,,,,,,,,,,,,,,,,,,,,,,,,
1996,charter,PWSO,106,39,64,64,42,3,,,,,,,,,,,,,,,,,,,,,,,,
1997,charter,PWSO,190,77,102,107,83,6,,,,,,,,,,,,,,,,,,,,,,,,
1998,charter,PWSO,195,94,80,84,111,17,0.394031766,0.001230777,0.264909267,0.020822763,0.471591849,0.0012845,0.579163057,0.015093613,0.496404473,0.001288593,0.661122484,0.020754413,0.503595527,0.0012886,0.338877516,0.020829612,0.782436986,0.00154754,0.756638453,0.014658611,0.950015309,0.000572123,0.88472372,0.007215159
1999,charter,PWSO,333,162,149,157,176,14,0.563953615,0.000740693,0.264909267,0.020822763,0.376079498,0.000706758,0.579163057,0.015093613,0.3811467,0.000710464,0.661122484,0.020754413,0.6188533,0.0007105,0.338877516,0.020829612,0.911288047,0.000461955,0.756638453,0.014658611,0.986705376,8.41E-05,0.88472372,0.007215159
2000,charter,PWSO,365,271,64,74,291,20,0.726701025,0.000545623,0.264909267,0.020822763,0.166197787,0.000380704,0.579163057,0.015093613,0.169589872,0.000386893,0.661122484,0.020754413,0.830410128,0.0003869,0.338877516,0.020829612,0.875110985,0.000376868,0.756638453,0.014658611,0.979998307,0.000268515,0.88472372,0.007215159
2001,charter,PWSO,485,239,194,209,276,37,0.295058581,0.00042975,0.264909267,0.020822763,0.580633682,0.000503095,0.579163057,0.015093613,0.637342972,0.000477556,0.661122484,0.020754413,0.362657028,0.0004776,0.338877516,0.020829612,0.813602269,0.000551468,0.756638453,0.014658611,0.911022333,0.000389715,0.88472372,0.007215159
2002,charter,PWSO,480,255,178,196,284,29,0.326201802,0.000458861,0.264909267,0.020822763,0.584264692,0.000507097,0.579163057,0.015093613,0.631107754,0.000486035,0.661122484,0.020754413,0.368892246,0.000486,0.338877516,0.020829612,0.884273948,0.000361603,0.756638453,0.014658611,0.925776443,0.000352382,0.88472372,0.007215159
2003,charter,PWSO,600,261,295,312,288,27,0.255446424,0.000317518,0.264909267,0.020822763,0.670976758,0.000368559,0.579163057,0.015093613,0.698605195,0.000351512,0.661122484,0.020754413,0.301394805,0.0003515,0.338877516,0.020829612,0.847547535,0.000450212,0.756638453,0.014658611,0.960452002,0.000122135,0.88472372,0.007215159
2004,charter,PWSO,684,275,349,376,308,33,0.332565975,0.000324987,0.264909267,0.020822763,0.570756116,0.000358702,0.579163057,0.015093613,0.61814603,0.000345595,0.661122484,0.020754413,0.38185397,0.0003456,0.338877516,0.020829612,0.870924492,0.000366173,0.756638453,0.014658611,0.923335406,0.000188766,0.88472372,0.007215159
2005,charter,PWSO,339,81,223,235,104,23,0.176253397,0.000429551,0.264909267,0.020822763,0.703172986,0.000617517,0.579163057,0.015093613,0.754586279,0.000547887,0.661122484,0.020754413,0.245413721,0.0005479,0.338877516,0.020829612,0.718188844,0.001964987,0.756638453,0.014658611,0.931865587,0.000271334,0.88472372,0.007215159
2006,charter,PWSO,483,147,307,317,166,19,0.246882385,0.00038575,0.264909267,0.020822763,0.67559071,0.000454705,0.579163057,0.015093613,0.703419329,0.000432823,0.661122484,0.020754413,0.296580671,0.0004328,0.338877516,0.020829612,0.832429113,0.000845399,0.756638453,0.014658611,0.96043808,0.000120243,0.88472372,0.007215159
2007,charter,PWSO,618,167,431,439,179,12,0.258819503,0.000310911,0.264909267,0.020822763,0.700538738,0.000340007,0.579163057,0.015093613,0.716795442,0.000329011,0.661122484,0.020754413,0.283204558,0.000329,0.338877516,0.020829612,0.913895965,0.000442079,0.756638453,0.014658611,0.977320303,5.06E-05,0.88472372,0.007215159
2008,charter,PWSO,568,181,342,360,208,27,0.216556486,0.000299224,0.264909267,0.020822763,0.668572838,0.000390799,0.579163057,0.015093613,0.721549719,0.000354349,0.661122484,0.020754413,0.278450281,0.0003543,0.338877516,0.020829612,0.77772048,0.000835127,0.756638453,0.014658611,0.926579029,0.0001895,0.88472372,0.007215159
2009,charter,PWSO,1111,269,654,783,328,59,0.207672426,0.000148238,0.264909267,0.020822763,0.606228522,0.000215059,0.579163057,0.015093613,0.739246421,0.000173659,0.661122484,0.020754413,0.260753579,0.0001737,0.338877516,0.020829612,0.796431738,0.000495805,0.756638453,0.014658611,0.820062844,0.000188695,0.88472372,0.007215159
2010,charter,PWSO,766,262,425,466,300,38,0.307851738,0.000278535,0.264909267,0.020822763,0.57351914,0.000319732,0.579163057,0.015093613,0.640271761,0.000301077,0.661122484,0.020754413,0.359728239,0.0003011,0.338877516,0.020829612,0.855789745,0.000412755,0.756638453,0.014658611,0.895743301,0.000200833,0.88472372,0.007215159
2011,charter,PWSO,749,158,515,552,197,39,0.203024774,0.000216318,0.264909267,0.020822763,0.694395463,0.000283704,0.579163057,0.015093613,0.750610095,0.00025026,0.661122484,0.020754413,0.249389905,0.0002503,0.338877516,0.020829612,0.814085774,0.000772195,0.756638453,0.014658611,0.925108079,0.000125741,0.88472372,0.007215159
2012,charter,PWSO,889,243,490,564,325,82,0.239331202,0.000205013,0.264909267,0.020822763,0.553934171,0.000278256,0.579163057,0.015093613,0.663227254,0.000251528,0.661122484,0.020754413,0.336772746,0.0002515,0.338877516,0.020829612,0.710660838,0.000634636,0.756638453,0.014658611,0.835210206,0.000244466,0.88472372,0.007215159
2013,charter,PWSO,892,223,492,596,296,73,0.182200696,0.000167232,0.264909267,0.020822763,0.517364522,0.000280245,0.579163057,0.015093613,0.72886118,0.000221799,0.661122484,0.020754413,0.27113882,0.0002218,0.338877516,0.020829612,0.671983067,0.000747193,0.756638453,0.014658611,0.709825872,0.000346173,0.88472372,0.007215159
2014,charter,PWSO,1235,164,789,976,259,95,0.127283609,9.00E-05,0.264909267,0.020822763,0.598628845,0.00019471,0.579163057,0.015093613,0.790219925,0.000134337,0.661122484,0.020754413,0.209780075,0.0001343,0.338877516,0.020829612,0.606747851,0.000924825,0.756638453,0.014658611,0.757547141,0.000188379,0.88472372,0.007215159
2015,charter,PWSO,1205,210,810,902,303,93,0.143047418,0.000101815,0.264909267,0.020822763,0.505621533,0.000207615,0.579163057,0.015093613,0.723959333,0.000165982,0.661122484,0.020754413,0.276040667,0.000166,0.338877516,0.020829612,0.518211391,0.000826716,0.756638453,0.014658611,0.698411514,0.000233777,0.88472372,0.007215159
2016,charter,PWSO,1103,209,742,829,274,65,0.186107433,0.000137451,0.264909267,0.020822763,0.623272076,0.000213071,0.579163057,0.015093613,0.727432256,0.000179922,0.661122484,0.020754413,0.272567744,0.0001799,0.338877516,0.020829612,0.682793314,0.000793358,0.756638453,0.014658611,0.856811161,0.000148171,0.88472372,0.007215159
2017,charter,PWSO,835,106,579,638,197,91,0.1443034,0.000148057,0.264909267,0.020822763,0.647629799,0.000273628,0.579163057,0.015093613,0.745260359,0.000227635,0.661122484,0.020754413,0.254739641,0.0002276,0.338877516,0.020829612,0.566474063,0.001252965,0.756638453,0.014658611,0.868998051,0.000178713,0.88472372,0.007215159
2018,charter,PWSO,841,130,580,639,202,72,0.147060091,0.000149326,0.264909267,0.020822763,0.655880413,0.000268692,0.579163057,0.015093613,0.751631027,0.00022224,0.661122484,0.020754413,0.248368973,0.0002222,0.338877516,0.020829612,0.59210331,0.001201577,0.756638453,0.014658611,0.872609551,0.000174235,0.88472372,0.007215159
2019,charter,PWSO,1257,214,801,948,309,95,0.147650116,0.000100199,0.264909267,0.020822763,0.596737117,0.000191594,0.579163057,0.015093613,0.755281278,0.000147159,0.661122484,0.020754413,0.244718722,0.0001472,0.338877516,0.020829612,0.603346221,0.000777012,0.756638453,0.014658611,0.790085937,0.000175132,0.88472372,0.007215159
1993,private,PWSO,20,3,12,15,5,2,,,,,,,,,,,,,,,,,,,,,,,,
1994,private,PWSO,3,2,1,1,2,0,,,,,,,,,,,,,,,,,,,,,,,,
1995,private,PWSO,7,1,6,6,1,0,,,,,,,,,,,,,,,,,,,,,,,,
1996,private,PWSO,3,3,0,0,3,0,,,,,,,,,,,,,,,,,,,,,,,,
1997,private,PWSO,18,12,5,5,13,1,,,,,,,,,,,,,,,,,,,,,,,,
1998,private,PWSO,14,7,5,5,9,2,,,0.157492698,0.005583972,,,0.70017963,0.010854057,,,0.752344344,0.007857107,,,0.247655656,0.007848084,,,0.635990732,0.0270572,,,0.913255508,0.006645332
1999,private,PWSO,32,11,17,17,15,4,,,0.157492698,0.005583972,,,0.70017963,0.010854057,,,0.752344344,0.007857107,,,0.247655656,0.007848084,,,0.635990732,0.0270572,,,0.913255508,0.006645332
2000,private,PWSO,38,16,18,18,20,4,,,0.157492698,0.005583972,,,0.70017963,0.010854057,,,0.752344344,0.007857107,,,0.247655656,0.007848084,,,0.635990732,0.0270572,,,0.913255508,0.006645332
2001,private,PWSO,52,18,34,34,18,0,0.348890796,0.004454235,0.157492698,0.005583972,0.651109204,0.004454235,0.70017963,0.010854057,0.651109204,0.004454235,0.752344344,0.007857107,0.348890796,0.0044542,0.247655656,0.007848084,,,0.635990732,0.0270572,,,0.913255508,0.006645332
2002,private,PWSO,32,15,11,14,18,3,,,0.157492698,0.005583972,,,0.70017963,0.010854057,,,0.752344344,0.007857107,,,0.247655656,0.007848084,,,0.635990732,0.0270572,,,0.913255508,0.006645332
2003,private,PWSO,61,4,54,56,5,1,0.070760807,0.001095895,0.157492698,0.005583972,0.890127818,0.001630005,0.70017963,0.010854057,0.916202068,0.001279597,0.752344344,0.007857107,0.083797932,0.0012796,0.247655656,0.007848084,,,0.635990732,0.0270572,0.97154094,0.000502712,0.913255508,0.006645332
2004,private,PWSO,55,2,47,47,8,6,0.076303003,0.001305201,0.157492698,0.005583972,0.70360322,0.003861958,0.70017963,0.010854057,0.70360322,0.003861958,0.752344344,0.007857107,0.29639678,0.003862,0.247655656,0.007848084,,,0.635990732,0.0270572,,,0.913255508,0.006645332
2005,private,PWSO,59,12,38,38,21,9,0.077582278,0.001233849,0.157492698,0.005583972,0.864231013,0.002023031,0.70017963,0.010854057,0.864231013,0.002023031,0.752344344,0.007857107,0.135768987,0.002023,0.247655656,0.007848084,,,0.635990732,0.0270572,,,0.913255508,0.006645332
2006,private,PWSO,43,1,38,40,3,2,,,0.157492698,0.005583972,,,0.70017963,0.010854057,,,0.752344344,0.007857107,,,0.247655656,0.007848084,,,0.635990732,0.0270572,,,0.913255508,0.006645332
2007,private,PWSO,28,2,25,25,3,1,,,0.157492698,0.005583972,,,0.70017963,0.010854057,,,0.752344344,0.007857107,,,0.247655656,0.007848084,,,0.635990732,0.0270572,,,0.913255508,0.006645332
2008,private,PWSO,33,9,22,23,10,1,,,0.157492698,0.005583972,,,0.70017963,0.010854057,,,0.752344344,0.007857107,,,0.247655656,0.007848084,,,0.635990732,0.0270572,,,0.913255508,0.006645332
2009,private,PWSO,100,24,59,65,35,11,0.193636339,0.001577185,0.157492698,0.005583972,0.655258828,0.002281765,0.70017963,0.010854057,0.743057484,0.001928516,0.752344344,0.007857107,0.256942516,0.0019285,0.247655656,0.007848084,,,0.635990732,0.0270572,0.881841368,0.001628081,0.913255508,0.006645332
2010,private,PWSO,103,15,77,78,25,10,0.119165236,0.001029067,0.157492698,0.005583972,0.710799274,0.00201533,0.70017963,0.010854057,0.718627642,0.001982372,0.752344344,0.007857107,0.281372358,0.0019824,0.247655656,0.007848084,,,0.635990732,0.0270572,0.989106503,0.000139933,0.913255508,0.006645332
2011,private,PWSO,139,17,114,120,19,2,0.119794738,0.000764087,0.157492698,0.005583972,0.820387388,0.001067768,0.70017963,0.010854057,0.865250793,0.000844869,0.752344344,0.007857107,0.134749207,0.0008449,0.247655656,0.007848084,,,0.667708744,0.0270572,0.948149825,0.000413124,0.913255508,0.006645332
2012,private,PWSO,281,48,203,211,70,22,0.20699562,0.000586244,0.157492698,0.005583972,0.720131298,0.000719794,0.70017963,0.010854057,0.739490783,0.000688015,0.752344344,0.007857107,0.260509217,0.000688,0.247655656,0.007848084,0.794580791,0.002365539,0.590762772,0.0270572,0.973820519,0.000121401,0.913255508,0.006645332
2013,private,PWSO,327,43,209,242,85,42,0.083464936,0.000234658,0.157492698,0.005583972,0.59766794,0.00073761,0.70017963,0.010854057,0.796352943,0.000497469,0.752344344,0.007857107,0.203647057,0.0004975,0.247655656,0.007848084,0.40985093,0.002879442,0.665347456,0.0270572,0.75050635,0.000776957,0.913255508,0.006645332
2014,private,PWSO,268,48,198,206,62,14,0.173590098,0.000537291,0.157492698,0.005583972,0.745166042,0.000711212,0.70017963,0.010854057,0.778237372,0.000646382,0.752344344,0.007857107,0.221762628,0.0006464,0.247655656,0.007848084,0.782774354,0.002787519,0.635990732,0.0270572,0.95750483,0.000198485,0.913255508,0.006645332
2015,private,PWSO,201,35,151,154,47,12,0.147708798,0.000629455,0.157492698,0.005583972,0.730941643,0.00098333,0.70017963,0.010854057,0.769156051,0.000887775,0.752344344,0.007857107,0.230843949,0.0008878,0.247655656,0.007848084,,,0.620143956,0.0270572,0.950316443,0.000308595,0.913255508,0.006645332
2016,private,PWSO,223,48,147,168,55,7,0.222738267,0.000779847,0.157492698,0.005583972,0.520537168,0.001124226,0.70017963,0.010854057,0.599936192,0.001081139,0.752344344,0.007857107,0.400063808,0.0010811,0.247655656,0.007848084,0.556756853,0.004569975,0.635990732,0.0270572,0.867654219,0.000687607,0.913255508,0.006645332
2017,private,PWSO,140,18,99,113,27,9,0.160157686,0.000967678,0.157492698,0.005583972,0.68874964,0.001542256,0.70017963,0.010854057,0.776615895,0.001248084,0.752344344,0.007857107,0.223384105,0.0012481,0.247655656,0.007848084,,,0.635990732,0.0270572,0.886860087,0.000895886,0.913255508,0.006645332
2018,private,PWSO,113,17,86,86,27,10,0.208137559,0.001471574,0.157492698,0.005583972,0.633299156,0.002073494,0.70017963,0.010854057,0.633299156,0.002073494,0.752344344,0.007857107,0.366700844,0.0020735,0.247655656,0.007848084,,,0.622467888,0.0270572,1,0,0.913255508,0.006645332
2019,private,PWSO,246,38,139,182,64,26,0.153464304,0.000530257,0.157492698,0.005583972,0.570684816,0.001000015,0.70017963,0.010854057,0.729995345,0.000804499,0.752344344,0.007857107,0.270004655,0.0008045,0.247655656,0.007848084,0.568376512,0.003894042,0.635990732,0.0270572,0.781765007,0.000942588,0.913255508,0.006645332
1993,charter,WESTSIDE,0,0,0,0,0,0,,,,,,,,,,,,,,,,,,,,,,,,
1994,charter,WESTSIDE,0,0,0,0,0,0,,,,,,,,,,,,,,,,,,,,,,,,
1995,charter,WESTSIDE,0,0,0,0,0,0,,,,,,,,,,,,,,,,,,,,,,,,
1996,charter,WESTSIDE,0,0,0,0,0,0,,,,,,,,,,,,,,,,,,,,,,,,
1997,charter,WESTSIDE,0,0,0,0,0,0,,,,,,,,,,,,,,,,,,,,,,,,
1998,charter,WESTSIDE,0,0,0,0,0,0,,,,,,,,,,,,,,,,,,,,,,,,
1999,charter,WESTSIDE,0,0,0,0,0,0,,,,,,,,,,,,,,,,,,,,,,,,
2000,charter,WESTSIDE,0,0,0,0,0,0,,,,,,,,,,,,,,,,,,,,,,,,
2001,charter,WESTSIDE,0,0,0,0,0,0,,,,,,,,,,,,,,,,,,,,,,,,
2002,charter,WESTSIDE,0,0,0,0,0,0,,,,,,,,,,,,,,,,,,,,,,,,
2003,charter,WESTSIDE,0,0,0,0,0,0,,,,,,,,,,,,,,,,,,,,,,,,
2004,charter,WESTSIDE,0,0,0,0,0,0,,,,,,,,,,,,,,,,,,,,,,,,
2005,charter,WESTSIDE,0,0,0,0,0,0,,,,,,,,,,,,,,,,,,,,,,,,
2006,charter,WESTSIDE,0,0,0,0,0,0,,,,,,,,,,,,,,,,,,,,,,,,
2007,charter,WESTSIDE,0,0,0,0,0,0,,,,,,,,,,,,,,,,,,,,,,,,
2008,charter,WESTSIDE,0,0,0,0,0,0,,,,,,,,,,,,,,,,,,,,,,,,
2009,charter,WESTSIDE,9,4,4,5,4,0,,,,,,,,,,,,,,,,,,,,,,,,
2010,charter,WESTSIDE,0,0,0,0,0,0,,,,,,,,,,,,,,,,,,,,,,,,
2011,charter,WESTSIDE,0,0,0,0,0,0,,,,,,,,,,,,,,,,,,,,,,,,
2012,charter,WESTSIDE,0,0,0,0,0,0,,,,,,,,,,,,,,,,,,,,,,,,
2013,charter,WESTSIDE,0,0,0,0,0,0,,,,,,,,,,,,,,,,,,,,,,,,
2014,charter,WESTSIDE,0,0,0,0,0,0,,,,,,,,,,,,,,,,,,,,,,,,
2015,charter,WESTSIDE,0,0,0,0,0,0,,,,,,,,,,,,,,,,,,,,,,,,
2016,charter,WESTSIDE,0,0,0,0,0,0,,,,,,,,,,,,,,,,,,,,,,,,
2017,charter,WESTSIDE,0,0,0,0,0,0,,,,,,,,,,,,,,,,,,,,,,,,
2018,charter,WESTSIDE,0,0,0,0,0,0,,,,,,,,,,,,,,,,,,,,,,,,
2019,charter,WESTSIDE,0,0,0,0,0,0,,,,,,,,,,,,,,,,,,,,,,,,
1993,private,WESTSIDE,0,0,0,0,0,0,,,,,,,,,,,,,,,,,,,,,,,,
1994,private,WESTSIDE,0,0,0,0,0,0,,,,,,,,,,,,,,,,,,,,,,,,
1995,private,WESTSIDE,0,0,0,0,0,0,,,,,,,,,,,,,,,,,,,,,,,,
1996,private,WESTSIDE,0,0,0,0,0,0,,,,,,,,,,,,,,,,,,,,,,,,
1997,private,WESTSIDE,0,0,0,0,0,0,,,,,,,,,,,,,,,,,,,,,,,,
1998,private,WESTSIDE,0,0,0,0,0,0,,,,,,,,,,,,,,,,,,,,,,,,
1999,private,WESTSIDE,0,0,0,0,0,0,,,,,,,,,,,,,,,,,,,,,,,,
2000,private,WESTSIDE,0,0,0,0,0,0,,,,,,,,,,,,,,,,,,,,,,,,
2001,private,WESTSIDE,0,0,0,0,0,0,,,,,,,,,,,,,,,,,,,,,,,,
2002,private,WESTSIDE,0,0,0,0,0,0,,,,,,,,,,,,,,,,,,,,,,,,
2003,private,WESTSIDE,0,0,0,0,0,0,,,,,,,,,,,,,,,,,,,,,,,,
2004,private,WESTSIDE,0,0,0,0,0,0,,,,,,,,,,,,,,,,,,,,,,,,
2005,private,WESTSIDE,0,0,0,0,0,0,,,,,,,,,,,,,,,,,,,,,,,,
2006,private,WESTSIDE,0,0,0,0,0,0,,,,,,,,,,,,,,,,,,,,,,,,
2007,private,WESTSIDE,0,0,0,0,0,0,,,,,,,,,,,,,,,,,,,,,,,,
2008,private,WESTSIDE,0,0,0,0,0,0,,,,,,,,,,,,,,,,,,,,,,,,
2009,private,WESTSIDE,0,0,0,0,0,0,,,,,,,,,,,,,,,,,,,,,,,,
2010,private,WESTSIDE,1,0,0,1,0,0,,,,,,,,,,,,,,,,,,,,,,,,
2011,private,WESTSIDE,0,0,0,0,0,0,,,,,,,,,,,,,,,,,,,,,,,,
2012,private,WESTSIDE,0,0,0,0,0,0,,,,,,,,,,,,,,,,,,,,,,,,
2013,private,WESTSIDE,0,0,0,0,0,0,,,,,,,,,,,,,,,,,,,,,,,,
2014,private,WESTSIDE,0,0,0,0,0,0,,,,,,,,,,,,,,,,,,,,,,,,
2015,private,WESTSIDE,0,0,0,0,0,0,,,,,,,,,,,,,,,,,,,,,,,,
2016,private,WESTSIDE,0,0,0,0,0,0,,,,,,,,,,,,,,,,,,,,,,,,
2017,private,WESTSIDE,0,0,0,0,0,0,,,,,,,,,,,,,,,,,,,,,,,,
2018,private,WESTSIDE,0,0,0,0,0,0,,,,,,,,,,,,,,,,,,,,,,,,
2019,private,WESTSIDE,0,0,0,0,0,0,,,,,,,,,,,,,,,,,,,,,,,,
