"","port_site","RptArea","Freq"
"1","ADAK","AFOGNAK",0
"2","AFOGNAK","AFOGNAK",3
"3","AMOOK PASS","AFOGNAK",0
"4","ANCHOR POINT","AFOGNAK",13
"5","ANCHOR RIVER","AFOGNAK",6
"6","ANGOON","AFOGNAK",0
"7","ANTON LARSEN BAY","AFOGNAK",0
"8","APPLE ISLAND","AFOGNAK",0
"9","AUKE BAY","AFOGNAK",0
"10","BARANOF","AFOGNAK",0
"11","BARTLETT COVE","AFOGNAK",0
"12","BRUIN BAY","AFOGNAK",0
"13","CANNERY COVE","AFOGNAK",0
"14","CEDARS LODGE","AFOGNAK",0
"15","CLOVER BAY","AFOGNAK",0
"16","CLOVER PASS","AFOGNAK",0
"17","COFFMAN COVE","AFOGNAK",0
"18","CORDOVA","AFOGNAK",0
"19","CRAIG","AFOGNAK",0
"20","DEEP CREEK","AFOGNAK",0
"21","DOG BAY HARBOR","AFOGNAK",0
"22","DOUGLAS","AFOGNAK",0
"23","DOVE ISLAND LODGE","AFOGNAK",0
"24","EL CAPITAN LODGE","AFOGNAK",0
"25","ELFIN COVE","AFOGNAK",0
"26","FIREWEED LODGE","AFOGNAK",0
"27","FISHERMANS BEND","AFOGNAK",0
"28","GULL COVE","AFOGNAK",0
"29","GUSTAVUS","AFOGNAK",0
"30","HAINES","AFOGNAK",0
"31","HALIBUT COVE","AFOGNAK",0
"32","HAPPY VALLEY","AFOGNAK",0
"33","HOMER","AFOGNAK",147
"34","HOONAH","AFOGNAK",0
"35","ICY BAY LODGE","AFOGNAK",0
"36","IRON CREEK","AFOGNAK",153
"37","JUNEAU","AFOGNAK",0
"38","KAKE","AFOGNAK",0
"39","KELP BAY","AFOGNAK",0
"40","KETCHIKAN","AFOGNAK",0
"41","KILIUDA BAY","AFOGNAK",0
"42","KILLISNOO","AFOGNAK",0
"43","KLAWOCK","AFOGNAK",0
"44","KNUDSON COVE","AFOGNAK",0
"45","KODIAK","AFOGNAK",181
"46","LARSEN BAY","AFOGNAK",0
"47","LOWELL POINT","AFOGNAK",0
"48","MOTHER SHIP","AFOGNAK",0
"49","MOTHERSHIP","AFOGNAK",1
"50","MOTHERSHIP LUDZIE","AFOGNAK",0
"51","MOUNTAIN POINT","AFOGNAK",0
"52","NAKALILOK BAY","AFOGNAK",0
"53","NAUKATI","AFOGNAK",0
"54","NINILCHIK","AFOGNAK",0
"55","OLD HARBOR","AFOGNAK",0
"56","OTTER COVE","AFOGNAK",0
"57","PARKS CANNERY","AFOGNAK",0
"58","PELICAN","AFOGNAK",0
"59","PETERSBURG","AFOGNAK",0
"60","POINT BAKER","AFOGNAK",0
"61","PORT ALEXANDER","AFOGNAK",0
"62","PORT ASHTON","AFOGNAK",0
"63","PORT CHATHAM","AFOGNAK",0
"64","PORT LIONS","AFOGNAK",17
"65","PORT PROTECTION","AFOGNAK",0
"66","PORT ST NICHOLAS","AFOGNAK",0
"67","PORT WAKEFIELD","AFOGNAK",113
"68","PYBUS BAY","AFOGNAK",0
"69","PYBUS POINT LODGE","AFOGNAK",0
"70","RASPBERRY ISLAND","AFOGNAK",0
"71","REFUGE COVE","AFOGNAK",0
"72","SALMON FALLS","AFOGNAK",0
"73","SALMON FALLS RESORT","AFOGNAK",0
"74","SALTERY COVE (SC)","AFOGNAK",0
"75","SAND POINT","AFOGNAK",0
"76","SEA OTTER SOUND","AFOGNAK",0
"77","SEAL BAY (SC)","AFOGNAK",66
"78","SEALING COVE","AFOGNAK",0
"79","SELDOVIA","AFOGNAK",1
"80","SEWARD","AFOGNAK",0
"81","SILVER KING LODGE","AFOGNAK",0
"82","SILVER SALMON CREEK","AFOGNAK",0
"83","SITKA","AFOGNAK",0
"84","SKAGWAY","AFOGNAK",0
"85","SPORTSMAN COVE","AFOGNAK",0
"86","STEAMBOAT BAY","AFOGNAK",0
"87","SUNNYSIDE","AFOGNAK",0
"88","TENAKEE","AFOGNAK",0
"89","THOMAS BASIN","AFOGNAK",0
"90","THORNE BAY","AFOGNAK",0
"91","TUTKA BAY","AFOGNAK",0
"92","UGAK BAY","AFOGNAK",0
"93","UGANIK BAY","AFOGNAK",0
"94","VALDEZ","AFOGNAK",0
"95","WADLEIGH ISLAND","AFOGNAK",0
"96","WARD COVE","AFOGNAK",0
"97","WARM SPRINGS BAY","AFOGNAK",0
"98","WATERFALL","AFOGNAK",0
"99","WATERFALL RESORT","AFOGNAK",0
"100","WHALE PASS (POW - SE)","AFOGNAK",0
"101","WHITTIER","AFOGNAK",0
"102","WRANGELL","AFOGNAK",0
"103","YAKUTAT","AFOGNAK",0
"104","YES BAY","AFOGNAK",0
"105","ZACHAR BAY","AFOGNAK",0
"106","ADAK","CHIGNIK",0
"107","AFOGNAK","CHIGNIK",0
"108","AMOOK PASS","CHIGNIK",0
"109","ANCHOR POINT","CHIGNIK",0
"110","ANCHOR RIVER","CHIGNIK",0
"111","ANGOON","CHIGNIK",0
"112","ANTON LARSEN BAY","CHIGNIK",0
"113","APPLE ISLAND","CHIGNIK",0
"114","AUKE BAY","CHIGNIK",0
"115","BARANOF","CHIGNIK",0
"116","BARTLETT COVE","CHIGNIK",0
"117","BRUIN BAY","CHIGNIK",0
"118","CANNERY COVE","CHIGNIK",0
"119","CEDARS LODGE","CHIGNIK",0
"120","CLOVER BAY","CHIGNIK",0
"121","CLOVER PASS","CHIGNIK",0
"122","COFFMAN COVE","CHIGNIK",0
"123","CORDOVA","CHIGNIK",0
"124","CRAIG","CHIGNIK",0
"125","DEEP CREEK","CHIGNIK",0
"126","DOG BAY HARBOR","CHIGNIK",0
"127","DOUGLAS","CHIGNIK",0
"128","DOVE ISLAND LODGE","CHIGNIK",0
"129","EL CAPITAN LODGE","CHIGNIK",0
"130","ELFIN COVE","CHIGNIK",0
"131","FIREWEED LODGE","CHIGNIK",0
"132","FISHERMANS BEND","CHIGNIK",0
"133","GULL COVE","CHIGNIK",0
"134","GUSTAVUS","CHIGNIK",0
"135","HAINES","CHIGNIK",0
"136","HALIBUT COVE","CHIGNIK",0
"137","HAPPY VALLEY","CHIGNIK",0
"138","HOMER","CHIGNIK",0
"139","HOONAH","CHIGNIK",0
"140","ICY BAY LODGE","CHIGNIK",0
"141","IRON CREEK","CHIGNIK",0
"142","JUNEAU","CHIGNIK",0
"143","KAKE","CHIGNIK",0
"144","KELP BAY","CHIGNIK",0
"145","KETCHIKAN","CHIGNIK",0
"146","KILIUDA BAY","CHIGNIK",0
"147","KILLISNOO","CHIGNIK",0
"148","KLAWOCK","CHIGNIK",0
"149","KNUDSON COVE","CHIGNIK",0
"150","KODIAK","CHIGNIK",0
"151","LARSEN BAY","CHIGNIK",0
"152","LOWELL POINT","CHIGNIK",0
"153","MOTHER SHIP","CHIGNIK",0
"154","MOTHERSHIP","CHIGNIK",0
"155","MOTHERSHIP LUDZIE","CHIGNIK",0
"156","MOUNTAIN POINT","CHIGNIK",0
"157","NAKALILOK BAY","CHIGNIK",4
"158","NAUKATI","CHIGNIK",0
"159","NINILCHIK","CHIGNIK",0
"160","OLD HARBOR","CHIGNIK",0
"161","OTTER COVE","CHIGNIK",0
"162","PARKS CANNERY","CHIGNIK",0
"163","PELICAN","CHIGNIK",0
"164","PETERSBURG","CHIGNIK",0
"165","POINT BAKER","CHIGNIK",0
"166","PORT ALEXANDER","CHIGNIK",0
"167","PORT ASHTON","CHIGNIK",0
"168","PORT CHATHAM","CHIGNIK",0
"169","PORT LIONS","CHIGNIK",0
"170","PORT PROTECTION","CHIGNIK",0
"171","PORT ST NICHOLAS","CHIGNIK",0
"172","PORT WAKEFIELD","CHIGNIK",0
"173","PYBUS BAY","CHIGNIK",0
"174","PYBUS POINT LODGE","CHIGNIK",0
"175","RASPBERRY ISLAND","CHIGNIK",0
"176","REFUGE COVE","CHIGNIK",0
"177","SALMON FALLS","CHIGNIK",0
"178","SALMON FALLS RESORT","CHIGNIK",0
"179","SALTERY COVE (SC)","CHIGNIK",0
"180","SAND POINT","CHIGNIK",0
"181","SEA OTTER SOUND","CHIGNIK",0
"182","SEAL BAY (SC)","CHIGNIK",0
"183","SEALING COVE","CHIGNIK",0
"184","SELDOVIA","CHIGNIK",0
"185","SEWARD","CHIGNIK",0
"186","SILVER KING LODGE","CHIGNIK",0
"187","SILVER SALMON CREEK","CHIGNIK",0
"188","SITKA","CHIGNIK",0
"189","SKAGWAY","CHIGNIK",0
"190","SPORTSMAN COVE","CHIGNIK",0
"191","STEAMBOAT BAY","CHIGNIK",0
"192","SUNNYSIDE","CHIGNIK",0
"193","TENAKEE","CHIGNIK",0
"194","THOMAS BASIN","CHIGNIK",0
"195","THORNE BAY","CHIGNIK",0
"196","TUTKA BAY","CHIGNIK",0
"197","UGAK BAY","CHIGNIK",0
"198","UGANIK BAY","CHIGNIK",0
"199","VALDEZ","CHIGNIK",0
"200","WADLEIGH ISLAND","CHIGNIK",0
"201","WARD COVE","CHIGNIK",0
"202","WARM SPRINGS BAY","CHIGNIK",0
"203","WATERFALL","CHIGNIK",0
"204","WATERFALL RESORT","CHIGNIK",0
"205","WHALE PASS (POW - SE)","CHIGNIK",0
"206","WHITTIER","CHIGNIK",0
"207","WRANGELL","CHIGNIK",0
"208","YAKUTAT","CHIGNIK",0
"209","YES BAY","CHIGNIK",0
"210","ZACHAR BAY","CHIGNIK",0
"211","ADAK","CI",0
"212","AFOGNAK","CI",0
"213","AMOOK PASS","CI",0
"214","ANCHOR POINT","CI",446
"215","ANCHOR RIVER","CI",36
"216","ANGOON","CI",0
"217","ANTON LARSEN BAY","CI",0
"218","APPLE ISLAND","CI",0
"219","AUKE BAY","CI",0
"220","BARANOF","CI",0
"221","BARTLETT COVE","CI",0
"222","BRUIN BAY","CI",3
"223","CANNERY COVE","CI",0
"224","CEDARS LODGE","CI",0
"225","CLOVER BAY","CI",0
"226","CLOVER PASS","CI",0
"227","COFFMAN COVE","CI",0
"228","CORDOVA","CI",0
"229","CRAIG","CI",0
"230","DEEP CREEK","CI",1334
"231","DOG BAY HARBOR","CI",0
"232","DOUGLAS","CI",0
"233","DOVE ISLAND LODGE","CI",0
"234","EL CAPITAN LODGE","CI",0
"235","ELFIN COVE","CI",0
"236","FIREWEED LODGE","CI",0
"237","FISHERMANS BEND","CI",0
"238","GULL COVE","CI",0
"239","GUSTAVUS","CI",0
"240","HAINES","CI",0
"241","HALIBUT COVE","CI",4
"242","HAPPY VALLEY","CI",76
"243","HOMER","CI",4376
"244","HOONAH","CI",0
"245","ICY BAY LODGE","CI",0
"246","IRON CREEK","CI",0
"247","JUNEAU","CI",0
"248","KAKE","CI",0
"249","KELP BAY","CI",0
"250","KETCHIKAN","CI",0
"251","KILIUDA BAY","CI",0
"252","KILLISNOO","CI",0
"253","KLAWOCK","CI",0
"254","KNUDSON COVE","CI",0
"255","KODIAK","CI",1
"256","LARSEN BAY","CI",0
"257","LOWELL POINT","CI",0
"258","MOTHER SHIP","CI",0
"259","MOTHERSHIP","CI",0
"260","MOTHERSHIP LUDZIE","CI",0
"261","MOUNTAIN POINT","CI",0
"262","NAKALILOK BAY","CI",0
"263","NAUKATI","CI",0
"264","NINILCHIK","CI",147
"265","OLD HARBOR","CI",0
"266","OTTER COVE","CI",9
"267","PARKS CANNERY","CI",0
"268","PELICAN","CI",0
"269","PETERSBURG","CI",0
"270","POINT BAKER","CI",0
"271","PORT ALEXANDER","CI",0
"272","PORT ASHTON","CI",0
"273","PORT CHATHAM","CI",0
"274","PORT LIONS","CI",0
"275","PORT PROTECTION","CI",0
"276","PORT ST NICHOLAS","CI",0
"277","PORT WAKEFIELD","CI",0
"278","PYBUS BAY","CI",0
"279","PYBUS POINT LODGE","CI",0
"280","RASPBERRY ISLAND","CI",0
"281","REFUGE COVE","CI",0
"282","SALMON FALLS","CI",0
"283","SALMON FALLS RESORT","CI",0
"284","SALTERY COVE (SC)","CI",0
"285","SAND POINT","CI",0
"286","SEA OTTER SOUND","CI",0
"287","SEAL BAY (SC)","CI",0
"288","SEALING COVE","CI",0
"289","SELDOVIA","CI",85
"290","SEWARD","CI",0
"291","SILVER KING LODGE","CI",0
"292","SILVER SALMON CREEK","CI",3
"293","SITKA","CI",0
"294","SKAGWAY","CI",0
"295","SPORTSMAN COVE","CI",0
"296","STEAMBOAT BAY","CI",0
"297","SUNNYSIDE","CI",0
"298","TENAKEE","CI",0
"299","THOMAS BASIN","CI",0
"300","THORNE BAY","CI",0
"301","TUTKA BAY","CI",12
"302","UGAK BAY","CI",0
"303","UGANIK BAY","CI",0
"304","VALDEZ","CI",0
"305","WADLEIGH ISLAND","CI",0
"306","WARD COVE","CI",0
"307","WARM SPRINGS BAY","CI",0
"308","WATERFALL","CI",0
"309","WATERFALL RESORT","CI",0
"310","WHALE PASS (POW - SE)","CI",0
"311","WHITTIER","CI",0
"312","WRANGELL","CI",0
"313","YAKUTAT","CI",0
"314","YES BAY","CI",0
"315","ZACHAR BAY","CI",0
"316","ADAK","CSEO",0
"317","AFOGNAK","CSEO",0
"318","AMOOK PASS","CSEO",0
"319","ANCHOR POINT","CSEO",0
"320","ANCHOR RIVER","CSEO",0
"321","ANGOON","CSEO",0
"322","ANTON LARSEN BAY","CSEO",0
"323","APPLE ISLAND","CSEO",67
"324","AUKE BAY","CSEO",0
"325","BARANOF","CSEO",0
"326","BARTLETT COVE","CSEO",0
"327","BRUIN BAY","CSEO",0
"328","CANNERY COVE","CSEO",0
"329","CEDARS LODGE","CSEO",0
"330","CLOVER BAY","CSEO",0
"331","CLOVER PASS","CSEO",0
"332","COFFMAN COVE","CSEO",0
"333","CORDOVA","CSEO",0
"334","CRAIG","CSEO",0
"335","DEEP CREEK","CSEO",0
"336","DOG BAY HARBOR","CSEO",0
"337","DOUGLAS","CSEO",0
"338","DOVE ISLAND LODGE","CSEO",74
"339","EL CAPITAN LODGE","CSEO",0
"340","ELFIN COVE","CSEO",7
"341","FIREWEED LODGE","CSEO",0
"342","FISHERMANS BEND","CSEO",0
"343","GULL COVE","CSEO",0
"344","GUSTAVUS","CSEO",5
"345","HAINES","CSEO",0
"346","HALIBUT COVE","CSEO",0
"347","HAPPY VALLEY","CSEO",0
"348","HOMER","CSEO",0
"349","HOONAH","CSEO",0
"350","ICY BAY LODGE","CSEO",0
"351","IRON CREEK","CSEO",0
"352","JUNEAU","CSEO",6
"353","KAKE","CSEO",1
"354","KELP BAY","CSEO",0
"355","KETCHIKAN","CSEO",1
"356","KILIUDA BAY","CSEO",0
"357","KILLISNOO","CSEO",0
"358","KLAWOCK","CSEO",0
"359","KNUDSON COVE","CSEO",0
"360","KODIAK","CSEO",0
"361","LARSEN BAY","CSEO",0
"362","LOWELL POINT","CSEO",0
"363","MOTHER SHIP","CSEO",1
"364","MOTHERSHIP","CSEO",21
"365","MOTHERSHIP LUDZIE","CSEO",0
"366","MOUNTAIN POINT","CSEO",0
"367","NAKALILOK BAY","CSEO",0
"368","NAUKATI","CSEO",0
"369","NINILCHIK","CSEO",0
"370","OLD HARBOR","CSEO",0
"371","OTTER COVE","CSEO",0
"372","PARKS CANNERY","CSEO",0
"373","PELICAN","CSEO",0
"374","PETERSBURG","CSEO",1
"375","POINT BAKER","CSEO",0
"376","PORT ALEXANDER","CSEO",5
"377","PORT ASHTON","CSEO",0
"378","PORT CHATHAM","CSEO",0
"379","PORT LIONS","CSEO",0
"380","PORT PROTECTION","CSEO",0
"381","PORT ST NICHOLAS","CSEO",0
"382","PORT WAKEFIELD","CSEO",0
"383","PYBUS BAY","CSEO",0
"384","PYBUS POINT LODGE","CSEO",0
"385","RASPBERRY ISLAND","CSEO",0
"386","REFUGE COVE","CSEO",0
"387","SALMON FALLS","CSEO",0
"388","SALMON FALLS RESORT","CSEO",0
"389","SALTERY COVE (SC)","CSEO",0
"390","SAND POINT","CSEO",0
"391","SEA OTTER SOUND","CSEO",0
"392","SEAL BAY (SC)","CSEO",0
"393","SEALING COVE","CSEO",56
"394","SELDOVIA","CSEO",0
"395","SEWARD","CSEO",0
"396","SILVER KING LODGE","CSEO",0
"397","SILVER SALMON CREEK","CSEO",0
"398","SITKA","CSEO",7853
"399","SKAGWAY","CSEO",0
"400","SPORTSMAN COVE","CSEO",0
"401","STEAMBOAT BAY","CSEO",0
"402","SUNNYSIDE","CSEO",0
"403","TENAKEE","CSEO",0
"404","THOMAS BASIN","CSEO",0
"405","THORNE BAY","CSEO",0
"406","TUTKA BAY","CSEO",0
"407","UGAK BAY","CSEO",0
"408","UGANIK BAY","CSEO",0
"409","VALDEZ","CSEO",0
"410","WADLEIGH ISLAND","CSEO",0
"411","WARD COVE","CSEO",0
"412","WARM SPRINGS BAY","CSEO",0
"413","WATERFALL","CSEO",0
"414","WATERFALL RESORT","CSEO",0
"415","WHALE PASS (POW - SE)","CSEO",0
"416","WHITTIER","CSEO",0
"417","WRANGELL","CSEO",0
"418","YAKUTAT","CSEO",0
"419","YES BAY","CSEO",0
"420","ZACHAR BAY","CSEO",0
"421","ADAK","EASTSIDE",0
"422","AFOGNAK","EASTSIDE",0
"423","AMOOK PASS","EASTSIDE",0
"424","ANCHOR POINT","EASTSIDE",0
"425","ANCHOR RIVER","EASTSIDE",0
"426","ANGOON","EASTSIDE",0
"427","ANTON LARSEN BAY","EASTSIDE",0
"428","APPLE ISLAND","EASTSIDE",0
"429","AUKE BAY","EASTSIDE",0
"430","BARANOF","EASTSIDE",0
"431","BARTLETT COVE","EASTSIDE",0
"432","BRUIN BAY","EASTSIDE",0
"433","CANNERY COVE","EASTSIDE",0
"434","CEDARS LODGE","EASTSIDE",0
"435","CLOVER BAY","EASTSIDE",0
"436","CLOVER PASS","EASTSIDE",0
"437","COFFMAN COVE","EASTSIDE",0
"438","CORDOVA","EASTSIDE",0
"439","CRAIG","EASTSIDE",0
"440","DEEP CREEK","EASTSIDE",0
"441","DOG BAY HARBOR","EASTSIDE",3
"442","DOUGLAS","EASTSIDE",0
"443","DOVE ISLAND LODGE","EASTSIDE",0
"444","EL CAPITAN LODGE","EASTSIDE",0
"445","ELFIN COVE","EASTSIDE",0
"446","FIREWEED LODGE","EASTSIDE",0
"447","FISHERMANS BEND","EASTSIDE",0
"448","GULL COVE","EASTSIDE",0
"449","GUSTAVUS","EASTSIDE",0
"450","HAINES","EASTSIDE",0
"451","HALIBUT COVE","EASTSIDE",0
"452","HAPPY VALLEY","EASTSIDE",0
"453","HOMER","EASTSIDE",0
"454","HOONAH","EASTSIDE",0
"455","ICY BAY LODGE","EASTSIDE",0
"456","IRON CREEK","EASTSIDE",0
"457","JUNEAU","EASTSIDE",0
"458","KAKE","EASTSIDE",0
"459","KELP BAY","EASTSIDE",0
"460","KETCHIKAN","EASTSIDE",0
"461","KILIUDA BAY","EASTSIDE",63
"462","KILLISNOO","EASTSIDE",0
"463","KLAWOCK","EASTSIDE",0
"464","KNUDSON COVE","EASTSIDE",0
"465","KODIAK","EASTSIDE",178
"466","LARSEN BAY","EASTSIDE",0
"467","LOWELL POINT","EASTSIDE",0
"468","MOTHER SHIP","EASTSIDE",9
"469","MOTHERSHIP","EASTSIDE",0
"470","MOTHERSHIP LUDZIE","EASTSIDE",0
"471","MOUNTAIN POINT","EASTSIDE",0
"472","NAKALILOK BAY","EASTSIDE",0
"473","NAUKATI","EASTSIDE",0
"474","NINILCHIK","EASTSIDE",0
"475","OLD HARBOR","EASTSIDE",98
"476","OTTER COVE","EASTSIDE",0
"477","PARKS CANNERY","EASTSIDE",0
"478","PELICAN","EASTSIDE",0
"479","PETERSBURG","EASTSIDE",0
"480","POINT BAKER","EASTSIDE",0
"481","PORT ALEXANDER","EASTSIDE",0
"482","PORT ASHTON","EASTSIDE",0
"483","PORT CHATHAM","EASTSIDE",0
"484","PORT LIONS","EASTSIDE",0
"485","PORT PROTECTION","EASTSIDE",0
"486","PORT ST NICHOLAS","EASTSIDE",0
"487","PORT WAKEFIELD","EASTSIDE",0
"488","PYBUS BAY","EASTSIDE",0
"489","PYBUS POINT LODGE","EASTSIDE",0
"490","RASPBERRY ISLAND","EASTSIDE",0
"491","REFUGE COVE","EASTSIDE",0
"492","SALMON FALLS","EASTSIDE",0
"493","SALMON FALLS RESORT","EASTSIDE",0
"494","SALTERY COVE (SC)","EASTSIDE",14
"495","SAND POINT","EASTSIDE",0
"496","SEA OTTER SOUND","EASTSIDE",0
"497","SEAL BAY (SC)","EASTSIDE",0
"498","SEALING COVE","EASTSIDE",0
"499","SELDOVIA","EASTSIDE",0
"500","SEWARD","EASTSIDE",0
"501","SILVER KING LODGE","EASTSIDE",0
"502","SILVER SALMON CREEK","EASTSIDE",0
"503","SITKA","EASTSIDE",0
"504","SKAGWAY","EASTSIDE",0
"505","SPORTSMAN COVE","EASTSIDE",0
"506","STEAMBOAT BAY","EASTSIDE",0
"507","SUNNYSIDE","EASTSIDE",0
"508","TENAKEE","EASTSIDE",0
"509","THOMAS BASIN","EASTSIDE",0
"510","THORNE BAY","EASTSIDE",0
"511","TUTKA BAY","EASTSIDE",0
"512","UGAK BAY","EASTSIDE",37
"513","UGANIK BAY","EASTSIDE",0
"514","VALDEZ","EASTSIDE",0
"515","WADLEIGH ISLAND","EASTSIDE",0
"516","WARD COVE","EASTSIDE",0
"517","WARM SPRINGS BAY","EASTSIDE",0
"518","WATERFALL","EASTSIDE",0
"519","WATERFALL RESORT","EASTSIDE",0
"520","WHALE PASS (POW - SE)","EASTSIDE",0
"521","WHITTIER","EASTSIDE",0
"522","WRANGELL","EASTSIDE",0
"523","YAKUTAT","EASTSIDE",0
"524","YES BAY","EASTSIDE",0
"525","ZACHAR BAY","EASTSIDE",0
"526","ADAK","EYKT",0
"527","AFOGNAK","EYKT",0
"528","AMOOK PASS","EYKT",0
"529","ANCHOR POINT","EYKT",0
"530","ANCHOR RIVER","EYKT",0
"531","ANGOON","EYKT",0
"532","ANTON LARSEN BAY","EYKT",0
"533","APPLE ISLAND","EYKT",0
"534","AUKE BAY","EYKT",0
"535","BARANOF","EYKT",0
"536","BARTLETT COVE","EYKT",0
"537","BRUIN BAY","EYKT",0
"538","CANNERY COVE","EYKT",0
"539","CEDARS LODGE","EYKT",0
"540","CLOVER BAY","EYKT",0
"541","CLOVER PASS","EYKT",0
"542","COFFMAN COVE","EYKT",0
"543","CORDOVA","EYKT",0
"544","CRAIG","EYKT",0
"545","DEEP CREEK","EYKT",0
"546","DOG BAY HARBOR","EYKT",0
"547","DOUGLAS","EYKT",0
"548","DOVE ISLAND LODGE","EYKT",0
"549","EL CAPITAN LODGE","EYKT",0
"550","ELFIN COVE","EYKT",96
"551","FIREWEED LODGE","EYKT",0
"552","FISHERMANS BEND","EYKT",0
"553","GULL COVE","EYKT",3
"554","GUSTAVUS","EYKT",4
"555","HAINES","EYKT",0
"556","HALIBUT COVE","EYKT",0
"557","HAPPY VALLEY","EYKT",0
"558","HOMER","EYKT",0
"559","HOONAH","EYKT",0
"560","ICY BAY LODGE","EYKT",0
"561","IRON CREEK","EYKT",0
"562","JUNEAU","EYKT",0
"563","KAKE","EYKT",0
"564","KELP BAY","EYKT",0
"565","KETCHIKAN","EYKT",0
"566","KILIUDA BAY","EYKT",0
"567","KILLISNOO","EYKT",0
"568","KLAWOCK","EYKT",0
"569","KNUDSON COVE","EYKT",0
"570","KODIAK","EYKT",0
"571","LARSEN BAY","EYKT",0
"572","LOWELL POINT","EYKT",0
"573","MOTHER SHIP","EYKT",0
"574","MOTHERSHIP","EYKT",0
"575","MOTHERSHIP LUDZIE","EYKT",0
"576","MOUNTAIN POINT","EYKT",0
"577","NAKALILOK BAY","EYKT",0
"578","NAUKATI","EYKT",0
"579","NINILCHIK","EYKT",0
"580","OLD HARBOR","EYKT",0
"581","OTTER COVE","EYKT",0
"582","PARKS CANNERY","EYKT",0
"583","PELICAN","EYKT",28
"584","PETERSBURG","EYKT",0
"585","POINT BAKER","EYKT",0
"586","PORT ALEXANDER","EYKT",0
"587","PORT ASHTON","EYKT",0
"588","PORT CHATHAM","EYKT",0
"589","PORT LIONS","EYKT",0
"590","PORT PROTECTION","EYKT",0
"591","PORT ST NICHOLAS","EYKT",0
"592","PORT WAKEFIELD","EYKT",0
"593","PYBUS BAY","EYKT",0
"594","PYBUS POINT LODGE","EYKT",0
"595","RASPBERRY ISLAND","EYKT",0
"596","REFUGE COVE","EYKT",0
"597","SALMON FALLS","EYKT",0
"598","SALMON FALLS RESORT","EYKT",0
"599","SALTERY COVE (SC)","EYKT",0
"600","SAND POINT","EYKT",0
"601","SEA OTTER SOUND","EYKT",0
"602","SEAL BAY (SC)","EYKT",0
"603","SEALING COVE","EYKT",0
"604","SELDOVIA","EYKT",0
"605","SEWARD","EYKT",0
"606","SILVER KING LODGE","EYKT",0
"607","SILVER SALMON CREEK","EYKT",0
"608","SITKA","EYKT",0
"609","SKAGWAY","EYKT",0
"610","SPORTSMAN COVE","EYKT",0
"611","STEAMBOAT BAY","EYKT",0
"612","SUNNYSIDE","EYKT",0
"613","TENAKEE","EYKT",0
"614","THOMAS BASIN","EYKT",0
"615","THORNE BAY","EYKT",0
"616","TUTKA BAY","EYKT",0
"617","UGAK BAY","EYKT",0
"618","UGANIK BAY","EYKT",0
"619","VALDEZ","EYKT",0
"620","WADLEIGH ISLAND","EYKT",0
"621","WARD COVE","EYKT",0
"622","WARM SPRINGS BAY","EYKT",0
"623","WATERFALL","EYKT",0
"624","WATERFALL RESORT","EYKT",0
"625","WHALE PASS (POW - SE)","EYKT",0
"626","WHITTIER","EYKT",0
"627","WRANGELL","EYKT",0
"628","YAKUTAT","EYKT",7
"629","YES BAY","EYKT",0
"630","ZACHAR BAY","EYKT",0
"631","ADAK","IBS",0
"632","AFOGNAK","IBS",0
"633","AMOOK PASS","IBS",0
"634","ANCHOR POINT","IBS",0
"635","ANCHOR RIVER","IBS",0
"636","ANGOON","IBS",0
"637","ANTON LARSEN BAY","IBS",0
"638","APPLE ISLAND","IBS",0
"639","AUKE BAY","IBS",0
"640","BARANOF","IBS",0
"641","BARTLETT COVE","IBS",0
"642","BRUIN BAY","IBS",0
"643","CANNERY COVE","IBS",0
"644","CEDARS LODGE","IBS",0
"645","CLOVER BAY","IBS",0
"646","CLOVER PASS","IBS",0
"647","COFFMAN COVE","IBS",0
"648","CORDOVA","IBS",0
"649","CRAIG","IBS",0
"650","DEEP CREEK","IBS",0
"651","DOG BAY HARBOR","IBS",0
"652","DOUGLAS","IBS",0
"653","DOVE ISLAND LODGE","IBS",0
"654","EL CAPITAN LODGE","IBS",0
"655","ELFIN COVE","IBS",0
"656","FIREWEED LODGE","IBS",0
"657","FISHERMANS BEND","IBS",0
"658","GULL COVE","IBS",0
"659","GUSTAVUS","IBS",0
"660","HAINES","IBS",0
"661","HALIBUT COVE","IBS",0
"662","HAPPY VALLEY","IBS",0
"663","HOMER","IBS",0
"664","HOONAH","IBS",0
"665","ICY BAY LODGE","IBS",38
"666","IRON CREEK","IBS",0
"667","JUNEAU","IBS",0
"668","KAKE","IBS",0
"669","KELP BAY","IBS",0
"670","KETCHIKAN","IBS",0
"671","KILIUDA BAY","IBS",0
"672","KILLISNOO","IBS",0
"673","KLAWOCK","IBS",0
"674","KNUDSON COVE","IBS",0
"675","KODIAK","IBS",0
"676","LARSEN BAY","IBS",0
"677","LOWELL POINT","IBS",0
"678","MOTHER SHIP","IBS",0
"679","MOTHERSHIP","IBS",0
"680","MOTHERSHIP LUDZIE","IBS",0
"681","MOUNTAIN POINT","IBS",0
"682","NAKALILOK BAY","IBS",0
"683","NAUKATI","IBS",0
"684","NINILCHIK","IBS",0
"685","OLD HARBOR","IBS",0
"686","OTTER COVE","IBS",0
"687","PARKS CANNERY","IBS",0
"688","PELICAN","IBS",0
"689","PETERSBURG","IBS",0
"690","POINT BAKER","IBS",0
"691","PORT ALEXANDER","IBS",0
"692","PORT ASHTON","IBS",0
"693","PORT CHATHAM","IBS",0
"694","PORT LIONS","IBS",0
"695","PORT PROTECTION","IBS",0
"696","PORT ST NICHOLAS","IBS",0
"697","PORT WAKEFIELD","IBS",0
"698","PYBUS BAY","IBS",0
"699","PYBUS POINT LODGE","IBS",0
"700","RASPBERRY ISLAND","IBS",0
"701","REFUGE COVE","IBS",0
"702","SALMON FALLS","IBS",0
"703","SALMON FALLS RESORT","IBS",0
"704","SALTERY COVE (SC)","IBS",0
"705","SAND POINT","IBS",0
"706","SEA OTTER SOUND","IBS",0
"707","SEAL BAY (SC)","IBS",0
"708","SEALING COVE","IBS",0
"709","SELDOVIA","IBS",0
"710","SEWARD","IBS",0
"711","SILVER KING LODGE","IBS",0
"712","SILVER SALMON CREEK","IBS",0
"713","SITKA","IBS",0
"714","SKAGWAY","IBS",0
"715","SPORTSMAN COVE","IBS",0
"716","STEAMBOAT BAY","IBS",0
"717","SUNNYSIDE","IBS",0
"718","TENAKEE","IBS",0
"719","THOMAS BASIN","IBS",0
"720","THORNE BAY","IBS",0
"721","TUTKA BAY","IBS",0
"722","UGAK BAY","IBS",0
"723","UGANIK BAY","IBS",0
"724","VALDEZ","IBS",0
"725","WADLEIGH ISLAND","IBS",0
"726","WARD COVE","IBS",0
"727","WARM SPRINGS BAY","IBS",0
"728","WATERFALL","IBS",0
"729","WATERFALL RESORT","IBS",0
"730","WHALE PASS (POW - SE)","IBS",0
"731","WHITTIER","IBS",0
"732","WRANGELL","IBS",0
"733","YAKUTAT","IBS",685
"734","YES BAY","IBS",0
"735","ZACHAR BAY","IBS",0
"736","ADAK","MAINLAND",0
"737","AFOGNAK","MAINLAND",0
"738","AMOOK PASS","MAINLAND",0
"739","ANCHOR POINT","MAINLAND",0
"740","ANCHOR RIVER","MAINLAND",0
"741","ANGOON","MAINLAND",0
"742","ANTON LARSEN BAY","MAINLAND",0
"743","APPLE ISLAND","MAINLAND",0
"744","AUKE BAY","MAINLAND",0
"745","BARANOF","MAINLAND",0
"746","BARTLETT COVE","MAINLAND",0
"747","BRUIN BAY","MAINLAND",0
"748","CANNERY COVE","MAINLAND",0
"749","CEDARS LODGE","MAINLAND",0
"750","CLOVER BAY","MAINLAND",0
"751","CLOVER PASS","MAINLAND",0
"752","COFFMAN COVE","MAINLAND",0
"753","CORDOVA","MAINLAND",0
"754","CRAIG","MAINLAND",0
"755","DEEP CREEK","MAINLAND",0
"756","DOG BAY HARBOR","MAINLAND",0
"757","DOUGLAS","MAINLAND",0
"758","DOVE ISLAND LODGE","MAINLAND",0
"759","EL CAPITAN LODGE","MAINLAND",0
"760","ELFIN COVE","MAINLAND",0
"761","FIREWEED LODGE","MAINLAND",0
"762","FISHERMANS BEND","MAINLAND",0
"763","GULL COVE","MAINLAND",0
"764","GUSTAVUS","MAINLAND",0
"765","HAINES","MAINLAND",0
"766","HALIBUT COVE","MAINLAND",0
"767","HAPPY VALLEY","MAINLAND",0
"768","HOMER","MAINLAND",0
"769","HOONAH","MAINLAND",0
"770","ICY BAY LODGE","MAINLAND",0
"771","IRON CREEK","MAINLAND",0
"772","JUNEAU","MAINLAND",0
"773","KAKE","MAINLAND",0
"774","KELP BAY","MAINLAND",0
"775","KETCHIKAN","MAINLAND",0
"776","KILIUDA BAY","MAINLAND",0
"777","KILLISNOO","MAINLAND",0
"778","KLAWOCK","MAINLAND",0
"779","KNUDSON COVE","MAINLAND",0
"780","KODIAK","MAINLAND",0
"781","LARSEN BAY","MAINLAND",23
"782","LOWELL POINT","MAINLAND",0
"783","MOTHER SHIP","MAINLAND",0
"784","MOTHERSHIP","MAINLAND",0
"785","MOTHERSHIP LUDZIE","MAINLAND",0
"786","MOUNTAIN POINT","MAINLAND",0
"787","NAKALILOK BAY","MAINLAND",0
"788","NAUKATI","MAINLAND",0
"789","NINILCHIK","MAINLAND",0
"790","OLD HARBOR","MAINLAND",0
"791","OTTER COVE","MAINLAND",0
"792","PARKS CANNERY","MAINLAND",0
"793","PELICAN","MAINLAND",0
"794","PETERSBURG","MAINLAND",0
"795","POINT BAKER","MAINLAND",0
"796","PORT ALEXANDER","MAINLAND",0
"797","PORT ASHTON","MAINLAND",0
"798","PORT CHATHAM","MAINLAND",0
"799","PORT LIONS","MAINLAND",0
"800","PORT PROTECTION","MAINLAND",0
"801","PORT ST NICHOLAS","MAINLAND",0
"802","PORT WAKEFIELD","MAINLAND",0
"803","PYBUS BAY","MAINLAND",0
"804","PYBUS POINT LODGE","MAINLAND",0
"805","RASPBERRY ISLAND","MAINLAND",0
"806","REFUGE COVE","MAINLAND",0
"807","SALMON FALLS","MAINLAND",0
"808","SALMON FALLS RESORT","MAINLAND",0
"809","SALTERY COVE (SC)","MAINLAND",0
"810","SAND POINT","MAINLAND",0
"811","SEA OTTER SOUND","MAINLAND",0
"812","SEAL BAY (SC)","MAINLAND",0
"813","SEALING COVE","MAINLAND",0
"814","SELDOVIA","MAINLAND",0
"815","SEWARD","MAINLAND",0
"816","SILVER KING LODGE","MAINLAND",0
"817","SILVER SALMON CREEK","MAINLAND",0
"818","SITKA","MAINLAND",0
"819","SKAGWAY","MAINLAND",0
"820","SPORTSMAN COVE","MAINLAND",0
"821","STEAMBOAT BAY","MAINLAND",0
"822","SUNNYSIDE","MAINLAND",0
"823","TENAKEE","MAINLAND",0
"824","THOMAS BASIN","MAINLAND",0
"825","THORNE BAY","MAINLAND",0
"826","TUTKA BAY","MAINLAND",0
"827","UGAK BAY","MAINLAND",0
"828","UGANIK BAY","MAINLAND",0
"829","VALDEZ","MAINLAND",0
"830","WADLEIGH ISLAND","MAINLAND",0
"831","WARD COVE","MAINLAND",0
"832","WARM SPRINGS BAY","MAINLAND",0
"833","WATERFALL","MAINLAND",0
"834","WATERFALL RESORT","MAINLAND",0
"835","WHALE PASS (POW - SE)","MAINLAND",0
"836","WHITTIER","MAINLAND",0
"837","WRANGELL","MAINLAND",0
"838","YAKUTAT","MAINLAND",0
"839","YES BAY","MAINLAND",0
"840","ZACHAR BAY","MAINLAND",0
"841","ADAK","NG",0
"842","AFOGNAK","NG",0
"843","AMOOK PASS","NG",0
"844","ANCHOR POINT","NG",56
"845","ANCHOR RIVER","NG",0
"846","ANGOON","NG",0
"847","ANTON LARSEN BAY","NG",0
"848","APPLE ISLAND","NG",0
"849","AUKE BAY","NG",0
"850","BARANOF","NG",0
"851","BARTLETT COVE","NG",0
"852","BRUIN BAY","NG",0
"853","CANNERY COVE","NG",0
"854","CEDARS LODGE","NG",0
"855","CLOVER BAY","NG",0
"856","CLOVER PASS","NG",0
"857","COFFMAN COVE","NG",0
"858","CORDOVA","NG",0
"859","CRAIG","NG",0
"860","DEEP CREEK","NG",16
"861","DOG BAY HARBOR","NG",0
"862","DOUGLAS","NG",0
"863","DOVE ISLAND LODGE","NG",0
"864","EL CAPITAN LODGE","NG",0
"865","ELFIN COVE","NG",0
"866","FIREWEED LODGE","NG",0
"867","FISHERMANS BEND","NG",0
"868","GULL COVE","NG",0
"869","GUSTAVUS","NG",0
"870","HAINES","NG",0
"871","HALIBUT COVE","NG",0
"872","HAPPY VALLEY","NG",7
"873","HOMER","NG",2155
"874","HOONAH","NG",0
"875","ICY BAY LODGE","NG",0
"876","IRON CREEK","NG",0
"877","JUNEAU","NG",0
"878","KAKE","NG",0
"879","KELP BAY","NG",0
"880","KETCHIKAN","NG",0
"881","KILIUDA BAY","NG",0
"882","KILLISNOO","NG",0
"883","KLAWOCK","NG",0
"884","KNUDSON COVE","NG",0
"885","KODIAK","NG",8
"886","LARSEN BAY","NG",0
"887","LOWELL POINT","NG",383
"888","MOTHER SHIP","NG",0
"889","MOTHERSHIP","NG",0
"890","MOTHERSHIP LUDZIE","NG",0
"891","MOUNTAIN POINT","NG",0
"892","NAKALILOK BAY","NG",0
"893","NAUKATI","NG",0
"894","NINILCHIK","NG",1
"895","OLD HARBOR","NG",0
"896","OTTER COVE","NG",1
"897","PARKS CANNERY","NG",0
"898","PELICAN","NG",0
"899","PETERSBURG","NG",0
"900","POINT BAKER","NG",0
"901","PORT ALEXANDER","NG",0
"902","PORT ASHTON","NG",1
"903","PORT CHATHAM","NG",1
"904","PORT LIONS","NG",0
"905","PORT PROTECTION","NG",0
"906","PORT ST NICHOLAS","NG",0
"907","PORT WAKEFIELD","NG",0
"908","PYBUS BAY","NG",0
"909","PYBUS POINT LODGE","NG",0
"910","RASPBERRY ISLAND","NG",0
"911","REFUGE COVE","NG",0
"912","SALMON FALLS","NG",0
"913","SALMON FALLS RESORT","NG",0
"914","SALTERY COVE (SC)","NG",0
"915","SAND POINT","NG",0
"916","SEA OTTER SOUND","NG",0
"917","SEAL BAY (SC)","NG",0
"918","SEALING COVE","NG",0
"919","SELDOVIA","NG",7
"920","SEWARD","NG",2266
"921","SILVER KING LODGE","NG",0
"922","SILVER SALMON CREEK","NG",0
"923","SITKA","NG",0
"924","SKAGWAY","NG",0
"925","SPORTSMAN COVE","NG",0
"926","STEAMBOAT BAY","NG",0
"927","SUNNYSIDE","NG",0
"928","TENAKEE","NG",0
"929","THOMAS BASIN","NG",0
"930","THORNE BAY","NG",0
"931","TUTKA BAY","NG",4
"932","UGAK BAY","NG",0
"933","UGANIK BAY","NG",0
"934","VALDEZ","NG",0
"935","WADLEIGH ISLAND","NG",0
"936","WARD COVE","NG",0
"937","WARM SPRINGS BAY","NG",0
"938","WATERFALL","NG",0
"939","WATERFALL RESORT","NG",0
"940","WHALE PASS (POW - SE)","NG",0
"941","WHITTIER","NG",0
"942","WRANGELL","NG",0
"943","YAKUTAT","NG",0
"944","YES BAY","NG",0
"945","ZACHAR BAY","NG",0
"946","ADAK","NORTHEAST",0
"947","AFOGNAK","NORTHEAST",5
"948","AMOOK PASS","NORTHEAST",0
"949","ANCHOR POINT","NORTHEAST",0
"950","ANCHOR RIVER","NORTHEAST",0
"951","ANGOON","NORTHEAST",0
"952","ANTON LARSEN BAY","NORTHEAST",2
"953","APPLE ISLAND","NORTHEAST",0
"954","AUKE BAY","NORTHEAST",0
"955","BARANOF","NORTHEAST",0
"956","BARTLETT COVE","NORTHEAST",0
"957","BRUIN BAY","NORTHEAST",0
"958","CANNERY COVE","NORTHEAST",0
"959","CEDARS LODGE","NORTHEAST",0
"960","CLOVER BAY","NORTHEAST",0
"961","CLOVER PASS","NORTHEAST",0
"962","COFFMAN COVE","NORTHEAST",0
"963","CORDOVA","NORTHEAST",0
"964","CRAIG","NORTHEAST",0
"965","DEEP CREEK","NORTHEAST",0
"966","DOG BAY HARBOR","NORTHEAST",3
"967","DOUGLAS","NORTHEAST",0
"968","DOVE ISLAND LODGE","NORTHEAST",0
"969","EL CAPITAN LODGE","NORTHEAST",0
"970","ELFIN COVE","NORTHEAST",0
"971","FIREWEED LODGE","NORTHEAST",0
"972","FISHERMANS BEND","NORTHEAST",0
"973","GULL COVE","NORTHEAST",0
"974","GUSTAVUS","NORTHEAST",0
"975","HAINES","NORTHEAST",0
"976","HALIBUT COVE","NORTHEAST",0
"977","HAPPY VALLEY","NORTHEAST",0
"978","HOMER","NORTHEAST",0
"979","HOONAH","NORTHEAST",0
"980","ICY BAY LODGE","NORTHEAST",0
"981","IRON CREEK","NORTHEAST",71
"982","JUNEAU","NORTHEAST",0
"983","KAKE","NORTHEAST",0
"984","KELP BAY","NORTHEAST",0
"985","KETCHIKAN","NORTHEAST",0
"986","KILIUDA BAY","NORTHEAST",0
"987","KILLISNOO","NORTHEAST",0
"988","KLAWOCK","NORTHEAST",0
"989","KNUDSON COVE","NORTHEAST",0
"990","KODIAK","NORTHEAST",595
"991","LARSEN BAY","NORTHEAST",0
"992","LOWELL POINT","NORTHEAST",0
"993","MOTHER SHIP","NORTHEAST",0
"994","MOTHERSHIP","NORTHEAST",0
"995","MOTHERSHIP LUDZIE","NORTHEAST",0
"996","MOUNTAIN POINT","NORTHEAST",0
"997","NAKALILOK BAY","NORTHEAST",0
"998","NAUKATI","NORTHEAST",0
"999","NINILCHIK","NORTHEAST",0
"1000","OLD HARBOR","NORTHEAST",0
"1001","OTTER COVE","NORTHEAST",0
"1002","PARKS CANNERY","NORTHEAST",0
"1003","PELICAN","NORTHEAST",0
"1004","PETERSBURG","NORTHEAST",0
"1005","POINT BAKER","NORTHEAST",0
"1006","PORT ALEXANDER","NORTHEAST",0
"1007","PORT ASHTON","NORTHEAST",0
"1008","PORT CHATHAM","NORTHEAST",0
"1009","PORT LIONS","NORTHEAST",40
"1010","PORT PROTECTION","NORTHEAST",0
"1011","PORT ST NICHOLAS","NORTHEAST",0
"1012","PORT WAKEFIELD","NORTHEAST",9
"1013","PYBUS BAY","NORTHEAST",0
"1014","PYBUS POINT LODGE","NORTHEAST",0
"1015","RASPBERRY ISLAND","NORTHEAST",14
"1016","REFUGE COVE","NORTHEAST",0
"1017","SALMON FALLS","NORTHEAST",0
"1018","SALMON FALLS RESORT","NORTHEAST",0
"1019","SALTERY COVE (SC)","NORTHEAST",2
"1020","SAND POINT","NORTHEAST",0
"1021","SEA OTTER SOUND","NORTHEAST",0
"1022","SEAL BAY (SC)","NORTHEAST",0
"1023","SEALING COVE","NORTHEAST",0
"1024","SELDOVIA","NORTHEAST",0
"1025","SEWARD","NORTHEAST",0
"1026","SILVER KING LODGE","NORTHEAST",0
"1027","SILVER SALMON CREEK","NORTHEAST",0
"1028","SITKA","NORTHEAST",0
"1029","SKAGWAY","NORTHEAST",0
"1030","SPORTSMAN COVE","NORTHEAST",0
"1031","STEAMBOAT BAY","NORTHEAST",0
"1032","SUNNYSIDE","NORTHEAST",0
"1033","TENAKEE","NORTHEAST",0
"1034","THOMAS BASIN","NORTHEAST",0
"1035","THORNE BAY","NORTHEAST",0
"1036","TUTKA BAY","NORTHEAST",0
"1037","UGAK BAY","NORTHEAST",0
"1038","UGANIK BAY","NORTHEAST",0
"1039","VALDEZ","NORTHEAST",0
"1040","WADLEIGH ISLAND","NORTHEAST",0
"1041","WARD COVE","NORTHEAST",0
"1042","WARM SPRINGS BAY","NORTHEAST",0
"1043","WATERFALL","NORTHEAST",0
"1044","WATERFALL RESORT","NORTHEAST",0
"1045","WHALE PASS (POW - SE)","NORTHEAST",0
"1046","WHITTIER","NORTHEAST",0
"1047","WRANGELL","NORTHEAST",0
"1048","YAKUTAT","NORTHEAST",0
"1049","YES BAY","NORTHEAST",0
"1050","ZACHAR BAY","NORTHEAST",0
"1051","ADAK","NSEI",0
"1052","AFOGNAK","NSEI",0
"1053","AMOOK PASS","NSEI",0
"1054","ANCHOR POINT","NSEI",0
"1055","ANCHOR RIVER","NSEI",0
"1056","ANGOON","NSEI",109
"1057","ANTON LARSEN BAY","NSEI",0
"1058","APPLE ISLAND","NSEI",0
"1059","AUKE BAY","NSEI",2663
"1060","BARANOF","NSEI",2
"1061","BARTLETT COVE","NSEI",74
"1062","BRUIN BAY","NSEI",0
"1063","CANNERY COVE","NSEI",94
"1064","CEDARS LODGE","NSEI",0
"1065","CLOVER BAY","NSEI",0
"1066","CLOVER PASS","NSEI",0
"1067","COFFMAN COVE","NSEI",0
"1068","CORDOVA","NSEI",0
"1069","CRAIG","NSEI",0
"1070","DEEP CREEK","NSEI",0
"1071","DOG BAY HARBOR","NSEI",0
"1072","DOUGLAS","NSEI",1
"1073","DOVE ISLAND LODGE","NSEI",0
"1074","EL CAPITAN LODGE","NSEI",41
"1075","ELFIN COVE","NSEI",228
"1076","FIREWEED LODGE","NSEI",0
"1077","FISHERMANS BEND","NSEI",251
"1078","GULL COVE","NSEI",33
"1079","GUSTAVUS","NSEI",811
"1080","HAINES","NSEI",15
"1081","HALIBUT COVE","NSEI",0
"1082","HAPPY VALLEY","NSEI",0
"1083","HOMER","NSEI",0
"1084","HOONAH","NSEI",354
"1085","ICY BAY LODGE","NSEI",0
"1086","IRON CREEK","NSEI",0
"1087","JUNEAU","NSEI",582
"1088","KAKE","NSEI",11
"1089","KELP BAY","NSEI",103
"1090","KETCHIKAN","NSEI",3
"1091","KILIUDA BAY","NSEI",0
"1092","KILLISNOO","NSEI",422
"1093","KLAWOCK","NSEI",0
"1094","KNUDSON COVE","NSEI",0
"1095","KODIAK","NSEI",0
"1096","LARSEN BAY","NSEI",0
"1097","LOWELL POINT","NSEI",0
"1098","MOTHER SHIP","NSEI",63
"1099","MOTHERSHIP","NSEI",435
"1100","MOTHERSHIP LUDZIE","NSEI",4
"1101","MOUNTAIN POINT","NSEI",0
"1102","NAKALILOK BAY","NSEI",0
"1103","NAUKATI","NSEI",0
"1104","NINILCHIK","NSEI",0
"1105","OLD HARBOR","NSEI",0
"1106","OTTER COVE","NSEI",0
"1107","PARKS CANNERY","NSEI",0
"1108","PELICAN","NSEI",0
"1109","PETERSBURG","NSEI",143
"1110","POINT BAKER","NSEI",0
"1111","PORT ALEXANDER","NSEI",98
"1112","PORT ASHTON","NSEI",0
"1113","PORT CHATHAM","NSEI",0
"1114","PORT LIONS","NSEI",0
"1115","PORT PROTECTION","NSEI",0
"1116","PORT ST NICHOLAS","NSEI",0
"1117","PORT WAKEFIELD","NSEI",0
"1118","PYBUS BAY","NSEI",83
"1119","PYBUS POINT LODGE","NSEI",517
"1120","RASPBERRY ISLAND","NSEI",0
"1121","REFUGE COVE","NSEI",0
"1122","SALMON FALLS","NSEI",1
"1123","SALMON FALLS RESORT","NSEI",0
"1124","SALTERY COVE (SC)","NSEI",0
"1125","SAND POINT","NSEI",0
"1126","SEA OTTER SOUND","NSEI",0
"1127","SEAL BAY (SC)","NSEI",0
"1128","SEALING COVE","NSEI",0
"1129","SELDOVIA","NSEI",0
"1130","SEWARD","NSEI",0
"1131","SILVER KING LODGE","NSEI",0
"1132","SILVER SALMON CREEK","NSEI",0
"1133","SITKA","NSEI",302
"1134","SKAGWAY","NSEI",98
"1135","SPORTSMAN COVE","NSEI",0
"1136","STEAMBOAT BAY","NSEI",0
"1137","SUNNYSIDE","NSEI",1
"1138","TENAKEE","NSEI",19
"1139","THOMAS BASIN","NSEI",0
"1140","THORNE BAY","NSEI",0
"1141","TUTKA BAY","NSEI",0
"1142","UGAK BAY","NSEI",0
"1143","UGANIK BAY","NSEI",0
"1144","VALDEZ","NSEI",0
"1145","WADLEIGH ISLAND","NSEI",0
"1146","WARD COVE","NSEI",0
"1147","WARM SPRINGS BAY","NSEI",344
"1148","WATERFALL","NSEI",0
"1149","WATERFALL RESORT","NSEI",0
"1150","WHALE PASS (POW - SE)","NSEI",0
"1151","WHITTIER","NSEI",0
"1152","WRANGELL","NSEI",0
"1153","YAKUTAT","NSEI",0
"1154","YES BAY","NSEI",0
"1155","ZACHAR BAY","NSEI",0
"1156","ADAK","NSEO",0
"1157","AFOGNAK","NSEO",0
"1158","AMOOK PASS","NSEO",0
"1159","ANCHOR POINT","NSEO",0
"1160","ANCHOR RIVER","NSEO",0
"1161","ANGOON","NSEO",0
"1162","ANTON LARSEN BAY","NSEO",0
"1163","APPLE ISLAND","NSEO",0
"1164","AUKE BAY","NSEO",0
"1165","BARANOF","NSEO",0
"1166","BARTLETT COVE","NSEO",5
"1167","BRUIN BAY","NSEO",0
"1168","CANNERY COVE","NSEO",0
"1169","CEDARS LODGE","NSEO",0
"1170","CLOVER BAY","NSEO",0
"1171","CLOVER PASS","NSEO",0
"1172","COFFMAN COVE","NSEO",0
"1173","CORDOVA","NSEO",0
"1174","CRAIG","NSEO",0
"1175","DEEP CREEK","NSEO",0
"1176","DOG BAY HARBOR","NSEO",0
"1177","DOUGLAS","NSEO",0
"1178","DOVE ISLAND LODGE","NSEO",0
"1179","EL CAPITAN LODGE","NSEO",0
"1180","ELFIN COVE","NSEO",594
"1181","FIREWEED LODGE","NSEO",0
"1182","FISHERMANS BEND","NSEO",0
"1183","GULL COVE","NSEO",5
"1184","GUSTAVUS","NSEO",193
"1185","HAINES","NSEO",0
"1186","HALIBUT COVE","NSEO",0
"1187","HAPPY VALLEY","NSEO",0
"1188","HOMER","NSEO",0
"1189","HOONAH","NSEO",0
"1190","ICY BAY LODGE","NSEO",0
"1191","IRON CREEK","NSEO",0
"1192","JUNEAU","NSEO",0
"1193","KAKE","NSEO",0
"1194","KELP BAY","NSEO",0
"1195","KETCHIKAN","NSEO",0
"1196","KILIUDA BAY","NSEO",0
"1197","KILLISNOO","NSEO",0
"1198","KLAWOCK","NSEO",0
"1199","KNUDSON COVE","NSEO",0
"1200","KODIAK","NSEO",0
"1201","LARSEN BAY","NSEO",0
"1202","LOWELL POINT","NSEO",0
"1203","MOTHER SHIP","NSEO",0
"1204","MOTHERSHIP","NSEO",2
"1205","MOTHERSHIP LUDZIE","NSEO",0
"1206","MOUNTAIN POINT","NSEO",0
"1207","NAKALILOK BAY","NSEO",0
"1208","NAUKATI","NSEO",0
"1209","NINILCHIK","NSEO",0
"1210","OLD HARBOR","NSEO",0
"1211","OTTER COVE","NSEO",0
"1212","PARKS CANNERY","NSEO",0
"1213","PELICAN","NSEO",791
"1214","PETERSBURG","NSEO",0
"1215","POINT BAKER","NSEO",0
"1216","PORT ALEXANDER","NSEO",0
"1217","PORT ASHTON","NSEO",0
"1218","PORT CHATHAM","NSEO",0
"1219","PORT LIONS","NSEO",0
"1220","PORT PROTECTION","NSEO",0
"1221","PORT ST NICHOLAS","NSEO",0
"1222","PORT WAKEFIELD","NSEO",0
"1223","PYBUS BAY","NSEO",0
"1224","PYBUS POINT LODGE","NSEO",0
"1225","RASPBERRY ISLAND","NSEO",0
"1226","REFUGE COVE","NSEO",0
"1227","SALMON FALLS","NSEO",0
"1228","SALMON FALLS RESORT","NSEO",0
"1229","SALTERY COVE (SC)","NSEO",0
"1230","SAND POINT","NSEO",0
"1231","SEA OTTER SOUND","NSEO",0
"1232","SEAL BAY (SC)","NSEO",0
"1233","SEALING COVE","NSEO",0
"1234","SELDOVIA","NSEO",0
"1235","SEWARD","NSEO",0
"1236","SILVER KING LODGE","NSEO",0
"1237","SILVER SALMON CREEK","NSEO",0
"1238","SITKA","NSEO",29
"1239","SKAGWAY","NSEO",0
"1240","SPORTSMAN COVE","NSEO",0
"1241","STEAMBOAT BAY","NSEO",0
"1242","SUNNYSIDE","NSEO",43
"1243","TENAKEE","NSEO",0
"1244","THOMAS BASIN","NSEO",0
"1245","THORNE BAY","NSEO",0
"1246","TUTKA BAY","NSEO",0
"1247","UGAK BAY","NSEO",0
"1248","UGANIK BAY","NSEO",0
"1249","VALDEZ","NSEO",0
"1250","WADLEIGH ISLAND","NSEO",0
"1251","WARD COVE","NSEO",0
"1252","WARM SPRINGS BAY","NSEO",0
"1253","WATERFALL","NSEO",0
"1254","WATERFALL RESORT","NSEO",0
"1255","WHALE PASS (POW - SE)","NSEO",0
"1256","WHITTIER","NSEO",0
"1257","WRANGELL","NSEO",0
"1258","YAKUTAT","NSEO",0
"1259","YES BAY","NSEO",0
"1260","ZACHAR BAY","NSEO",0
"1261","ADAK","PWSI",0
"1262","AFOGNAK","PWSI",0
"1263","AMOOK PASS","PWSI",0
"1264","ANCHOR POINT","PWSI",0
"1265","ANCHOR RIVER","PWSI",0
"1266","ANGOON","PWSI",0
"1267","ANTON LARSEN BAY","PWSI",0
"1268","APPLE ISLAND","PWSI",0
"1269","AUKE BAY","PWSI",0
"1270","BARANOF","PWSI",0
"1271","BARTLETT COVE","PWSI",0
"1272","BRUIN BAY","PWSI",0
"1273","CANNERY COVE","PWSI",0
"1274","CEDARS LODGE","PWSI",0
"1275","CLOVER BAY","PWSI",0
"1276","CLOVER PASS","PWSI",0
"1277","COFFMAN COVE","PWSI",0
"1278","CORDOVA","PWSI",155
"1279","CRAIG","PWSI",0
"1280","DEEP CREEK","PWSI",0
"1281","DOG BAY HARBOR","PWSI",0
"1282","DOUGLAS","PWSI",0
"1283","DOVE ISLAND LODGE","PWSI",0
"1284","EL CAPITAN LODGE","PWSI",0
"1285","ELFIN COVE","PWSI",0
"1286","FIREWEED LODGE","PWSI",0
"1287","FISHERMANS BEND","PWSI",0
"1288","GULL COVE","PWSI",0
"1289","GUSTAVUS","PWSI",0
"1290","HAINES","PWSI",0
"1291","HALIBUT COVE","PWSI",0
"1292","HAPPY VALLEY","PWSI",0
"1293","HOMER","PWSI",0
"1294","HOONAH","PWSI",0
"1295","ICY BAY LODGE","PWSI",0
"1296","IRON CREEK","PWSI",0
"1297","JUNEAU","PWSI",0
"1298","KAKE","PWSI",0
"1299","KELP BAY","PWSI",0
"1300","KETCHIKAN","PWSI",0
"1301","KILIUDA BAY","PWSI",0
"1302","KILLISNOO","PWSI",0
"1303","KLAWOCK","PWSI",0
"1304","KNUDSON COVE","PWSI",0
"1305","KODIAK","PWSI",0
"1306","LARSEN BAY","PWSI",0
"1307","LOWELL POINT","PWSI",3
"1308","MOTHER SHIP","PWSI",0
"1309","MOTHERSHIP","PWSI",4
"1310","MOTHERSHIP LUDZIE","PWSI",0
"1311","MOUNTAIN POINT","PWSI",0
"1312","NAKALILOK BAY","PWSI",0
"1313","NAUKATI","PWSI",0
"1314","NINILCHIK","PWSI",0
"1315","OLD HARBOR","PWSI",0
"1316","OTTER COVE","PWSI",0
"1317","PARKS CANNERY","PWSI",0
"1318","PELICAN","PWSI",0
"1319","PETERSBURG","PWSI",0
"1320","POINT BAKER","PWSI",0
"1321","PORT ALEXANDER","PWSI",0
"1322","PORT ASHTON","PWSI",14
"1323","PORT CHATHAM","PWSI",0
"1324","PORT LIONS","PWSI",0
"1325","PORT PROTECTION","PWSI",0
"1326","PORT ST NICHOLAS","PWSI",0
"1327","PORT WAKEFIELD","PWSI",0
"1328","PYBUS BAY","PWSI",0
"1329","PYBUS POINT LODGE","PWSI",0
"1330","RASPBERRY ISLAND","PWSI",0
"1331","REFUGE COVE","PWSI",0
"1332","SALMON FALLS","PWSI",0
"1333","SALMON FALLS RESORT","PWSI",0
"1334","SALTERY COVE (SC)","PWSI",0
"1335","SAND POINT","PWSI",0
"1336","SEA OTTER SOUND","PWSI",0
"1337","SEAL BAY (SC)","PWSI",0
"1338","SEALING COVE","PWSI",0
"1339","SELDOVIA","PWSI",0
"1340","SEWARD","PWSI",241
"1341","SILVER KING LODGE","PWSI",0
"1342","SILVER SALMON CREEK","PWSI",0
"1343","SITKA","PWSI",0
"1344","SKAGWAY","PWSI",0
"1345","SPORTSMAN COVE","PWSI",0
"1346","STEAMBOAT BAY","PWSI",0
"1347","SUNNYSIDE","PWSI",0
"1348","TENAKEE","PWSI",0
"1349","THOMAS BASIN","PWSI",0
"1350","THORNE BAY","PWSI",0
"1351","TUTKA BAY","PWSI",0
"1352","UGAK BAY","PWSI",0
"1353","UGANIK BAY","PWSI",0
"1354","VALDEZ","PWSI",410
"1355","WADLEIGH ISLAND","PWSI",0
"1356","WARD COVE","PWSI",0
"1357","WARM SPRINGS BAY","PWSI",0
"1358","WATERFALL","PWSI",0
"1359","WATERFALL RESORT","PWSI",0
"1360","WHALE PASS (POW - SE)","PWSI",0
"1361","WHITTIER","PWSI",783
"1362","WRANGELL","PWSI",0
"1363","YAKUTAT","PWSI",0
"1364","YES BAY","PWSI",0
"1365","ZACHAR BAY","PWSI",0
"1366","ADAK","PWSO",0
"1367","AFOGNAK","PWSO",0
"1368","AMOOK PASS","PWSO",0
"1369","ANCHOR POINT","PWSO",0
"1370","ANCHOR RIVER","PWSO",0
"1371","ANGOON","PWSO",0
"1372","ANTON LARSEN BAY","PWSO",0
"1373","APPLE ISLAND","PWSO",0
"1374","AUKE BAY","PWSO",0
"1375","BARANOF","PWSO",0
"1376","BARTLETT COVE","PWSO",0
"1377","BRUIN BAY","PWSO",0
"1378","CANNERY COVE","PWSO",0
"1379","CEDARS LODGE","PWSO",0
"1380","CLOVER BAY","PWSO",0
"1381","CLOVER PASS","PWSO",0
"1382","COFFMAN COVE","PWSO",0
"1383","CORDOVA","PWSO",12
"1384","CRAIG","PWSO",0
"1385","DEEP CREEK","PWSO",0
"1386","DOG BAY HARBOR","PWSO",0
"1387","DOUGLAS","PWSO",0
"1388","DOVE ISLAND LODGE","PWSO",0
"1389","EL CAPITAN LODGE","PWSO",0
"1390","ELFIN COVE","PWSO",0
"1391","FIREWEED LODGE","PWSO",0
"1392","FISHERMANS BEND","PWSO",0
"1393","GULL COVE","PWSO",0
"1394","GUSTAVUS","PWSO",0
"1395","HAINES","PWSO",0
"1396","HALIBUT COVE","PWSO",0
"1397","HAPPY VALLEY","PWSO",0
"1398","HOMER","PWSO",1
"1399","HOONAH","PWSO",0
"1400","ICY BAY LODGE","PWSO",0
"1401","IRON CREEK","PWSO",0
"1402","JUNEAU","PWSO",0
"1403","KAKE","PWSO",0
"1404","KELP BAY","PWSO",0
"1405","KETCHIKAN","PWSO",0
"1406","KILIUDA BAY","PWSO",0
"1407","KILLISNOO","PWSO",0
"1408","KLAWOCK","PWSO",0
"1409","KNUDSON COVE","PWSO",0
"1410","KODIAK","PWSO",0
"1411","LARSEN BAY","PWSO",0
"1412","LOWELL POINT","PWSO",12
"1413","MOTHER SHIP","PWSO",0
"1414","MOTHERSHIP","PWSO",0
"1415","MOTHERSHIP LUDZIE","PWSO",0
"1416","MOUNTAIN POINT","PWSO",0
"1417","NAKALILOK BAY","PWSO",0
"1418","NAUKATI","PWSO",0
"1419","NINILCHIK","PWSO",0
"1420","OLD HARBOR","PWSO",0
"1421","OTTER COVE","PWSO",0
"1422","PARKS CANNERY","PWSO",0
"1423","PELICAN","PWSO",0
"1424","PETERSBURG","PWSO",0
"1425","POINT BAKER","PWSO",0
"1426","PORT ALEXANDER","PWSO",0
"1427","PORT ASHTON","PWSO",7
"1428","PORT CHATHAM","PWSO",0
"1429","PORT LIONS","PWSO",0
"1430","PORT PROTECTION","PWSO",0
"1431","PORT ST NICHOLAS","PWSO",0
"1432","PORT WAKEFIELD","PWSO",0
"1433","PYBUS BAY","PWSO",0
"1434","PYBUS POINT LODGE","PWSO",0
"1435","RASPBERRY ISLAND","PWSO",0
"1436","REFUGE COVE","PWSO",0
"1437","SALMON FALLS","PWSO",0
"1438","SALMON FALLS RESORT","PWSO",0
"1439","SALTERY COVE (SC)","PWSO",0
"1440","SAND POINT","PWSO",0
"1441","SEA OTTER SOUND","PWSO",0
"1442","SEAL BAY (SC)","PWSO",0
"1443","SEALING COVE","PWSO",0
"1444","SELDOVIA","PWSO",0
"1445","SEWARD","PWSO",1020
"1446","SILVER KING LODGE","PWSO",0
"1447","SILVER SALMON CREEK","PWSO",0
"1448","SITKA","PWSO",0
"1449","SKAGWAY","PWSO",0
"1450","SPORTSMAN COVE","PWSO",0
"1451","STEAMBOAT BAY","PWSO",0
"1452","SUNNYSIDE","PWSO",0
"1453","TENAKEE","PWSO",0
"1454","THOMAS BASIN","PWSO",0
"1455","THORNE BAY","PWSO",0
"1456","TUTKA BAY","PWSO",0
"1457","UGAK BAY","PWSO",0
"1458","UGANIK BAY","PWSO",0
"1459","VALDEZ","PWSO",505
"1460","WADLEIGH ISLAND","PWSO",0
"1461","WARD COVE","PWSO",0
"1462","WARM SPRINGS BAY","PWSO",0
"1463","WATERFALL","PWSO",0
"1464","WATERFALL RESORT","PWSO",0
"1465","WHALE PASS (POW - SE)","PWSO",0
"1466","WHITTIER","PWSO",73
"1467","WRANGELL","PWSO",0
"1468","YAKUTAT","PWSO",0
"1469","YES BAY","PWSO",0
"1470","ZACHAR BAY","PWSO",0
"1471","ADAK","SAKPEN",0
"1472","AFOGNAK","SAKPEN",0
"1473","AMOOK PASS","SAKPEN",0
"1474","ANCHOR POINT","SAKPEN",0
"1475","ANCHOR RIVER","SAKPEN",0
"1476","ANGOON","SAKPEN",0
"1477","ANTON LARSEN BAY","SAKPEN",0
"1478","APPLE ISLAND","SAKPEN",0
"1479","AUKE BAY","SAKPEN",0
"1480","BARANOF","SAKPEN",0
"1481","BARTLETT COVE","SAKPEN",0
"1482","BRUIN BAY","SAKPEN",0
"1483","CANNERY COVE","SAKPEN",0
"1484","CEDARS LODGE","SAKPEN",0
"1485","CLOVER BAY","SAKPEN",0
"1486","CLOVER PASS","SAKPEN",0
"1487","COFFMAN COVE","SAKPEN",0
"1488","CORDOVA","SAKPEN",0
"1489","CRAIG","SAKPEN",0
"1490","DEEP CREEK","SAKPEN",0
"1491","DOG BAY HARBOR","SAKPEN",0
"1492","DOUGLAS","SAKPEN",0
"1493","DOVE ISLAND LODGE","SAKPEN",0
"1494","EL CAPITAN LODGE","SAKPEN",0
"1495","ELFIN COVE","SAKPEN",0
"1496","FIREWEED LODGE","SAKPEN",0
"1497","FISHERMANS BEND","SAKPEN",0
"1498","GULL COVE","SAKPEN",0
"1499","GUSTAVUS","SAKPEN",0
"1500","HAINES","SAKPEN",0
"1501","HALIBUT COVE","SAKPEN",0
"1502","HAPPY VALLEY","SAKPEN",0
"1503","HOMER","SAKPEN",0
"1504","HOONAH","SAKPEN",0
"1505","ICY BAY LODGE","SAKPEN",0
"1506","IRON CREEK","SAKPEN",0
"1507","JUNEAU","SAKPEN",0
"1508","KAKE","SAKPEN",0
"1509","KELP BAY","SAKPEN",0
"1510","KETCHIKAN","SAKPEN",0
"1511","KILIUDA BAY","SAKPEN",0
"1512","KILLISNOO","SAKPEN",0
"1513","KLAWOCK","SAKPEN",0
"1514","KNUDSON COVE","SAKPEN",0
"1515","KODIAK","SAKPEN",0
"1516","LARSEN BAY","SAKPEN",0
"1517","LOWELL POINT","SAKPEN",0
"1518","MOTHER SHIP","SAKPEN",0
"1519","MOTHERSHIP","SAKPEN",0
"1520","MOTHERSHIP LUDZIE","SAKPEN",0
"1521","MOUNTAIN POINT","SAKPEN",0
"1522","NAKALILOK BAY","SAKPEN",0
"1523","NAUKATI","SAKPEN",0
"1524","NINILCHIK","SAKPEN",0
"1525","OLD HARBOR","SAKPEN",0
"1526","OTTER COVE","SAKPEN",0
"1527","PARKS CANNERY","SAKPEN",0
"1528","PELICAN","SAKPEN",0
"1529","PETERSBURG","SAKPEN",0
"1530","POINT BAKER","SAKPEN",0
"1531","PORT ALEXANDER","SAKPEN",0
"1532","PORT ASHTON","SAKPEN",0
"1533","PORT CHATHAM","SAKPEN",0
"1534","PORT LIONS","SAKPEN",0
"1535","PORT PROTECTION","SAKPEN",0
"1536","PORT ST NICHOLAS","SAKPEN",0
"1537","PORT WAKEFIELD","SAKPEN",0
"1538","PYBUS BAY","SAKPEN",0
"1539","PYBUS POINT LODGE","SAKPEN",0
"1540","RASPBERRY ISLAND","SAKPEN",0
"1541","REFUGE COVE","SAKPEN",0
"1542","SALMON FALLS","SAKPEN",0
"1543","SALMON FALLS RESORT","SAKPEN",0
"1544","SALTERY COVE (SC)","SAKPEN",0
"1545","SAND POINT","SAKPEN",2
"1546","SEA OTTER SOUND","SAKPEN",0
"1547","SEAL BAY (SC)","SAKPEN",0
"1548","SEALING COVE","SAKPEN",0
"1549","SELDOVIA","SAKPEN",0
"1550","SEWARD","SAKPEN",0
"1551","SILVER KING LODGE","SAKPEN",0
"1552","SILVER SALMON CREEK","SAKPEN",0
"1553","SITKA","SAKPEN",0
"1554","SKAGWAY","SAKPEN",0
"1555","SPORTSMAN COVE","SAKPEN",0
"1556","STEAMBOAT BAY","SAKPEN",0
"1557","SUNNYSIDE","SAKPEN",0
"1558","TENAKEE","SAKPEN",0
"1559","THOMAS BASIN","SAKPEN",0
"1560","THORNE BAY","SAKPEN",0
"1561","TUTKA BAY","SAKPEN",0
"1562","UGAK BAY","SAKPEN",0
"1563","UGANIK BAY","SAKPEN",0
"1564","VALDEZ","SAKPEN",0
"1565","WADLEIGH ISLAND","SAKPEN",0
"1566","WARD COVE","SAKPEN",0
"1567","WARM SPRINGS BAY","SAKPEN",0
"1568","WATERFALL","SAKPEN",0
"1569","WATERFALL RESORT","SAKPEN",0
"1570","WHALE PASS (POW - SE)","SAKPEN",0
"1571","WHITTIER","SAKPEN",0
"1572","WRANGELL","SAKPEN",0
"1573","YAKUTAT","SAKPEN",0
"1574","YES BAY","SAKPEN",0
"1575","ZACHAR BAY","SAKPEN",0
"1576","ADAK","SOUTHEAST",0
"1577","AFOGNAK","SOUTHEAST",0
"1578","AMOOK PASS","SOUTHEAST",0
"1579","ANCHOR POINT","SOUTHEAST",0
"1580","ANCHOR RIVER","SOUTHEAST",0
"1581","ANGOON","SOUTHEAST",0
"1582","ANTON LARSEN BAY","SOUTHEAST",0
"1583","APPLE ISLAND","SOUTHEAST",0
"1584","AUKE BAY","SOUTHEAST",0
"1585","BARANOF","SOUTHEAST",0
"1586","BARTLETT COVE","SOUTHEAST",0
"1587","BRUIN BAY","SOUTHEAST",0
"1588","CANNERY COVE","SOUTHEAST",0
"1589","CEDARS LODGE","SOUTHEAST",0
"1590","CLOVER BAY","SOUTHEAST",0
"1591","CLOVER PASS","SOUTHEAST",0
"1592","COFFMAN COVE","SOUTHEAST",0
"1593","CORDOVA","SOUTHEAST",0
"1594","CRAIG","SOUTHEAST",0
"1595","DEEP CREEK","SOUTHEAST",0
"1596","DOG BAY HARBOR","SOUTHEAST",0
"1597","DOUGLAS","SOUTHEAST",0
"1598","DOVE ISLAND LODGE","SOUTHEAST",0
"1599","EL CAPITAN LODGE","SOUTHEAST",0
"1600","ELFIN COVE","SOUTHEAST",0
"1601","FIREWEED LODGE","SOUTHEAST",0
"1602","FISHERMANS BEND","SOUTHEAST",0
"1603","GULL COVE","SOUTHEAST",0
"1604","GUSTAVUS","SOUTHEAST",0
"1605","HAINES","SOUTHEAST",0
"1606","HALIBUT COVE","SOUTHEAST",0
"1607","HAPPY VALLEY","SOUTHEAST",0
"1608","HOMER","SOUTHEAST",0
"1609","HOONAH","SOUTHEAST",0
"1610","ICY BAY LODGE","SOUTHEAST",0
"1611","IRON CREEK","SOUTHEAST",0
"1612","JUNEAU","SOUTHEAST",0
"1613","KAKE","SOUTHEAST",0
"1614","KELP BAY","SOUTHEAST",0
"1615","KETCHIKAN","SOUTHEAST",0
"1616","KILIUDA BAY","SOUTHEAST",0
"1617","KILLISNOO","SOUTHEAST",0
"1618","KLAWOCK","SOUTHEAST",0
"1619","KNUDSON COVE","SOUTHEAST",0
"1620","KODIAK","SOUTHEAST",12
"1621","LARSEN BAY","SOUTHEAST",0
"1622","LOWELL POINT","SOUTHEAST",0
"1623","MOTHER SHIP","SOUTHEAST",0
"1624","MOTHERSHIP","SOUTHEAST",0
"1625","MOTHERSHIP LUDZIE","SOUTHEAST",0
"1626","MOUNTAIN POINT","SOUTHEAST",0
"1627","NAKALILOK BAY","SOUTHEAST",0
"1628","NAUKATI","SOUTHEAST",0
"1629","NINILCHIK","SOUTHEAST",0
"1630","OLD HARBOR","SOUTHEAST",213
"1631","OTTER COVE","SOUTHEAST",0
"1632","PARKS CANNERY","SOUTHEAST",0
"1633","PELICAN","SOUTHEAST",0
"1634","PETERSBURG","SOUTHEAST",0
"1635","POINT BAKER","SOUTHEAST",0
"1636","PORT ALEXANDER","SOUTHEAST",0
"1637","PORT ASHTON","SOUTHEAST",0
"1638","PORT CHATHAM","SOUTHEAST",0
"1639","PORT LIONS","SOUTHEAST",0
"1640","PORT PROTECTION","SOUTHEAST",0
"1641","PORT ST NICHOLAS","SOUTHEAST",0
"1642","PORT WAKEFIELD","SOUTHEAST",0
"1643","PYBUS BAY","SOUTHEAST",0
"1644","PYBUS POINT LODGE","SOUTHEAST",0
"1645","RASPBERRY ISLAND","SOUTHEAST",0
"1646","REFUGE COVE","SOUTHEAST",0
"1647","SALMON FALLS","SOUTHEAST",0
"1648","SALMON FALLS RESORT","SOUTHEAST",0
"1649","SALTERY COVE (SC)","SOUTHEAST",0
"1650","SAND POINT","SOUTHEAST",0
"1651","SEA OTTER SOUND","SOUTHEAST",0
"1652","SEAL BAY (SC)","SOUTHEAST",0
"1653","SEALING COVE","SOUTHEAST",0
"1654","SELDOVIA","SOUTHEAST",0
"1655","SEWARD","SOUTHEAST",0
"1656","SILVER KING LODGE","SOUTHEAST",0
"1657","SILVER SALMON CREEK","SOUTHEAST",0
"1658","SITKA","SOUTHEAST",0
"1659","SKAGWAY","SOUTHEAST",0
"1660","SPORTSMAN COVE","SOUTHEAST",0
"1661","STEAMBOAT BAY","SOUTHEAST",0
"1662","SUNNYSIDE","SOUTHEAST",0
"1663","TENAKEE","SOUTHEAST",0
"1664","THOMAS BASIN","SOUTHEAST",0
"1665","THORNE BAY","SOUTHEAST",0
"1666","TUTKA BAY","SOUTHEAST",0
"1667","UGAK BAY","SOUTHEAST",0
"1668","UGANIK BAY","SOUTHEAST",0
"1669","VALDEZ","SOUTHEAST",0
"1670","WADLEIGH ISLAND","SOUTHEAST",0
"1671","WARD COVE","SOUTHEAST",0
"1672","WARM SPRINGS BAY","SOUTHEAST",0
"1673","WATERFALL","SOUTHEAST",0
"1674","WATERFALL RESORT","SOUTHEAST",0
"1675","WHALE PASS (POW - SE)","SOUTHEAST",0
"1676","WHITTIER","SOUTHEAST",0
"1677","WRANGELL","SOUTHEAST",0
"1678","YAKUTAT","SOUTHEAST",0
"1679","YES BAY","SOUTHEAST",0
"1680","ZACHAR BAY","SOUTHEAST",0
"1681","ADAK","SOUTHWEST",0
"1682","AFOGNAK","SOUTHWEST",0
"1683","AMOOK PASS","SOUTHWEST",0
"1684","ANCHOR POINT","SOUTHWEST",0
"1685","ANCHOR RIVER","SOUTHWEST",0
"1686","ANGOON","SOUTHWEST",0
"1687","ANTON LARSEN BAY","SOUTHWEST",0
"1688","APPLE ISLAND","SOUTHWEST",0
"1689","AUKE BAY","SOUTHWEST",0
"1690","BARANOF","SOUTHWEST",0
"1691","BARTLETT COVE","SOUTHWEST",0
"1692","BRUIN BAY","SOUTHWEST",0
"1693","CANNERY COVE","SOUTHWEST",0
"1694","CEDARS LODGE","SOUTHWEST",0
"1695","CLOVER BAY","SOUTHWEST",0
"1696","CLOVER PASS","SOUTHWEST",0
"1697","COFFMAN COVE","SOUTHWEST",0
"1698","CORDOVA","SOUTHWEST",0
"1699","CRAIG","SOUTHWEST",0
"1700","DEEP CREEK","SOUTHWEST",0
"1701","DOG BAY HARBOR","SOUTHWEST",0
"1702","DOUGLAS","SOUTHWEST",0
"1703","DOVE ISLAND LODGE","SOUTHWEST",0
"1704","EL CAPITAN LODGE","SOUTHWEST",0
"1705","ELFIN COVE","SOUTHWEST",0
"1706","FIREWEED LODGE","SOUTHWEST",0
"1707","FISHERMANS BEND","SOUTHWEST",0
"1708","GULL COVE","SOUTHWEST",0
"1709","GUSTAVUS","SOUTHWEST",0
"1710","HAINES","SOUTHWEST",0
"1711","HALIBUT COVE","SOUTHWEST",0
"1712","HAPPY VALLEY","SOUTHWEST",0
"1713","HOMER","SOUTHWEST",0
"1714","HOONAH","SOUTHWEST",0
"1715","ICY BAY LODGE","SOUTHWEST",0
"1716","IRON CREEK","SOUTHWEST",0
"1717","JUNEAU","SOUTHWEST",0
"1718","KAKE","SOUTHWEST",0
"1719","KELP BAY","SOUTHWEST",0
"1720","KETCHIKAN","SOUTHWEST",0
"1721","KILIUDA BAY","SOUTHWEST",0
"1722","KILLISNOO","SOUTHWEST",0
"1723","KLAWOCK","SOUTHWEST",0
"1724","KNUDSON COVE","SOUTHWEST",0
"1725","KODIAK","SOUTHWEST",1
"1726","LARSEN BAY","SOUTHWEST",0
"1727","LOWELL POINT","SOUTHWEST",0
"1728","MOTHER SHIP","SOUTHWEST",0
"1729","MOTHERSHIP","SOUTHWEST",0
"1730","MOTHERSHIP LUDZIE","SOUTHWEST",0
"1731","MOUNTAIN POINT","SOUTHWEST",0
"1732","NAKALILOK BAY","SOUTHWEST",0
"1733","NAUKATI","SOUTHWEST",0
"1734","NINILCHIK","SOUTHWEST",0
"1735","OLD HARBOR","SOUTHWEST",0
"1736","OTTER COVE","SOUTHWEST",0
"1737","PARKS CANNERY","SOUTHWEST",0
"1738","PELICAN","SOUTHWEST",0
"1739","PETERSBURG","SOUTHWEST",0
"1740","POINT BAKER","SOUTHWEST",0
"1741","PORT ALEXANDER","SOUTHWEST",0
"1742","PORT ASHTON","SOUTHWEST",0
"1743","PORT CHATHAM","SOUTHWEST",0
"1744","PORT LIONS","SOUTHWEST",0
"1745","PORT PROTECTION","SOUTHWEST",0
"1746","PORT ST NICHOLAS","SOUTHWEST",0
"1747","PORT WAKEFIELD","SOUTHWEST",0
"1748","PYBUS BAY","SOUTHWEST",0
"1749","PYBUS POINT LODGE","SOUTHWEST",0
"1750","RASPBERRY ISLAND","SOUTHWEST",0
"1751","REFUGE COVE","SOUTHWEST",0
"1752","SALMON FALLS","SOUTHWEST",0
"1753","SALMON FALLS RESORT","SOUTHWEST",0
"1754","SALTERY COVE (SC)","SOUTHWEST",0
"1755","SAND POINT","SOUTHWEST",0
"1756","SEA OTTER SOUND","SOUTHWEST",0
"1757","SEAL BAY (SC)","SOUTHWEST",0
"1758","SEALING COVE","SOUTHWEST",0
"1759","SELDOVIA","SOUTHWEST",0
"1760","SEWARD","SOUTHWEST",0
"1761","SILVER KING LODGE","SOUTHWEST",0
"1762","SILVER SALMON CREEK","SOUTHWEST",0
"1763","SITKA","SOUTHWEST",0
"1764","SKAGWAY","SOUTHWEST",0
"1765","SPORTSMAN COVE","SOUTHWEST",0
"1766","STEAMBOAT BAY","SOUTHWEST",0
"1767","SUNNYSIDE","SOUTHWEST",0
"1768","TENAKEE","SOUTHWEST",0
"1769","THOMAS BASIN","SOUTHWEST",0
"1770","THORNE BAY","SOUTHWEST",0
"1771","TUTKA BAY","SOUTHWEST",0
"1772","UGAK BAY","SOUTHWEST",0
"1773","UGANIK BAY","SOUTHWEST",0
"1774","VALDEZ","SOUTHWEST",0
"1775","WADLEIGH ISLAND","SOUTHWEST",0
"1776","WARD COVE","SOUTHWEST",0
"1777","WARM SPRINGS BAY","SOUTHWEST",0
"1778","WATERFALL","SOUTHWEST",0
"1779","WATERFALL RESORT","SOUTHWEST",0
"1780","WHALE PASS (POW - SE)","SOUTHWEST",0
"1781","WHITTIER","SOUTHWEST",0
"1782","WRANGELL","SOUTHWEST",0
"1783","YAKUTAT","SOUTHWEST",0
"1784","YES BAY","SOUTHWEST",0
"1785","ZACHAR BAY","SOUTHWEST",0
"1786","ADAK","SSEI",0
"1787","AFOGNAK","SSEI",0
"1788","AMOOK PASS","SSEI",0
"1789","ANCHOR POINT","SSEI",0
"1790","ANCHOR RIVER","SSEI",0
"1791","ANGOON","SSEI",0
"1792","ANTON LARSEN BAY","SSEI",0
"1793","APPLE ISLAND","SSEI",0
"1794","AUKE BAY","SSEI",0
"1795","BARANOF","SSEI",0
"1796","BARTLETT COVE","SSEI",0
"1797","BRUIN BAY","SSEI",0
"1798","CANNERY COVE","SSEI",0
"1799","CEDARS LODGE","SSEI",66
"1800","CLOVER BAY","SSEI",104
"1801","CLOVER PASS","SSEI",735
"1802","COFFMAN COVE","SSEI",84
"1803","CORDOVA","SSEI",0
"1804","CRAIG","SSEI",704
"1805","DEEP CREEK","SSEI",0
"1806","DOG BAY HARBOR","SSEI",0
"1807","DOUGLAS","SSEI",0
"1808","DOVE ISLAND LODGE","SSEI",0
"1809","EL CAPITAN LODGE","SSEI",482
"1810","ELFIN COVE","SSEI",0
"1811","FIREWEED LODGE","SSEI",0
"1812","FISHERMANS BEND","SSEI",0
"1813","GULL COVE","SSEI",0
"1814","GUSTAVUS","SSEI",0
"1815","HAINES","SSEI",0
"1816","HALIBUT COVE","SSEI",0
"1817","HAPPY VALLEY","SSEI",0
"1818","HOMER","SSEI",0
"1819","HOONAH","SSEI",0
"1820","ICY BAY LODGE","SSEI",0
"1821","IRON CREEK","SSEI",0
"1822","JUNEAU","SSEI",2
"1823","KAKE","SSEI",0
"1824","KELP BAY","SSEI",0
"1825","KETCHIKAN","SSEI",7265
"1826","KILIUDA BAY","SSEI",0
"1827","KILLISNOO","SSEI",0
"1828","KLAWOCK","SSEI",6
"1829","KNUDSON COVE","SSEI",2052
"1830","KODIAK","SSEI",0
"1831","LARSEN BAY","SSEI",0
"1832","LOWELL POINT","SSEI",0
"1833","MOTHER SHIP","SSEI",0
"1834","MOTHERSHIP","SSEI",3
"1835","MOTHERSHIP LUDZIE","SSEI",0
"1836","MOUNTAIN POINT","SSEI",2
"1837","NAKALILOK BAY","SSEI",0
"1838","NAUKATI","SSEI",53
"1839","NINILCHIK","SSEI",0
"1840","OLD HARBOR","SSEI",0
"1841","OTTER COVE","SSEI",0
"1842","PARKS CANNERY","SSEI",0
"1843","PELICAN","SSEI",0
"1844","PETERSBURG","SSEI",299
"1845","POINT BAKER","SSEI",17
"1846","PORT ALEXANDER","SSEI",0
"1847","PORT ASHTON","SSEI",0
"1848","PORT CHATHAM","SSEI",0
"1849","PORT LIONS","SSEI",0
"1850","PORT PROTECTION","SSEI",54
"1851","PORT ST NICHOLAS","SSEI",36
"1852","PORT WAKEFIELD","SSEI",0
"1853","PYBUS BAY","SSEI",0
"1854","PYBUS POINT LODGE","SSEI",0
"1855","RASPBERRY ISLAND","SSEI",0
"1856","REFUGE COVE","SSEI",2
"1857","SALMON FALLS","SSEI",636
"1858","SALMON FALLS RESORT","SSEI",3
"1859","SALTERY COVE (SC)","SSEI",0
"1860","SAND POINT","SSEI",0
"1861","SEA OTTER SOUND","SSEI",22
"1862","SEAL BAY (SC)","SSEI",0
"1863","SEALING COVE","SSEI",0
"1864","SELDOVIA","SSEI",0
"1865","SEWARD","SSEI",0
"1866","SILVER KING LODGE","SSEI",5
"1867","SILVER SALMON CREEK","SSEI",0
"1868","SITKA","SSEI",4
"1869","SKAGWAY","SSEI",0
"1870","SPORTSMAN COVE","SSEI",275
"1871","STEAMBOAT BAY","SSEI",6
"1872","SUNNYSIDE","SSEI",0
"1873","TENAKEE","SSEI",0
"1874","THOMAS BASIN","SSEI",1
"1875","THORNE BAY","SSEI",382
"1876","TUTKA BAY","SSEI",0
"1877","UGAK BAY","SSEI",0
"1878","UGANIK BAY","SSEI",0
"1879","VALDEZ","SSEI",0
"1880","WADLEIGH ISLAND","SSEI",37
"1881","WARD COVE","SSEI",214
"1882","WARM SPRINGS BAY","SSEI",0
"1883","WATERFALL","SSEI",646
"1884","WATERFALL RESORT","SSEI",14
"1885","WHALE PASS (POW - SE)","SSEI",138
"1886","WHITTIER","SSEI",0
"1887","WRANGELL","SSEI",99
"1888","YAKUTAT","SSEI",0
"1889","YES BAY","SSEI",94
"1890","ZACHAR BAY","SSEI",0
"1891","ADAK","SSEO",0
"1892","AFOGNAK","SSEO",0
"1893","AMOOK PASS","SSEO",0
"1894","ANCHOR POINT","SSEO",0
"1895","ANCHOR RIVER","SSEO",0
"1896","ANGOON","SSEO",0
"1897","ANTON LARSEN BAY","SSEO",0
"1898","APPLE ISLAND","SSEO",0
"1899","AUKE BAY","SSEO",0
"1900","BARANOF","SSEO",0
"1901","BARTLETT COVE","SSEO",0
"1902","BRUIN BAY","SSEO",0
"1903","CANNERY COVE","SSEO",0
"1904","CEDARS LODGE","SSEO",0
"1905","CLOVER BAY","SSEO",0
"1906","CLOVER PASS","SSEO",0
"1907","COFFMAN COVE","SSEO",0
"1908","CORDOVA","SSEO",0
"1909","CRAIG","SSEO",1881
"1910","DEEP CREEK","SSEO",0
"1911","DOG BAY HARBOR","SSEO",0
"1912","DOUGLAS","SSEO",0
"1913","DOVE ISLAND LODGE","SSEO",0
"1914","EL CAPITAN LODGE","SSEO",1
"1915","ELFIN COVE","SSEO",0
"1916","FIREWEED LODGE","SSEO",62
"1917","FISHERMANS BEND","SSEO",0
"1918","GULL COVE","SSEO",0
"1919","GUSTAVUS","SSEO",0
"1920","HAINES","SSEO",0
"1921","HALIBUT COVE","SSEO",0
"1922","HAPPY VALLEY","SSEO",0
"1923","HOMER","SSEO",0
"1924","HOONAH","SSEO",0
"1925","ICY BAY LODGE","SSEO",0
"1926","IRON CREEK","SSEO",0
"1927","JUNEAU","SSEO",1
"1928","KAKE","SSEO",0
"1929","KELP BAY","SSEO",0
"1930","KETCHIKAN","SSEO",0
"1931","KILIUDA BAY","SSEO",0
"1932","KILLISNOO","SSEO",0
"1933","KLAWOCK","SSEO",656
"1934","KNUDSON COVE","SSEO",0
"1935","KODIAK","SSEO",0
"1936","LARSEN BAY","SSEO",0
"1937","LOWELL POINT","SSEO",0
"1938","MOTHER SHIP","SSEO",0
"1939","MOTHERSHIP","SSEO",0
"1940","MOTHERSHIP LUDZIE","SSEO",0
"1941","MOUNTAIN POINT","SSEO",0
"1942","NAKALILOK BAY","SSEO",0
"1943","NAUKATI","SSEO",1
"1944","NINILCHIK","SSEO",0
"1945","OLD HARBOR","SSEO",0
"1946","OTTER COVE","SSEO",0
"1947","PARKS CANNERY","SSEO",0
"1948","PELICAN","SSEO",0
"1949","PETERSBURG","SSEO",0
"1950","POINT BAKER","SSEO",0
"1951","PORT ALEXANDER","SSEO",0
"1952","PORT ASHTON","SSEO",0
"1953","PORT CHATHAM","SSEO",0
"1954","PORT LIONS","SSEO",0
"1955","PORT PROTECTION","SSEO",0
"1956","PORT ST NICHOLAS","SSEO",89
"1957","PORT WAKEFIELD","SSEO",0
"1958","PYBUS BAY","SSEO",0
"1959","PYBUS POINT LODGE","SSEO",0
"1960","RASPBERRY ISLAND","SSEO",0
"1961","REFUGE COVE","SSEO",0
"1962","SALMON FALLS","SSEO",0
"1963","SALMON FALLS RESORT","SSEO",0
"1964","SALTERY COVE (SC)","SSEO",0
"1965","SAND POINT","SSEO",0
"1966","SEA OTTER SOUND","SSEO",0
"1967","SEAL BAY (SC)","SSEO",0
"1968","SEALING COVE","SSEO",0
"1969","SELDOVIA","SSEO",0
"1970","SEWARD","SSEO",0
"1971","SILVER KING LODGE","SSEO",0
"1972","SILVER SALMON CREEK","SSEO",0
"1973","SITKA","SSEO",0
"1974","SKAGWAY","SSEO",0
"1975","SPORTSMAN COVE","SSEO",0
"1976","STEAMBOAT BAY","SSEO",471
"1977","SUNNYSIDE","SSEO",0
"1978","TENAKEE","SSEO",0
"1979","THOMAS BASIN","SSEO",0
"1980","THORNE BAY","SSEO",0
"1981","TUTKA BAY","SSEO",0
"1982","UGAK BAY","SSEO",0
"1983","UGANIK BAY","SSEO",0
"1984","VALDEZ","SSEO",0
"1985","WADLEIGH ISLAND","SSEO",34
"1986","WARD COVE","SSEO",0
"1987","WARM SPRINGS BAY","SSEO",0
"1988","WATERFALL","SSEO",1517
"1989","WATERFALL RESORT","SSEO",52
"1990","WHALE PASS (POW - SE)","SSEO",0
"1991","WHITTIER","SSEO",0
"1992","WRANGELL","SSEO",0
"1993","YAKUTAT","SSEO",0
"1994","YES BAY","SSEO",0
"1995","ZACHAR BAY","SSEO",0
"1996","ADAK","WESTSIDE",0
"1997","AFOGNAK","WESTSIDE",0
"1998","AMOOK PASS","WESTSIDE",23
"1999","ANCHOR POINT","WESTSIDE",0
"2000","ANCHOR RIVER","WESTSIDE",0
"2001","ANGOON","WESTSIDE",0
"2002","ANTON LARSEN BAY","WESTSIDE",4
"2003","APPLE ISLAND","WESTSIDE",0
"2004","AUKE BAY","WESTSIDE",0
"2005","BARANOF","WESTSIDE",0
"2006","BARTLETT COVE","WESTSIDE",0
"2007","BRUIN BAY","WESTSIDE",0
"2008","CANNERY COVE","WESTSIDE",0
"2009","CEDARS LODGE","WESTSIDE",0
"2010","CLOVER BAY","WESTSIDE",0
"2011","CLOVER PASS","WESTSIDE",0
"2012","COFFMAN COVE","WESTSIDE",0
"2013","CORDOVA","WESTSIDE",0
"2014","CRAIG","WESTSIDE",0
"2015","DEEP CREEK","WESTSIDE",0
"2016","DOG BAY HARBOR","WESTSIDE",0
"2017","DOUGLAS","WESTSIDE",0
"2018","DOVE ISLAND LODGE","WESTSIDE",0
"2019","EL CAPITAN LODGE","WESTSIDE",0
"2020","ELFIN COVE","WESTSIDE",0
"2021","FIREWEED LODGE","WESTSIDE",0
"2022","FISHERMANS BEND","WESTSIDE",0
"2023","GULL COVE","WESTSIDE",0
"2024","GUSTAVUS","WESTSIDE",0
"2025","HAINES","WESTSIDE",0
"2026","HALIBUT COVE","WESTSIDE",0
"2027","HAPPY VALLEY","WESTSIDE",0
"2028","HOMER","WESTSIDE",0
"2029","HOONAH","WESTSIDE",0
"2030","ICY BAY LODGE","WESTSIDE",0
"2031","IRON CREEK","WESTSIDE",2
"2032","JUNEAU","WESTSIDE",0
"2033","KAKE","WESTSIDE",0
"2034","KELP BAY","WESTSIDE",0
"2035","KETCHIKAN","WESTSIDE",0
"2036","KILIUDA BAY","WESTSIDE",0
"2037","KILLISNOO","WESTSIDE",0
"2038","KLAWOCK","WESTSIDE",0
"2039","KNUDSON COVE","WESTSIDE",0
"2040","KODIAK","WESTSIDE",39
"2041","LARSEN BAY","WESTSIDE",791
"2042","LOWELL POINT","WESTSIDE",0
"2043","MOTHER SHIP","WESTSIDE",0
"2044","MOTHERSHIP","WESTSIDE",0
"2045","MOTHERSHIP LUDZIE","WESTSIDE",0
"2046","MOUNTAIN POINT","WESTSIDE",0
"2047","NAKALILOK BAY","WESTSIDE",0
"2048","NAUKATI","WESTSIDE",0
"2049","NINILCHIK","WESTSIDE",0
"2050","OLD HARBOR","WESTSIDE",1
"2051","OTTER COVE","WESTSIDE",0
"2052","PARKS CANNERY","WESTSIDE",8
"2053","PELICAN","WESTSIDE",0
"2054","PETERSBURG","WESTSIDE",0
"2055","POINT BAKER","WESTSIDE",0
"2056","PORT ALEXANDER","WESTSIDE",0
"2057","PORT ASHTON","WESTSIDE",0
"2058","PORT CHATHAM","WESTSIDE",0
"2059","PORT LIONS","WESTSIDE",2
"2060","PORT PROTECTION","WESTSIDE",0
"2061","PORT ST NICHOLAS","WESTSIDE",0
"2062","PORT WAKEFIELD","WESTSIDE",5
"2063","PYBUS BAY","WESTSIDE",0
"2064","PYBUS POINT LODGE","WESTSIDE",0
"2065","RASPBERRY ISLAND","WESTSIDE",31
"2066","REFUGE COVE","WESTSIDE",0
"2067","SALMON FALLS","WESTSIDE",0
"2068","SALMON FALLS RESORT","WESTSIDE",0
"2069","SALTERY COVE (SC)","WESTSIDE",0
"2070","SAND POINT","WESTSIDE",0
"2071","SEA OTTER SOUND","WESTSIDE",0
"2072","SEAL BAY (SC)","WESTSIDE",0
"2073","SEALING COVE","WESTSIDE",0
"2074","SELDOVIA","WESTSIDE",0
"2075","SEWARD","WESTSIDE",1
"2076","SILVER KING LODGE","WESTSIDE",0
"2077","SILVER SALMON CREEK","WESTSIDE",0
"2078","SITKA","WESTSIDE",0
"2079","SKAGWAY","WESTSIDE",0
"2080","SPORTSMAN COVE","WESTSIDE",0
"2081","STEAMBOAT BAY","WESTSIDE",0
"2082","SUNNYSIDE","WESTSIDE",0
"2083","TENAKEE","WESTSIDE",0
"2084","THOMAS BASIN","WESTSIDE",0
"2085","THORNE BAY","WESTSIDE",0
"2086","TUTKA BAY","WESTSIDE",0
"2087","UGAK BAY","WESTSIDE",0
"2088","UGANIK BAY","WESTSIDE",84
"2089","VALDEZ","WESTSIDE",0
"2090","WADLEIGH ISLAND","WESTSIDE",0
"2091","WARD COVE","WESTSIDE",0
"2092","WARM SPRINGS BAY","WESTSIDE",0
"2093","WATERFALL","WESTSIDE",0
"2094","WATERFALL RESORT","WESTSIDE",0
"2095","WHALE PASS (POW - SE)","WESTSIDE",0
"2096","WHITTIER","WESTSIDE",0
"2097","WRANGELL","WESTSIDE",0
"2098","YAKUTAT","WESTSIDE",0
"2099","YES BAY","WESTSIDE",0
"2100","ZACHAR BAY","WESTSIDE",27
"2101","ADAK","ZZZZ",10
"2102","AFOGNAK","ZZZZ",0
"2103","AMOOK PASS","ZZZZ",0
"2104","ANCHOR POINT","ZZZZ",0
"2105","ANCHOR RIVER","ZZZZ",0
"2106","ANGOON","ZZZZ",0
"2107","ANTON LARSEN BAY","ZZZZ",0
"2108","APPLE ISLAND","ZZZZ",0
"2109","AUKE BAY","ZZZZ",0
"2110","BARANOF","ZZZZ",0
"2111","BARTLETT COVE","ZZZZ",0
"2112","BRUIN BAY","ZZZZ",0
"2113","CANNERY COVE","ZZZZ",0
"2114","CEDARS LODGE","ZZZZ",0
"2115","CLOVER BAY","ZZZZ",0
"2116","CLOVER PASS","ZZZZ",1
"2117","COFFMAN COVE","ZZZZ",0
"2118","CORDOVA","ZZZZ",1
"2119","CRAIG","ZZZZ",0
"2120","DEEP CREEK","ZZZZ",0
"2121","DOG BAY HARBOR","ZZZZ",0
"2122","DOUGLAS","ZZZZ",0
"2123","DOVE ISLAND LODGE","ZZZZ",0
"2124","EL CAPITAN LODGE","ZZZZ",0
"2125","ELFIN COVE","ZZZZ",0
"2126","FIREWEED LODGE","ZZZZ",0
"2127","FISHERMANS BEND","ZZZZ",0
"2128","GULL COVE","ZZZZ",0
"2129","GUSTAVUS","ZZZZ",0
"2130","HAINES","ZZZZ",0
"2131","HALIBUT COVE","ZZZZ",0
"2132","HAPPY VALLEY","ZZZZ",0
"2133","HOMER","ZZZZ",6
"2134","HOONAH","ZZZZ",0
"2135","ICY BAY LODGE","ZZZZ",0
"2136","IRON CREEK","ZZZZ",0
"2137","JUNEAU","ZZZZ",5
"2138","KAKE","ZZZZ",0
"2139","KELP BAY","ZZZZ",0
"2140","KETCHIKAN","ZZZZ",8
"2141","KILIUDA BAY","ZZZZ",0
"2142","KILLISNOO","ZZZZ",0
"2143","KLAWOCK","ZZZZ",0
"2144","KNUDSON COVE","ZZZZ",1
"2145","KODIAK","ZZZZ",0
"2146","LARSEN BAY","ZZZZ",1
"2147","LOWELL POINT","ZZZZ",0
"2148","MOTHER SHIP","ZZZZ",0
"2149","MOTHERSHIP","ZZZZ",6
"2150","MOTHERSHIP LUDZIE","ZZZZ",0
"2151","MOUNTAIN POINT","ZZZZ",0
"2152","NAKALILOK BAY","ZZZZ",0
"2153","NAUKATI","ZZZZ",0
"2154","NINILCHIK","ZZZZ",0
"2155","OLD HARBOR","ZZZZ",0
"2156","OTTER COVE","ZZZZ",0
"2157","PARKS CANNERY","ZZZZ",0
"2158","PELICAN","ZZZZ",0
"2159","PETERSBURG","ZZZZ",1
"2160","POINT BAKER","ZZZZ",0
"2161","PORT ALEXANDER","ZZZZ",0
"2162","PORT ASHTON","ZZZZ",0
"2163","PORT CHATHAM","ZZZZ",0
"2164","PORT LIONS","ZZZZ",0
"2165","PORT PROTECTION","ZZZZ",0
"2166","PORT ST NICHOLAS","ZZZZ",0
"2167","PORT WAKEFIELD","ZZZZ",0
"2168","PYBUS BAY","ZZZZ",1
"2169","PYBUS POINT LODGE","ZZZZ",1
"2170","RASPBERRY ISLAND","ZZZZ",0
"2171","REFUGE COVE","ZZZZ",0
"2172","SALMON FALLS","ZZZZ",51
"2173","SALMON FALLS RESORT","ZZZZ",0
"2174","SALTERY COVE (SC)","ZZZZ",0
"2175","SAND POINT","ZZZZ",0
"2176","SEA OTTER SOUND","ZZZZ",0
"2177","SEAL BAY (SC)","ZZZZ",0
"2178","SEALING COVE","ZZZZ",0
"2179","SELDOVIA","ZZZZ",0
"2180","SEWARD","ZZZZ",0
"2181","SILVER KING LODGE","ZZZZ",0
"2182","SILVER SALMON CREEK","ZZZZ",0
"2183","SITKA","ZZZZ",7
"2184","SKAGWAY","ZZZZ",0
"2185","SPORTSMAN COVE","ZZZZ",0
"2186","STEAMBOAT BAY","ZZZZ",0
"2187","SUNNYSIDE","ZZZZ",0
"2188","TENAKEE","ZZZZ",0
"2189","THOMAS BASIN","ZZZZ",0
"2190","THORNE BAY","ZZZZ",0
"2191","TUTKA BAY","ZZZZ",0
"2192","UGAK BAY","ZZZZ",0
"2193","UGANIK BAY","ZZZZ",0
"2194","VALDEZ","ZZZZ",0
"2195","WADLEIGH ISLAND","ZZZZ",0
"2196","WARD COVE","ZZZZ",0
"2197","WARM SPRINGS BAY","ZZZZ",0
"2198","WATERFALL","ZZZZ",0
"2199","WATERFALL RESORT","ZZZZ",0
"2200","WHALE PASS (POW - SE)","ZZZZ",0
"2201","WHITTIER","ZZZZ",0
"2202","WRANGELL","ZZZZ",3
"2203","YAKUTAT","ZZZZ",0
"2204","YES BAY","ZZZZ",0
"2205","ZACHAR BAY","ZZZZ",0
