"year","area","assemblage","user","r_mort","region","n_samps","n_ints","samp_p_int","mean_wtkg","sd_wt","boot_sd","mean_n","mean_int","mean_spi","n_ints2","wt_lbs","sd_wtlbs","wt_cv","bootsd_wtlbs","maxsd","wt_sd"
2020,"CI","black","charter",0.0134387026240132,"Central",NA,NA,NA,NA,NA,NA,NA,NA,NA,NA,NA,NA,1,NA,0.603291544484818,0.603291544484818
2021,"CI","black","charter",0.0134387026240132,"Central",80,6,13.3333333333333,1.50882437581861,0.31081361297907,0.0348791081280534,79.1428571428571,10.4285714285714,7.40763502370645,6,3.32638834853709,0.685226721777583,0.205997210782361,0.0768952707445324,0.603291544484818,0.0768952707445324
2022,"CI","black","charter",0.0134387026240132,"Central",128,12,10.6666666666667,1.84445564194634,0.388761620950269,0.0339790491501992,79.1428571428571,10.4285714285714,7.40763502370645,12,4.06632862982152,0.857072663334829,0.210773093214664,0.0749109803626209,0.603291544484818,0.0749109803626209
2023,"CI","black","charter",0.0134387026240132,"Central",78,9,8.66666666666667,1.97539739857782,0.397544469166786,0.0434786853101719,79.1428571428571,10.4285714285714,7.40763502370645,9,4.35500578839382,0.876435529180989,0.201247844840231,0.0958540931226667,0.603291544484818,0.0958540931226667
2024,"CI","black","charter",0.0134387026240132,"Central",112,9,12.4444444444444,2.19962883128829,0.600980677376234,0.0563002403464875,79.1428571428571,10.4285714285714,7.40763502370645,9,4.84935147706233,1.32493559552657,0.273219130804104,0.124120783379303,0.603291544484818,0.124120783379303
2020,"NG","black","charter",0.0198594446870339,"Central",153,12,12.75,1.92091503267974,0.597544712571814,0.0467455399223309,598.466666666667,31.1333333333333,18.9690112441394,12,4.23489273214379,1.31736058979722,0.311072953465422,0.103056274696884,0.206112549393767,0.103056274696884
2021,"NG","black","charter",0.0198594446870339,"Central",600,30,20,1.51791802308743,0.560343758083362,0.0234111187960423,598.466666666667,31.1333333333333,18.9690112441394,30,3.34643640900423,1.23534652404639,0.369152845911684,0.051612682057262,0.206112549393767,0.051612682057262
2022,"NG","black","charter",0.0198594446870339,"Central",655,28,23.3928571428571,1.5978372058433,0.553991796862433,0.0212256782556781,598.466666666667,31.1333333333333,18.9690112441394,28,3.52262804707973,1.22134284665736,0.346713541802933,0.0467946104073101,0.206112549393767,0.0467946104073101
2023,"NG","black","charter",0.0198594446870339,"Central",447,26,17.1923076923077,1.74696389748165,0.556788146864352,0.0258894934212545,598.466666666667,31.1333333333333,18.9690112441394,26,3.85139612471141,1.22750774312503,0.318717603533189,0.0570765628168389,0.206112549393767,0.0570765628168389
2024,"NG","black","charter",0.0198594446870339,"Central",549,30,18.3,1.80729224214841,0.530071798170546,0.0217091123699136,598.466666666667,31.1333333333333,18.9690112441394,30,3.9843973579909,1.16860827647086,0.293296117699496,0.0478604001908333,0.206112549393767,0.0478604001908333
2020,"PWSI","black","charter",0.00934450425889132,"Central",78,5,15.6,2.00512820512821,0.726653499286495,0.0854141918476175,274.333333333333,13.9333333333333,20.0994261294261,5,4.42055099702565,1.60199674142916,0.362397525219607,0.188306059416277,0.376612118832554,0.188306059416277
2021,"PWSI","black","charter",0.00934450425889132,"Central",225,16,14.0625,1.90726390430935,0.636811139973889,0.0423303477471903,274.333333333333,13.9333333333333,20.0994261294261,16,4.20479714574991,1.40392824385442,0.333887270940876,0.0933224421559218,0.376612118832554,0.0933224421559218
2022,"PWSI","black","charter",0.00934450425889132,"Central",615,17,36.1764705882353,1.86312348783979,0.563718714824322,0.022197054564719,274.333333333333,13.9333333333333,20.0994261294261,17,4.1074841851449,1.24278703001903,0.302566479626066,0.0489361285907538,0.376612118832554,0.0489361285907538
2023,"PWSI","black","charter",0.00934450425889132,"Central",158,14,11.2857142857143,1.93801102959253,0.628377769445444,0.0503252686774349,274.333333333333,13.9333333333333,20.0994261294261,14,4.27258295364918,1.38533584442457,0.324238489797223,0.11094822568385,0.376612118832554,0.11094822568385
2024,"PWSI","black","charter",0.00934450425889132,"Central",273,17,16.0588235294118,1.85793902114827,0.505278137062886,0.0308907738371019,274.333333333333,13.9333333333333,20.0994261294261,17,4.09605439260413,1.1139476103603,0.271956254382669,0.068102498750579,0.376612118832554,0.068102498750579
2020,"PWSO","black","charter",0.0320787581847478,"Central",289,24,12.0416666666667,2.29204152249135,0.77152377974651,0.0456814280239674,560.533333333333,25.1333333333333,22.8432426087252,24,5.05308658646367,1.70091877669705,0.336609861634573,0.10071030953554,0.201420619071081,0.10071030953554
2021,"PWSO","black","charter",0.0320787581847478,"Central",678,17,39.8823529411765,1.78761242181221,0.670547959921777,0.0244048957365924,560.533333333333,25.1333333333333,22.8432426087252,17,3.94101078092018,1.4783052002384,0.375108134033888,0.0538035851796332,0.201420619071081,0.0538035851796332
2022,"PWSO","black","charter",0.0320787581847478,"Central",518,19,27.2631578947368,2.1765795433474,0.673990157228284,0.0294116647936193,560.533333333333,25.1333333333333,22.8432426087252,19,4.79853649549295,1.48589394628283,0.309655651817688,0.0648416214958707,0.201420619071081,0.0648416214958707
2023,"PWSO","black","charter",0.0320787581847478,"Central",438,17,25.7647058823529,2.16065544732848,0.662953375816056,0.0312129890475967,560.533333333333,25.1333333333333,22.8432426087252,17,4.76342987320658,1.46156200832944,0.306829752349343,0.0688128616921439,0.201420619071081,0.0688128616921439
2024,"PWSO","black","charter",0.0320787581847478,"Central",435,25,17.4,1.9255503377372,0.501892248297605,0.0228453601724745,560.533333333333,25.1333333333333,22.8432426087252,25,4.24511183052407,1.10648300339956,0.260648729073165,0.0503653977982844,0.201420619071081,0.0503653977982844
2020,"BSAI","black","charter",0.0219121480220693,"Kodiak",NA,NA,NA,NA,NA,NA,NA,NA,NA,NA,NA,NA,1,NA,10,10
2021,"BSAI","black","charter",0.0219121480220693,"Kodiak",NA,NA,NA,NA,NA,NA,NA,NA,NA,NA,NA,NA,1,NA,10,10
2022,"BSAI","black","charter",0.0219121480220693,"Kodiak",NA,NA,NA,NA,NA,NA,NA,NA,NA,NA,NA,NA,1,NA,10,10
2023,"BSAI","black","charter",0.0219121480220693,"Kodiak",NA,NA,NA,NA,NA,NA,NA,NA,NA,NA,NA,NA,1,NA,10,10
2024,"BSAI","black","charter",0.0219121480220693,"Kodiak",NA,NA,NA,NA,NA,NA,NA,NA,NA,NA,NA,NA,1,NA,10,10
2020,"SOKO2SAP","black","charter",0.0219121480220693,"Kodiak",NA,NA,NA,NA,NA,NA,NA,NA,NA,NA,NA,NA,1,NA,10,10
2021,"SOKO2SAP","black","charter",0.0219121480220693,"Kodiak",NA,NA,NA,NA,NA,NA,NA,NA,NA,NA,NA,NA,1,NA,10,10
2022,"SOKO2SAP","black","charter",0.0219121480220693,"Kodiak",NA,NA,NA,NA,NA,NA,NA,NA,NA,NA,NA,NA,1,NA,10,10
2023,"SOKO2SAP","black","charter",0.0219121480220693,"Kodiak",NA,NA,NA,NA,NA,NA,NA,NA,NA,NA,NA,NA,1,NA,10,10
2024,"SOKO2SAP","black","charter",0.0219121480220693,"Kodiak",NA,NA,NA,NA,NA,NA,NA,NA,NA,NA,NA,NA,1,NA,10,10
2020,"WKMA","black","charter",0.0219121480220693,"Kodiak",NA,NA,NA,NA,NA,NA,NA,NA,NA,NA,NA,NA,1,NA,10,10
2021,"WKMA","black","charter",0.0219121480220693,"Kodiak",NA,NA,NA,NA,NA,NA,NA,NA,NA,NA,NA,NA,1,NA,10,10
2022,"WKMA","black","charter",0.0219121480220693,"Kodiak",NA,NA,NA,NA,NA,NA,NA,NA,NA,NA,NA,NA,1,NA,10,10
2023,"WKMA","black","charter",0.0219121480220693,"Kodiak",NA,NA,NA,NA,NA,NA,NA,NA,NA,NA,NA,NA,1,NA,10,10
2024,"WKMA","black","charter",0.0219121480220693,"Kodiak",NA,NA,NA,NA,NA,NA,NA,NA,NA,NA,NA,NA,1,NA,10,10
2020,"AFOGNAK","black","charter",0.0219121480220693,"Kodiak",NA,NA,NA,NA,NA,NA,NA,NA,NA,NA,NA,NA,1,NA,10,10
2021,"AFOGNAK","black","charter",0.0219121480220693,"Kodiak",NA,NA,NA,NA,NA,NA,NA,NA,NA,NA,NA,NA,1,NA,10,10
2022,"AFOGNAK","black","charter",0.0219121480220693,"Kodiak",NA,NA,NA,NA,NA,NA,NA,NA,NA,NA,NA,NA,1,NA,10,10
2023,"AFOGNAK","black","charter",0.0219121480220693,"Kodiak",NA,NA,NA,NA,NA,NA,NA,NA,NA,NA,NA,NA,1,NA,10,10
2024,"AFOGNAK","black","charter",0.0219121480220693,"Kodiak",NA,NA,NA,NA,NA,NA,NA,NA,NA,NA,NA,NA,1,NA,10,10
2020,"EASTSIDE","black","charter",0.0219121480220693,"Kodiak",NA,NA,NA,NA,NA,NA,NA,NA,NA,NA,NA,NA,1,NA,0.199298057382302,0.199298057382302
2021,"EASTSIDE","black","charter",0.0219121480220693,"Kodiak",NA,NA,NA,NA,NA,NA,NA,NA,NA,NA,NA,NA,1,NA,0.199298057382302,0.199298057382302
2022,"EASTSIDE","black","charter",0.0219121480220693,"Kodiak",NA,NA,NA,NA,NA,NA,NA,NA,NA,NA,NA,NA,1,NA,0.199298057382302,0.199298057382302
2023,"EASTSIDE","black","charter",0.0219121480220693,"Kodiak",NA,NA,NA,NA,NA,NA,NA,NA,NA,NA,NA,NA,1,NA,0.199298057382302,0.199298057382302
2024,"EASTSIDE","black","charter",0.0219121480220693,"Kodiak",NA,NA,NA,NA,NA,NA,NA,NA,NA,NA,NA,NA,1,NA,0.199298057382302,0.199298057382302
2020,"NORTHEAST","black","charter",0.0219121480220693,"Kodiak",NA,NA,NA,NA,NA,NA,NA,NA,NA,NA,NA,NA,1,NA,0.223047806239173,0.223047806239173
2021,"NORTHEAST","black","charter",0.0219121480220693,"Kodiak",299,9,33.2222222222222,1.77439198706826,0.520035136614121,0.0305657222629026,172.857142857143,7.57142857142857,22.9164192949907,9,3.91186471143743,1.14648122537428,0.293077933401485,0.0673858826974326,0.223047806239173,0.0673858826974326
2022,"NORTHEAST","black","charter",0.0219121480220693,"Kodiak",115,6,19.1666666666667,1.72173913043478,0.512609869899649,0.047535778915678,172.857142857143,7.57142857142857,22.9164192949907,6,3.79578503269565,1.13011131441602,0.297727954739696,0.104798453456823,0.223047806239173,0.104798453456823
2023,"NORTHEAST","black","charter",0.0219121480220693,"Kodiak",198,6,33,1.9459595959596,0.532553315539601,0.0371696412566024,172.857142857143,7.57142857142857,22.9164192949907,6,4.2901065428586,1.1740790857946,0.273671311904596,0.0819450318915909,0.223047806239173,0.0819450318915909
2024,"NORTHEAST","black","charter",0.0219121480220693,"Kodiak",71,5,14.2,1.94458126775061,0.387334060738228,0.0463833851492074,172.857142857143,7.57142857142857,22.9164192949907,5,4.28706784931127,0.853925431799951,0.199186358092545,0.102257860092115,0.223047806239173,0.102257860092115
2020,"CSEO","black","charter",0.15,"Southeast",246,53,4.64150943396226,1.22740909405285,0.474693963309686,0.0311312409975591,706.933333333333,132.666666666667,5.0407650060787,53,2.70597385274262,1.04652104908998,0.386744701183749,0.0686326380918901,0.519431191914678,0.0686326380918901
2021,"CSEO","black","charter",0.15,"Southeast",295,72,4.09722222222222,1.31423790101356,0.487808178300554,0.0289014113686875,706.933333333333,132.666666666667,5.0407650060787,72,2.89739860463582,1.07543294410239,0.371171899641875,0.0637167052533336,0.519431191914678,0.0637167052533336
2022,"CSEO","black","charter",0.15,"Southeast",249,61,4.08196721311475,1.19869782714859,0.43959877483661,0.0275091807274381,706.933333333333,132.666666666667,5.0407650060787,61,2.64267634427663,0.969149402729077,0.36673026752898,0.0606473620893781,0.519431191914678,0.0606473620893781
2023,"CSEO","black","charter",0.15,"Southeast",606,81,7.48148148148148,1.25626527828878,0.36557143714978,0.0150371497560645,706.933333333333,132.666666666667,5.0407650060787,81,2.76959084923604,0.805947059566313,0.290998599951551,0.0331512404925473,0.519431191914678,0.0331512404925473
2024,"CSEO","black","charter",0.15,"Southeast",1992,279,7.13978494623656,1.27793136736094,0.350673703608981,0.00780104155083673,706.933333333333,132.666666666667,5.0407650060787,279,2.81735639929146,0.773103179215535,0.274407305873678,0.0171983526625345,0.519431191914678,0.0171983526625345
2020,"EWYKT","black","charter",0.15,"Southeast",198,27,7.33333333333333,1.47660423491919,0.539374285689277,0.0385396757383666,313.133333333333,52.7333333333333,5.62761321744838,27,3.25535509709064,1.18911675087692,0.365280196909902,0.0849654409002682,0.302969495957877,0.0849654409002682
2021,"EWYKT","black","charter",0.15,"Southeast",316,36,8.77777777777778,1.53068220857278,0.508245470986669,0.0283665315526319,313.133333333333,52.7333333333333,5.62761321744838,36,3.37457662105111,1.12048946184976,0.33203853036259,0.062537497111876,0.302969495957877,0.062537497111876
2022,"EWYKT","black","charter",0.15,"Southeast",700,101,6.93069306930693,1.67879071884,0.562496008332652,0.020338028863804,313.133333333333,52.7333333333333,5.62761321744838,101,3.70109999300072,1.24009142362987,0.335060232356611,0.0448376784793552,0.302969495957877,0.0448376784793552
2023,"EWYKT","black","charter",0.15,"Southeast",847,118,7.17796610169492,1.6746502533353,0.51474691526906,0.0172234571244146,313.133333333333,52.7333333333333,5.62761321744838,118,3.69197182909173,1.13482269297739,0.30737577248973,0.0379712231710846,0.302969495957877,0.0379712231710846
2024,"EWYKT","black","charter",0.15,"Southeast",584,74,7.89189189189189,1.70992924298801,0.471605704541731,0.0191184806604045,313.133333333333,52.7333333333333,5.62761321744838,74,3.76974868769084,1.03971260395374,0.275804222002558,0.0421490349239603,0.302969495957877,0.0421490349239603
2020,"NSEI","black","charter",0.15,"Southeast",NA,NA,NA,NA,NA,NA,NA,NA,NA,NA,NA,NA,1,NA,0.48108297123028,0.48108297123028
2021,"NSEI","black","charter",0.15,"Southeast",NA,NA,NA,NA,NA,NA,NA,NA,NA,NA,NA,NA,1,NA,0.48108297123028,0.48108297123028
2022,"NSEI","black","charter",0.15,"Southeast",109,15,7.26666666666667,1.21919934137615,0.399820160405284,0.037788702974396,102.538461538462,28.7692307692308,3.82202686075684,15,2.68787444628696,0.881452569561517,0.327936660426665,0.0833098293578147,0.48108297123028,0.0833098293578147
2023,"NSEI","black","charter",0.15,"Southeast",58,15,3.86666666666667,1.444817404,0.430666599075852,0.0569624867759081,102.538461538462,28.7692307692308,3.82202686075684,15,3.18527713062808,0.949457326001094,0.29807683509594,0.125580786837618,0.48108297123028,0.125580786837618
2024,"NSEI","black","charter",0.15,"Southeast",48,10,4.8,1.55709289739583,0.513912345792486,0.0760181850185643,102.538461538462,28.7692307692308,3.82202686075684,10,3.43280222304019,1.13298278223138,0.330046040703148,0.167591410223272,0.48108297123028,0.167591410223272
2020,"NSEO","black","charter",0.15,"Southeast",NA,NA,NA,NA,NA,NA,NA,NA,NA,NA,NA,NA,1,NA,0.41393551542722,0.41393551542722
2021,"NSEO","black","charter",0.15,"Southeast",NA,NA,NA,NA,NA,NA,NA,NA,NA,NA,NA,NA,1,NA,0.41393551542722,0.41393551542722
2022,"NSEO","black","charter",0.15,"Southeast",169,52,3.25,1.47800713499408,0.527632471171885,0.0405964840343562,223.333333333333,56.6666666666667,3.79560891322496,52,3.25844796232934,1.16323048099204,0.356989123177676,0.0894999269946105,0.41393551542722,0.0894999269946105
2023,"NSEO","black","charter",0.15,"Southeast",187,41,4.5609756097561,1.5383688198877,0.430769792998137,0.0310876936247403,223.333333333333,56.6666666666667,3.79560891322496,41,3.39152269822713,0.94968482965641,0.280017241268308,0.0685366325687323,0.41393551542722,0.0685366325687323
2024,"NSEO","black","charter",0.15,"Southeast",150,28,5.35714285714286,1.71277461495333,0.467764612691849,0.0379577567130888,223.333333333333,56.6666666666667,3.79560891322496,28,3.7760216590879,1.03124444597599,0.27310342447164,0.0836825290541324,0.41393551542722,0.0836825290541324
2020,"SSEI","black","charter",0.15,"Southeast",546,91,6,1.3769610341337,0.460934510943285,0.0198525535803306,465.4,76,6.05731184009574,91,3.03567944270975,1.0161866491642,0.33474767950371,0.0437673886879588,0.310368462039081,0.0437673886879588
2021,"SSEI","black","charter",0.15,"Southeast",475,79,6.0126582278481,1.34230001416211,0.496761729486198,0.0216596224294243,465.4,76,6.05731184009574,79,2.95926497404811,1.09517214557559,0.370082488448968,0.0477512935485682,0.310368462039081,0.0477512935485682
2022,"SSEI","black","charter",0.15,"Southeast",594,112,5.30357142857143,1.496094168133,0.404669221609782,0.0166295863214166,465.4,76,6.05731184009574,112,3.29832304471609,0.892142919578718,0.270483790545601,0.0366619621654376,0.310368462039081,0.0366619621654376
2023,"SSEI","black","charter",0.15,"Southeast",463,67,6.91044776119403,1.44636752507775,0.367050798118643,0.0164713234836055,465.4,76,6.05731184009574,67,3.18869456261982,0.809208492221414,0.253774225260562,0.0363130523332939,0.310368462039081,0.0363130523332939
2024,"SSEI","black","charter",0.15,"Southeast",400,67,5.97014925373134,1.4190403573025,0.45902085012676,0.0234230329351699,465.4,76,6.05731184009574,67,3.12844847040197,1.01196774924109,0.323472724200267,0.0516389482378806,0.310368462039081,0.0516389482378806
2020,"SSEO","black","charter",0.15,"Southeast",98,29,3.37931034482759,1.48375447885714,0.613279791111346,0.0605727850552133,233.533333333333,65.0666666666667,3.69743634029823,29,3.27111868661476,1.35205049987295,0.41332969830947,0.133540132089121,0.267080264178242,0.133540132089121
2021,"SSEO","black","charter",0.15,"Southeast",244,71,3.43661971830986,1.2035968664877,0.453111990570963,0.0293619991954735,233.533333333333,65.0666666666667,3.69743634029823,71,2.6534768772199,0.998940943805972,0.37646491378232,0.0647321275947627,0.267080264178242,0.0647321275947627
2022,"SSEO","black","charter",0.15,"Southeast",113,37,3.05405405405405,1.10499381553097,0.332261258633591,0.0311401083985529,233.533333333333,65.0666666666667,3.69743634029823,37,2.43609436067968,0.732510686533285,0.300690604746899,0.0686521873647017,0.267080264178242,0.0686521873647017
2023,"SSEO","black","charter",0.15,"Southeast",192,63,3.04761904761905,1.21508314514062,0.354217340513718,0.0251638713228895,233.533333333333,65.0666666666667,3.69743634029823,63,2.67879978695775,0.780915561292785,0.291516956621701,0.0554768399252115,0.267080264178242,0.0554768399252115
2024,"SSEO","black","charter",0.15,"Southeast",321,57,5.63157894736842,1.28108994870717,0.486838308731424,0.0269466154980238,233.533333333333,65.0666666666667,3.69743634029823,57,2.82431987917447,1.07329474771184,0.380018834136294,0.0594071180593858,0.267080264178242,0.0594071180593858
2020,"CI","black","private",0.00420833952001502,"Central",NA,NA,NA,NA,NA,NA,NA,NA,NA,NA,NA,NA,1,NA,0.644561539109379,0.644561539109379
2021,"CI","black","private",0.00420833952001502,"Central",48,11,4.36363636363636,1.40219966286128,0.362108396799501,0.0520149346549644,50.5,12.3571428571429,3.98456186670472,11,3.09132109450035,0.798312362476115,0.258243106449331,0.114673301518156,0.644561539109379,0.114673301518156
2022,"CI","black","private",0.00420833952001502,"Central",46,14,3.28571428571429,1.91992595385501,0.428782870139462,0.0619579174175752,50.5,12.3571428571429,3.98456186670472,14,4.23271218659383,0.94530441457798,0.223333024525509,0.136593826226878,0.644561539109379,0.136593826226878
2023,"CI","black","private",0.00420833952001502,"Central",24,7,3.42857142857143,2.03804677551221,0.312727944465654,0.0622831262782277,50.5,12.3571428571429,3.98456186670472,7,4.49312402191228,0.689447100275085,0.153444929833398,0.137310789037297,0.644561539109379,0.137310789037297
2024,"CI","black","private",0.00420833952001502,"Central",23,6,3.83333333333333,1.69074410808919,0.363909085077659,0.0769927934154227,50.5,12.3571428571429,3.98456186670472,6,3.72745270532515,0.802282200585711,0.215236051000606,0.169740053940628,0.644561539109379,0.169740053940628
2020,"NG","black","private",0.012093234989737,"Central",72,20,3.6,1.75833333333333,0.737095556325589,0.086088007805903,255.8,39.1333333333333,6.34670754772108,20,3.87646144016666,1.62501753657688,0.419201264260999,0.18979156931963,0.379583138639261,0.18979156931963
2021,"NG","black","private",0.012093234989737,"Central",120,23,5.21739130434783,1.65277340270207,0.71697805307568,0.0665336176089897,255.8,39.1333333333333,6.34670754772108,23,3.64374162933135,1.5806660338542,0.433802995560985,0.146681518371209,0.379583138639261,0.146681518371209
2022,"NG","black","private",0.012093234989737,"Central",231,30,7.7,1.46223136286104,0.529094434765478,0.0348847070440375,255.8,39.1333333333333,6.34670754772108,30,3.22366833823688,1.16645355900009,0.361840436612054,0.0769076142413584,0.379583138639261,0.0769076142413584
2023,"NG","black","private",0.012093234989737,"Central",264,41,6.4390243902439,1.62267400531703,0.558667094204384,0.0330873702488175,255.8,39.1333333333333,6.34670754772108,41,3.57738381700792,1.23165011293266,0.344287942232263,0.0729451648868581,0.379583138639261,0.0729451648868581
2024,"NG","black","private",0.012093234989737,"Central",207,32,6.46875,1.75320143151262,0.527933343372033,0.0352982304567884,255.8,39.1333333333333,6.34670754772108,32,3.8651475333291,1.16389379065021,0.301125320731996,0.0778192773110086,0.379583138639261,0.0778192773110086
2020,"PWSI","black","private",0.0230283093137023,"Central",25,7,3.57142857142857,2.736,0.482078831727758,0.0932213155328204,71.5714285714286,13.7142857142857,5.32342221270793,7,6.03184748832,1.06280189705019,0.176198403409268,0.205517820889813,0.56218064158944,0.205517820889813
2021,"PWSI","black","private",0.0230283093137023,"Central",90,7,12.8571428571429,1.5154512404694,0.580371296788068,0.0598746974081247,71.5714285714286,13.7142857142857,5.32342221270793,7,3.3409980842459,1.27949968889771,0.382969297387821,0.132001112271607,0.56218064158944,0.132001112271607
2022,"PWSI","black","private",0.0230283093137023,"Central",31,9,3.44444444444444,1.91607314974493,0.440531201847323,0.0795911247820577,71.5714285714286,13.7142857142857,5.32342221270793,9,4.22421820750232,0.971205052408394,0.229913561445171,0.175468394045767,0.56218064158944,0.175468394045767
2023,"PWSI","black","private",0.0230283093137023,"Central",136,22,6.18181818181818,1.99219804825086,0.439383002482692,0.0374756559213695,71.5714285714286,13.7142857142857,5.32342221270793,22,4.3920448806937,0.968673706116859,0.220551868760472,0.0826196787435881,0.56218064158944,0.0826196787435881
2024,"PWSI","black","private",0.0230283093137023,"Central",59,10,5.9,1.88495039853094,0.552995734795858,0.0670373102971613,71.5714285714286,13.7142857142857,5.32342221270793,10,4.15560428617932,1.21914690569447,0.293374157339547,0.147791970665081,0.56218064158944,0.147791970665081
2020,"PWSO","black","private",0.00916732796397344,"Central",53,8,6.625,2.3377358490566,0.775397271650112,0.105110298970189,118.466666666667,13.5333333333333,8.81520757020757,8,5.15382533241509,1.70945836456612,0.331687291343471,0.231728542704641,0.463457085409283,0.231728542704641
2021,"PWSO","black","private",0.00916732796397344,"Central",51,5,10.2,1.90434673604586,0.740209898172314,0.10148434018383,118.466666666667,13.5333333333333,8.81520757020757,5,4.19836589060987,1.63188348505858,0.388694917874708,0.223734671945047,0.463457085409283,0.223734671945047
2022,"PWSO","black","private",0.00916732796397344,"Central",70,6,11.6666666666667,1.80406463727808,0.707651912867791,0.084625293799549,118.466666666667,13.5333333333333,8.81520757020757,6,3.97728170728535,1.5601054141946,0.392254189924966,0.186566836934631,0.463457085409283,0.186566836934631
2023,"PWSO","black","private",0.00916732796397344,"Central",97,12,8.08333333333333,2.20373235707129,0.62462892806051,0.0633111626164976,118.466666666667,13.5333333333333,8.81520757020757,12,4.85839820282528,1.37707106390855,0.283441374382971,0.139577221202829,0.463457085409283,0.139577221202829
2024,"PWSO","black","private",0.00916732796397344,"Central",79,10,7.9,1.8467423794144,0.531327273338651,0.0571943846059611,118.466666666667,13.5333333333333,8.81520757020757,10,4.07137002296961,1.17137612542531,0.287710554141902,0.126092034039282,0.463457085409283,0.126092034039282
2020,"BSAI","black","private",0.0319107796367737,"Kodiak",NA,NA,NA,NA,NA,NA,NA,NA,NA,NA,NA,NA,1,NA,10,10
2021,"BSAI","black","private",0.0319107796367737,"Kodiak",NA,NA,NA,NA,NA,NA,NA,NA,NA,NA,NA,NA,1,NA,10,10
2022,"BSAI","black","private",0.0319107796367737,"Kodiak",NA,NA,NA,NA,NA,NA,NA,NA,NA,NA,NA,NA,1,NA,10,10
2023,"BSAI","black","private",0.0319107796367737,"Kodiak",NA,NA,NA,NA,NA,NA,NA,NA,NA,NA,NA,NA,1,NA,10,10
2024,"BSAI","black","private",0.0319107796367737,"Kodiak",NA,NA,NA,NA,NA,NA,NA,NA,NA,NA,NA,NA,1,NA,10,10
2020,"SOKO2SAP","black","private",0.0319107796367737,"Kodiak",NA,NA,NA,NA,NA,NA,NA,NA,NA,NA,NA,NA,1,NA,10,10
2021,"SOKO2SAP","black","private",0.0319107796367737,"Kodiak",NA,NA,NA,NA,NA,NA,NA,NA,NA,NA,NA,NA,1,NA,10,10
2022,"SOKO2SAP","black","private",0.0319107796367737,"Kodiak",NA,NA,NA,NA,NA,NA,NA,NA,NA,NA,NA,NA,1,NA,10,10
2023,"SOKO2SAP","black","private",0.0319107796367737,"Kodiak",NA,NA,NA,NA,NA,NA,NA,NA,NA,NA,NA,NA,1,NA,10,10
2024,"SOKO2SAP","black","private",0.0319107796367737,"Kodiak",NA,NA,NA,NA,NA,NA,NA,NA,NA,NA,NA,NA,1,NA,10,10
2020,"WKMA","black","private",0.0319107796367737,"Kodiak",NA,NA,NA,NA,NA,NA,NA,NA,NA,NA,NA,NA,1,NA,10,10
2021,"WKMA","black","private",0.0319107796367737,"Kodiak",NA,NA,NA,NA,NA,NA,NA,NA,NA,NA,NA,NA,1,NA,10,10
2022,"WKMA","black","private",0.0319107796367737,"Kodiak",NA,NA,NA,NA,NA,NA,NA,NA,NA,NA,NA,NA,1,NA,10,10
2023,"WKMA","black","private",0.0319107796367737,"Kodiak",NA,NA,NA,NA,NA,NA,NA,NA,NA,NA,NA,NA,1,NA,10,10
2024,"WKMA","black","private",0.0319107796367737,"Kodiak",NA,NA,NA,NA,NA,NA,NA,NA,NA,NA,NA,NA,1,NA,10,10
2020,"AFOGNAK","black","private",0.0319107796367737,"Kodiak",NA,NA,NA,NA,NA,NA,NA,NA,NA,NA,NA,NA,1,NA,10,10
2021,"AFOGNAK","black","private",0.0319107796367737,"Kodiak",NA,NA,NA,NA,NA,NA,NA,NA,NA,NA,NA,NA,1,NA,10,10
2022,"AFOGNAK","black","private",0.0319107796367737,"Kodiak",NA,NA,NA,NA,NA,NA,NA,NA,NA,NA,NA,NA,1,NA,10,10
2023,"AFOGNAK","black","private",0.0319107796367737,"Kodiak",NA,NA,NA,NA,NA,NA,NA,NA,NA,NA,NA,NA,1,NA,10,10
2024,"AFOGNAK","black","private",0.0319107796367737,"Kodiak",NA,NA,NA,NA,NA,NA,NA,NA,NA,NA,NA,NA,1,NA,10,10
2020,"EASTSIDE","black","private",0.0319107796367737,"Kodiak",NA,NA,NA,NA,NA,NA,NA,NA,NA,NA,NA,NA,1,NA,10,10
2021,"EASTSIDE","black","private",0.0319107796367737,"Kodiak",NA,NA,NA,NA,NA,NA,NA,NA,NA,NA,NA,NA,1,NA,10,10
2022,"EASTSIDE","black","private",0.0319107796367737,"Kodiak",NA,NA,NA,NA,NA,NA,NA,NA,NA,NA,NA,NA,1,NA,10,10
2023,"EASTSIDE","black","private",0.0319107796367737,"Kodiak",NA,NA,NA,NA,NA,NA,NA,NA,NA,NA,NA,NA,1,NA,10,10
2024,"EASTSIDE","black","private",0.0319107796367737,"Kodiak",NA,NA,NA,NA,NA,NA,NA,NA,NA,NA,NA,NA,1,NA,10,10
2020,"NORTHEAST","black","private",0.0319107796367737,"Kodiak",NA,NA,NA,NA,NA,NA,NA,NA,NA,NA,NA,NA,1,NA,0.331465190042896,0.331465190042896
2021,"NORTHEAST","black","private",0.0319107796367737,"Kodiak",183,39,4.69230769230769,1.79084958600576,0.532277559237674,0.0387736260260557,169.285714285714,37.2142857142857,4.56206251150584,39,3.94814750632593,1.17347114721377,0.29722069535993,0.0854812129964631,0.331465190042896,0.0854812129964631
2022,"NORTHEAST","black","private",0.0319107796367737,"Kodiak",106,21,5.04761904761905,1.92583567898342,0.517123192549713,0.050109470210895,169.285714285714,37.2142857142857,4.56206251150584,21,4.24574090028991,1.14006148762171,0.26851885557686,0.110472471503155,0.331465190042896,0.110472471503155
2023,"NORTHEAST","black","private",0.0319107796367737,"Kodiak",149,34,4.38235294117647,1.92058564459757,0.472184114162824,0.0384609098237883,169.285714285714,37.2142857142857,4.56206251150584,34,4.23416655572708,1.04098777888802,0.245854234874156,0.0847917917833039,0.331465190042896,0.0847917917833039
2024,"NORTHEAST","black","private",0.0319107796367737,"Kodiak",150,33,4.54545454545455,1.99524596449704,0.460226282319759,0.0383722734669709,169.285714285714,37.2142857142857,4.56206251150584,33,4.39876438579389,1.01462527232065,0.230661427467552,0.0845963820661099,0.331465190042896,0.0845963820661099
2020,"CSEO","black","private",0.15,"Southeast",52,22,2.36363636363636,1.40547324080769,0.611122539861144,0.0825307088798921,121.6,45.5333333333333,2.70992033450121,22,3.09853809848934,1.34729457496973,0.434816204334098,0.181949067641245,0.563865408701888,0.181949067641245
2021,"CSEO","black","private",0.15,"Southeast",21,8,2.625,1.38863418366667,0.58764355040345,0.127882523654295,121.6,45.5333333333333,2.70992033450121,8,3.06141433221678,1.29553226371656,0.42318096249927,0.281932704350944,0.563865408701888,0.281932704350944
2022,"CSEO","black","private",0.15,"Southeast",107,42,2.54761904761905,1.46392800670093,0.688301119009743,0.0684853550467844,121.6,45.5333333333333,2.70992033450121,42,3.22740879762438,1.51744421634019,0.470174158742191,0.150984362874872,0.563865408701888,0.150984362874872
2023,"CSEO","black","private",0.15,"Southeast",58,20,2.9,1.198637873,0.402818163354445,0.0547583837627293,121.6,45.5333333333333,2.70992033450121,20,2.64254416800449,0.888062034678064,0.336063270173714,0.120721571477954,0.563865408701888,0.120721571477954
2024,"CSEO","black","private",0.15,"Southeast",90,23,3.91304347826087,1.22281297877778,0.313289210968302,0.0333168332737461,121.6,45.5333333333333,2.70992033450121,23,2.69584115304307,0.690684481102671,0.256203701142786,0.0734510442620693,0.563865408701888,0.0734510442620693
2020,"EWYKT","black","private",0.15,"Southeast",16,4,4,1.3820865049375,0.629312673840875,0.152206449519989,100.8,23.7333333333333,3.44014884883052,4,3.04697917158195,1.38739695580228,0.455335227999591,0.335557781521656,0.671115563043312,0.335557781521656
2021,"EWYKT","black","private",0.15,"Southeast",80,10,8,1.3891843767125,0.489091761236549,0.0541079786539941,100.8,23.7333333333333,3.44014884883052,10,3.06262730025098,1.07826276007774,0.352071164515961,0.119287673663073,0.671115563043312,0.119287673663073
2022,"EWYKT","black","private",0.15,"Southeast",175,37,4.72972972972973,1.38489395418857,0.511829183271013,0.0393291635976905,100.8,23.7333333333333,3.44014884883052,37,3.05316853770537,1.1283901950154,0.369580054648229,0.086705963693149,0.671115563043312,0.086705963693149
2023,"EWYKT","black","private",0.15,"Southeast",318,78,4.07692307692308,1.54363723799057,0.466011125318019,0.0255292532879588,100.8,23.7333333333333,3.44014884883052,78,3.40313757194833,1.02737866804776,0.301891606297765,0.0562823692703433,0.671115563043312,0.0562823692703433
2024,"EWYKT","black","private",0.15,"Southeast",352,67,5.25373134328358,1.56316712915909,0.435281006241346,0.0222349456465035,100.8,23.7333333333333,3.44014884883052,67,3.44619361178459,0.959630352416033,0.278460951565369,0.0490196641267521,0.671115563043312,0.0490196641267521
2020,"NSEI","black","private",0.15,"Southeast",NA,NA,NA,NA,NA,NA,NA,NA,NA,NA,NA,NA,1,NA,0.810910906125963,0.810910906125963
2021,"NSEI","black","private",0.15,"Southeast",NA,NA,NA,NA,NA,NA,NA,NA,NA,NA,NA,NA,1,NA,0.810910906125963,0.810910906125963
2022,"NSEI","black","private",0.15,"Southeast",115,26,4.42307692307692,1.25872837589565,0.432441780720155,0.0398932615152985,71.6428571428571,23.4285714285714,3.06100050634987,26,2.77502104993541,0.953370931608734,0.343554486417652,0.0879495867222025,0.810910906125963,0.0879495867222025
2023,"NSEI","black","private",0.15,"Southeast",88,25,3.52,1.219861785,0.354167629292736,0.0368654701783309,71.6428571428571,23.4285714285714,3.06100050634987,25,2.68933488448458,0.78080596681054,0.290334227736084,0.0812744494520837,0.810910906125963,0.0812744494520837
2024,"NSEI","black","private",0.15,"Southeast",114,29,3.93103448275862,1.37201725638596,0.442114188674537,0.0395934714105782,71.6428571428571,23.4285714285714,3.06100050634987,29,3.02478027845883,0.974694940974832,0.322236609355128,0.087288662676084,0.810910906125963,0.087288662676084
2020,"NSEO","black","private",0.15,"Southeast",NA,NA,NA,NA,NA,NA,NA,NA,NA,NA,NA,NA,1,NA,0.588308288611253,0.588308288611253
2021,"NSEO","black","private",0.15,"Southeast",NA,NA,NA,NA,NA,NA,NA,NA,NA,NA,NA,NA,1,NA,0.588308288611253,0.588308288611253
2022,"NSEO","black","private",0.15,"Southeast",40,15,2.66666666666667,1.5326015225,0.42876637840754,0.0674915158606204,44.4666666666667,13.9333333333333,3.08990583064752,15,3.37880798394994,0.945268056532742,0.279763769063814,0.148793322524412,0.588308288611253,0.148793322524412
2023,"NSEO","black","private",0.15,"Southeast",54,15,3.6,1.31485612512963,0.317110580385373,0.0432006048423459,44.4666666666667,13.9333333333333,3.08990583064752,15,2.89876155550633,0.699109158558922,0.241175117432799,0.0952410306331173,0.588308288611253,0.0952410306331173
2024,"NSEO","black","private",0.15,"Southeast",26,9,2.88888888888889,1.5121703725,0.349378557413187,0.0646359674502549,44.4666666666667,13.9333333333333,3.08990583064752,9,3.33376500850733,0.770247870616081,0.231044440340129,0.142497915906416,0.588308288611253,0.142497915906416
2020,"SSEI","black","private",0.15,"Southeast",197,43,4.58139534883721,1.40234152854822,0.528126278882841,0.0379809504346725,116.066666666667,37.5333333333333,2.99402189506678,43,3.09163385480278,1.16431914064154,0.376603179847056,0.0837336624573778,0.628878033867352,0.0837336624573778
2021,"SSEI","black","private",0.15,"Southeast",195,39,5,1.42679211637949,0.514805538262847,0.0369421617666348,116.066666666667,37.5333333333333,2.99402189506678,39,3.1455381738079,1.13495193455555,0.3608132764072,0.0814435254624222,0.628878033867352,0.0814435254624222
2022,"SSEI","black","private",0.15,"Southeast",135,33,4.09090909090909,1.3059653608,0.441914071451434,0.0377316308698963,116.066666666667,37.5333333333333,2.99402189506678,33,2.87916077535614,0.974253758018128,0.338381158272628,0.0831840069052637,0.628878033867352,0.0831840069052637
2023,"SSEI","black","private",0.15,"Southeast",109,39,2.79487179487179,1.44652714763303,0.436474158156204,0.0407369946091991,116.066666666667,37.5333333333333,2.99402189506678,39,3.18904647011586,0.962260802116625,0.301739347837621,0.0898096997862584,0.628878033867352,0.0898096997862584
2024,"SSEI","black","private",0.15,"Southeast",201,50,4.02,1.25522232072139,0.542855472613609,0.0388641702092926,116.066666666667,37.5333333333333,2.99402189506678,50,2.76729152139127,1.19679145431475,0.432477548918684,0.0856808287509366,0.628878033867352,0.0856808287509366
2020,"SSEO","black","private",0.15,"Southeast",36,12,3,1.12888696175,0.492839306953491,0.0809640869703398,71.8666666666667,23.0666666666667,3.01039291726778,12,2.48876973129712,1.08652468413479,0.436570997497829,0.178495257542458,0.540727100373609,0.178495257542458
2021,"SSEO","black","private",0.15,"Southeast",30,13,2.30769230769231,1.1926762939,0.589098735277131,0.110315280119026,71.8666666666667,23.0666666666667,3.01039291726778,13,2.62940113586971,1.29874039720535,0.493930111875372,0.243203561882041,0.540727100373609,0.243203561882041
2022,"SSEO","black","private",0.15,"Southeast",34,12,2.83333333333333,0.949280366676471,0.373095673615842,0.0594350700395843,71.8666666666667,23.0666666666667,3.01039291726778,12,2.09280496909684,0.822535161477622,0.39303001169411,0.131031899830552,0.540727100373609,0.131031899830552
2023,"SSEO","black","private",0.15,"Southeast",23,12,1.91666666666667,1.49191386421739,0.468780268212259,0.0947502151943775,71.8666666666667,23.0666666666667,3.01039291726778,12,3.28910705214527,1.03348358311041,0.314214030350985,0.208888467667392,0.540727100373609,0.208888467667392
2024,"SSEO","black","private",0.15,"Southeast",146,27,5.40740740740741,1.0465959479863,0.363964532707102,0.030468426692434,71.8666666666667,23.0666666666667,3.01039291726778,27,2.30734910093094,0.802404441683807,0.347760311328729,0.0671713826819518,0.540727100373609,0.0671713826819518
2020,"CI","yelloweye","charter",0.274806399276404,"Central",NA,NA,NA,NA,NA,NA,NA,NA,NA,NA,NA,NA,1,NA,10,10
2021,"CI","yelloweye","charter",0.274806399276404,"Central",NA,NA,NA,NA,NA,NA,NA,NA,NA,NA,NA,NA,1,NA,10,10
2022,"CI","yelloweye","charter",0.274806399276404,"Central",NA,NA,NA,NA,NA,NA,NA,NA,NA,NA,NA,NA,1,NA,10,10
2023,"CI","yelloweye","charter",0.274806399276404,"Central",NA,NA,NA,NA,NA,NA,NA,NA,NA,NA,NA,NA,1,NA,10,10
2024,"CI","yelloweye","charter",0.274806399276404,"Central",NA,NA,NA,NA,NA,NA,NA,NA,NA,NA,NA,NA,1,NA,10,10
2020,"NG","yelloweye","charter",0.0878274286987522,"Central",46,8,5.75,3.84782608695652,1.59690521953973,0.233633336117891,75,19.4666666666667,3.86235552226731,8,8.48300442913043,3.52057336899335,0.415014915812585,0.515073337591565,1.44722383320515,0.515073337591565
2021,"NG","yelloweye","charter",0.0878274286987522,"Central",47,18,2.61111111111111,3.25159649870921,1.98654051256189,0.284502545249299,75,19.4666666666667,3.86235552226731,18,7.16854319216712,4.37957214954034,0.610943120817878,0.627220746704178,1.44722383320515,0.627220746704178
2022,"NG","yelloweye","charter",0.0878274286987522,"Central",49,19,2.57894736842105,3.65045394044673,1.97377213339141,0.286464143116023,75,19.4666666666667,3.86235552226731,19,8.04787333037699,4.35142269200036,0.540692244195216,0.631545329732502,1.44722383320515,0.631545329732502
2023,"NG","yelloweye","charter",0.0878274286987522,"Central",48,14,3.42857142857143,3.81283656887643,2.2158526052682,0.32822484448725,75,19.4666666666667,3.86235552226731,14,8.40586574610816,4.8851187761602,0.581155936070234,0.723611916602574,1.44722383320515,0.723611916602574
2024,"NG","yelloweye","charter",0.0878274286987522,"Central",48,18,2.66666666666667,4.0983446420061,1.63239895450621,0.238383647047566,75,19.4666666666667,3.86235552226731,18,9.03530330232245,3.59882365996874,0.39830690122419,0.52554598051916,1.44722383320515,0.52554598051916
2020,"PWSI","yelloweye","charter",0.0754136099165188,"Central",45,4,11.25,3.70444444444444,1.50059920691635,0.218492381034105,64.1333333333333,11.7333333333333,5.9424406960852,4,8.16690201675554,3.30825495512185,0.405080769713472,0.481693245525447,1.33765901213058,0.481693245525447
2021,"PWSI","yelloweye","charter",0.0754136099165188,"Central",35,9,3.88888888888889,2.28285802330236,1.52911518050558,0.256052925817218,64.1333333333333,11.7333333333333,5.9424406960852,9,5.03284043642087,3.37112191552798,0.669824914601381,0.564500072173821,1.33765901213058,0.564500072173821
2022,"PWSI","yelloweye","charter",0.0754136099165188,"Central",45,10,4.5,2.66339308679159,1.2934591219201,0.186695194468601,64.1333333333333,11.7333333333333,5.9424406960852,10,5.87177664509236,2.85158923823039,0.485643342822611,0.411592448770777,1.33765901213058,0.411592448770777
2023,"PWSI","yelloweye","charter",0.0754136099165188,"Central",24,7,3.42857142857143,2.93638319137245,1.49834748246417,0.292901544292406,64.1333333333333,11.7333333333333,5.9424406960852,7,6.47361680468749,3.30329075246056,0.51026973825029,0.64573736997997,1.33765901213058,0.64573736997997
2024,"PWSI","yelloweye","charter",0.0754136099165188,"Central",23,9,2.55555555555556,2.60280136579672,1.48442699712739,0.303375961036493,64.1333333333333,11.7333333333333,5.9424406960852,9,5.73819476640234,3.27260133560572,0.570318971180118,0.668829506065291,1.33765901213058,0.668829506065291
2020,"PWSO","yelloweye","charter",0.0457939411318073,"Central",49,10,4.9,4.15510204081633,1.64063773480642,0.238171448514581,137.2,18.4,7.15231956703353,10,9.16043194759184,3.61698706137979,0.394848963681309,0.525078162833411,1.05015632566682,0.525078162833411
2021,"PWSO","yelloweye","charter",0.0457939411318073,"Central",84,13,6.46153846153846,3.52028124124144,1.57258798879565,0.177637261415005,137.2,18.4,7.15231956703353,13,7.76089165320256,3.4669630520392,0.446722259111625,0.391623124670373,1.05015632566682,0.391623124670373
2022,"PWSO","yelloweye","charter",0.0457939411318073,"Central",134,19,7.05263157894737,3.99248873227846,1.64005378985607,0.138430284148191,137.2,18.4,7.15231956703353,19,8.80193096927622,3.61569968313342,0.410784826165336,0.305186535726129,1.05015632566682,0.305186535726129
2023,"PWSO","yelloweye","charter",0.0457939411318073,"Central",63,9,7,4.47681040305757,1.72816802199542,0.213270597742753,137.2,18.4,7.15231956703353,9,9.86967748003203,3.80995831245176,0.386026627532655,0.470181183964594,1.05015632566682,0.470181183964594
2024,"PWSO","yelloweye","charter",0.0457939411318073,"Central",42,7,6,4.40394250446416,1.43779394238608,0.224587051809783,137.2,18.4,7.15231956703353,7,9.70903126252114,3.16979304828333,0.326478817770356,0.49512969457896,1.05015632566682,0.49512969457896
2020,"BSAI","yelloweye","charter",0.274806399276404,"Kodiak",NA,NA,NA,NA,NA,NA,NA,NA,NA,NA,NA,NA,1,NA,10,10
2021,"BSAI","yelloweye","charter",0.274806399276404,"Kodiak",NA,NA,NA,NA,NA,NA,NA,NA,NA,NA,NA,NA,1,NA,10,10
2022,"BSAI","yelloweye","charter",0.274806399276404,"Kodiak",NA,NA,NA,NA,NA,NA,NA,NA,NA,NA,NA,NA,1,NA,10,10
2023,"BSAI","yelloweye","charter",0.274806399276404,"Kodiak",NA,NA,NA,NA,NA,NA,NA,NA,NA,NA,NA,NA,1,NA,10,10
2024,"BSAI","yelloweye","charter",0.274806399276404,"Kodiak",NA,NA,NA,NA,NA,NA,NA,NA,NA,NA,NA,NA,1,NA,10,10
2020,"SOKO2SAP","yelloweye","charter",0.274806399276404,"Kodiak",NA,NA,NA,NA,NA,NA,NA,NA,NA,NA,NA,NA,1,NA,10,10
2021,"SOKO2SAP","yelloweye","charter",0.274806399276404,"Kodiak",NA,NA,NA,NA,NA,NA,NA,NA,NA,NA,NA,NA,1,NA,10,10
2022,"SOKO2SAP","yelloweye","charter",0.274806399276404,"Kodiak",NA,NA,NA,NA,NA,NA,NA,NA,NA,NA,NA,NA,1,NA,10,10
2023,"SOKO2SAP","yelloweye","charter",0.274806399276404,"Kodiak",NA,NA,NA,NA,NA,NA,NA,NA,NA,NA,NA,NA,1,NA,10,10
2024,"SOKO2SAP","yelloweye","charter",0.274806399276404,"Kodiak",NA,NA,NA,NA,NA,NA,NA,NA,NA,NA,NA,NA,1,NA,10,10
2020,"WKMA","yelloweye","charter",0.274806399276404,"Kodiak",NA,NA,NA,NA,NA,NA,NA,NA,NA,NA,NA,NA,1,NA,10,10
2021,"WKMA","yelloweye","charter",0.274806399276404,"Kodiak",NA,NA,NA,NA,NA,NA,NA,NA,NA,NA,NA,NA,1,NA,10,10
2022,"WKMA","yelloweye","charter",0.274806399276404,"Kodiak",NA,NA,NA,NA,NA,NA,NA,NA,NA,NA,NA,NA,1,NA,10,10
2023,"WKMA","yelloweye","charter",0.274806399276404,"Kodiak",NA,NA,NA,NA,NA,NA,NA,NA,NA,NA,NA,NA,1,NA,10,10
2024,"WKMA","yelloweye","charter",0.274806399276404,"Kodiak",NA,NA,NA,NA,NA,NA,NA,NA,NA,NA,NA,NA,1,NA,10,10
2020,"AFOGNAK","yelloweye","charter",0.274806399276404,"Kodiak",NA,NA,NA,NA,NA,NA,NA,NA,NA,NA,NA,NA,1,NA,10,10
2021,"AFOGNAK","yelloweye","charter",0.274806399276404,"Kodiak",NA,NA,NA,NA,NA,NA,NA,NA,NA,NA,NA,NA,1,NA,10,10
2022,"AFOGNAK","yelloweye","charter",0.274806399276404,"Kodiak",NA,NA,NA,NA,NA,NA,NA,NA,NA,NA,NA,NA,1,NA,10,10
2023,"AFOGNAK","yelloweye","charter",0.274806399276404,"Kodiak",NA,NA,NA,NA,NA,NA,NA,NA,NA,NA,NA,NA,1,NA,10,10
2024,"AFOGNAK","yelloweye","charter",0.274806399276404,"Kodiak",NA,NA,NA,NA,NA,NA,NA,NA,NA,NA,NA,NA,1,NA,10,10
2020,"EASTSIDE","yelloweye","charter",0.274806399276404,"Kodiak",NA,NA,NA,NA,NA,NA,NA,NA,NA,NA,NA,NA,1,NA,10,10
2021,"EASTSIDE","yelloweye","charter",0.274806399276404,"Kodiak",NA,NA,NA,NA,NA,NA,NA,NA,NA,NA,NA,NA,1,NA,10,10
2022,"EASTSIDE","yelloweye","charter",0.274806399276404,"Kodiak",NA,NA,NA,NA,NA,NA,NA,NA,NA,NA,NA,NA,1,NA,10,10
2023,"EASTSIDE","yelloweye","charter",0.274806399276404,"Kodiak",NA,NA,NA,NA,NA,NA,NA,NA,NA,NA,NA,NA,1,NA,10,10
2024,"EASTSIDE","yelloweye","charter",0.274806399276404,"Kodiak",NA,NA,NA,NA,NA,NA,NA,NA,NA,NA,NA,NA,1,NA,10,10
2020,"NORTHEAST","yelloweye","charter",0.274806399276404,"Kodiak",NA,NA,NA,NA,NA,NA,NA,NA,NA,NA,NA,NA,1,NA,2.68586648227364,2.68586648227364
2021,"NORTHEAST","yelloweye","charter",0.274806399276404,"Kodiak",NA,NA,NA,NA,NA,NA,NA,NA,NA,NA,NA,NA,1,NA,2.68586648227364,2.68586648227364
2022,"NORTHEAST","yelloweye","charter",0.274806399276404,"Kodiak",NA,NA,NA,NA,NA,NA,NA,NA,NA,NA,NA,NA,1,NA,2.68586648227364,2.68586648227364
2023,"NORTHEAST","yelloweye","charter",0.274806399276404,"Kodiak",NA,NA,NA,NA,NA,NA,NA,NA,NA,NA,NA,NA,1,NA,2.68586648227364,2.68586648227364
2024,"NORTHEAST","yelloweye","charter",0.274806399276404,"Kodiak",NA,NA,NA,NA,NA,NA,NA,NA,NA,NA,NA,NA,1,NA,2.68586648227364,2.68586648227364
2020,"CSEO","yelloweye","charter",0.2,"Southeast",NA,NA,NA,NA,NA,NA,NA,NA,NA,NA,NA,NA,1,NA,0.403952256220478,0.403952256220478
2021,"CSEO","yelloweye","charter",0.2,"Southeast",NA,NA,NA,NA,NA,NA,NA,NA,NA,NA,NA,NA,1,NA,0.403952256220478,0.403952256220478
2022,"CSEO","yelloweye","charter",0.2,"Southeast",NA,NA,NA,NA,NA,NA,NA,NA,NA,NA,NA,NA,1,NA,0.403952256220478,0.403952256220478
2023,"CSEO","yelloweye","charter",0.2,"Southeast",NA,NA,NA,NA,NA,NA,NA,NA,NA,NA,NA,NA,1,NA,0.403952256220478,0.403952256220478
2024,"CSEO","yelloweye","charter",0.2,"Southeast",NA,NA,NA,NA,NA,NA,NA,NA,NA,NA,NA,NA,1,NA,0.403952256220478,0.403952256220478
2020,"EWYKT","yelloweye","charter",0.2,"Southeast",NA,NA,NA,NA,NA,NA,NA,NA,NA,NA,NA,NA,1,NA,1.58767372750044,1.58767372750044
2021,"EWYKT","yelloweye","charter",0.2,"Southeast",NA,NA,NA,NA,NA,NA,NA,NA,NA,NA,NA,NA,1,NA,1.58767372750044,1.58767372750044
2022,"EWYKT","yelloweye","charter",0.2,"Southeast",NA,NA,NA,NA,NA,NA,NA,NA,NA,NA,NA,NA,1,NA,1.58767372750044,1.58767372750044
2023,"EWYKT","yelloweye","charter",0.2,"Southeast",NA,NA,NA,NA,NA,NA,NA,NA,NA,NA,NA,NA,1,NA,1.58767372750044,1.58767372750044
2024,"EWYKT","yelloweye","charter",0.2,"Southeast",NA,NA,NA,NA,NA,NA,NA,NA,NA,NA,NA,NA,1,NA,1.58767372750044,1.58767372750044
2020,"NSEI","yelloweye","charter",0.2,"Southeast",NA,NA,NA,NA,NA,NA,NA,NA,NA,NA,NA,NA,1,NA,1.57200994135829,1.57200994135829
2021,"NSEI","yelloweye","charter",0.2,"Southeast",NA,NA,NA,NA,NA,NA,NA,NA,NA,NA,NA,NA,1,NA,1.57200994135829,1.57200994135829
2022,"NSEI","yelloweye","charter",0.2,"Southeast",NA,NA,NA,NA,NA,NA,NA,NA,NA,NA,NA,NA,1,NA,1.57200994135829,1.57200994135829
2023,"NSEI","yelloweye","charter",0.2,"Southeast",NA,NA,NA,NA,NA,NA,NA,NA,NA,NA,NA,NA,1,NA,1.57200994135829,1.57200994135829
2024,"NSEI","yelloweye","charter",0.2,"Southeast",NA,NA,NA,NA,NA,NA,NA,NA,NA,NA,NA,NA,1,NA,1.57200994135829,1.57200994135829
2020,"NSEO","yelloweye","charter",0.2,"Southeast",NA,NA,NA,NA,NA,NA,NA,NA,NA,NA,NA,NA,1,NA,0.82556727727503,0.82556727727503
2021,"NSEO","yelloweye","charter",0.2,"Southeast",NA,NA,NA,NA,NA,NA,NA,NA,NA,NA,NA,NA,1,NA,0.82556727727503,0.82556727727503
2022,"NSEO","yelloweye","charter",0.2,"Southeast",NA,NA,NA,NA,NA,NA,NA,NA,NA,NA,NA,NA,1,NA,0.82556727727503,0.82556727727503
2023,"NSEO","yelloweye","charter",0.2,"Southeast",NA,NA,NA,NA,NA,NA,NA,NA,NA,NA,NA,NA,1,NA,0.82556727727503,0.82556727727503
2024,"NSEO","yelloweye","charter",0.2,"Southeast",NA,NA,NA,NA,NA,NA,NA,NA,NA,NA,NA,NA,1,NA,0.82556727727503,0.82556727727503
2020,"SSEI","yelloweye","charter",0.2,"Southeast",NA,NA,NA,NA,NA,NA,NA,NA,NA,NA,NA,NA,1,NA,0.882154322737068,0.882154322737068
2021,"SSEI","yelloweye","charter",0.2,"Southeast",NA,NA,NA,NA,NA,NA,NA,NA,NA,NA,NA,NA,1,NA,0.882154322737068,0.882154322737068
2022,"SSEI","yelloweye","charter",0.2,"Southeast",NA,NA,NA,NA,NA,NA,NA,NA,NA,NA,NA,NA,1,NA,0.882154322737068,0.882154322737068
2023,"SSEI","yelloweye","charter",0.2,"Southeast",NA,NA,NA,NA,NA,NA,NA,NA,NA,NA,NA,NA,1,NA,0.882154322737068,0.882154322737068
2024,"SSEI","yelloweye","charter",0.2,"Southeast",NA,NA,NA,NA,NA,NA,NA,NA,NA,NA,NA,NA,1,NA,0.882154322737068,0.882154322737068
2020,"SSEO","yelloweye","charter",0.2,"Southeast",NA,NA,NA,NA,NA,NA,NA,NA,NA,NA,NA,NA,1,NA,0.778861863759886,0.778861863759886
2021,"SSEO","yelloweye","charter",0.2,"Southeast",NA,NA,NA,NA,NA,NA,NA,NA,NA,NA,NA,NA,1,NA,0.778861863759886,0.778861863759886
2022,"SSEO","yelloweye","charter",0.2,"Southeast",NA,NA,NA,NA,NA,NA,NA,NA,NA,NA,NA,NA,1,NA,0.778861863759886,0.778861863759886
2023,"SSEO","yelloweye","charter",0.2,"Southeast",NA,NA,NA,NA,NA,NA,NA,NA,NA,NA,NA,NA,1,NA,0.778861863759886,0.778861863759886
2024,"SSEO","yelloweye","charter",0.2,"Southeast",NA,NA,NA,NA,NA,NA,NA,NA,NA,NA,NA,NA,1,NA,0.778861863759886,0.778861863759886
2020,"CI","yelloweye","private",0.249729774703788,"Central",NA,NA,NA,NA,NA,NA,NA,NA,NA,NA,NA,NA,1,NA,10,10
2021,"CI","yelloweye","private",0.249729774703788,"Central",NA,NA,NA,NA,NA,NA,NA,NA,NA,NA,NA,NA,1,NA,10,10
2022,"CI","yelloweye","private",0.249729774703788,"Central",NA,NA,NA,NA,NA,NA,NA,NA,NA,NA,NA,NA,1,NA,10,10
2023,"CI","yelloweye","private",0.249729774703788,"Central",NA,NA,NA,NA,NA,NA,NA,NA,NA,NA,NA,NA,1,NA,10,10
2024,"CI","yelloweye","private",0.249729774703788,"Central",NA,NA,NA,NA,NA,NA,NA,NA,NA,NA,NA,NA,1,NA,10,10
2020,"NG","yelloweye","private",0.0715319310344827,"Central",34,16,2.125,4.11176470588235,1.64828004127762,0.274725516413901,52.4,23,2.36183510970516,16,9.06488947870588,3.63383546309517,0.400869251812869,0.605666087777267,1.59304676348701,0.605666087777267
2021,"NG","yelloweye","private",0.0715319310344827,"Central",23,11,2.09090909090909,3.62331226190746,1.79429544146519,0.361296928788432,52.4,23,2.36183510970516,11,7.98803617192455,3.95574431721704,0.495208613491292,0.796523381743506,1.59304676348701,0.796523381743506
2022,"NG","yelloweye","private",0.0715319310344827,"Central",39,13,3,3.17330222657148,1.63837544919541,0.259216133698057,52.4,23,2.36183510970516,13,6.99593386879585,3.61199957534886,0.516299845465887,0.571473751819681,1.59304676348701,0.571473751819681
2023,"NG","yelloweye","private",0.0715319310344827,"Central",29,12,2.41666666666667,3.94591575560202,1.67354904936403,0.302659171231425,52.4,23,2.36183510970516,12,8.6992551314146,3.68954408990744,0.424121839648525,0.667249255047253,1.59304676348701,0.667249255047253
2024,"NG","yelloweye","private",0.0715319310344827,"Central",79,33,2.39393939393939,3.63564120563378,2.48984657076881,0.276993444094204,52.4,23,2.36183510970516,33,8.0152168401443,5.48917207024635,0.684843863830829,0.610666012441788,1.59304676348701,0.610666012441788
2020,"PWSI","yelloweye","private",0.0637625512512972,"Central",34,24,1.41666666666667,3.10882352941176,1.00735707221657,0.171140422839833,90.6666666666667,40.2666666666667,2.21931797780643,24,6.8537826745294,2.22084218782562,0.324031603172786,0.37730004738906,1.04721645779529,0.37730004738906
2021,"PWSI","yelloweye","private",0.0637625512512972,"Central",57,33,1.72727272727273,2.61314831955688,1.53836588992453,0.20717198308,90.6666666666667,40.2666666666667,2.21931797780643,33,5.76100589471009,3.39151623876405,0.58870209486823,0.456736040128425,1.04721645779529,0.456736040128425
2022,"PWSI","yelloweye","private",0.0637625512512972,"Central",126,51,2.47058823529412,3.25832727448988,1.42123579234645,0.123724019362268,90.6666666666667,40.2666666666667,2.21931797780643,51,7.18338201270334,3.13328857616061,0.436185708990499,0.272764771723374,1.04721645779529,0.272764771723374
2023,"PWSI","yelloweye","private",0.0637625512512972,"Central",34,14,2.42857142857143,2.83571068594218,1.31883249674099,0.228063230229317,90.6666666666667,40.2666666666667,2.21931797780643,14,6.25167192200385,2.90752795430626,0.46508006027519,0.50279335615382,1.04721645779529,0.50279335615382
2024,"PWSI","yelloweye","private",0.0637625512512972,"Central",48,20,2.4,2.61471989067199,0.966407012312257,0.140235345425285,90.6666666666667,40.2666666666667,2.21931797780643,20,5.7644706159394,2.13056275947022,0.369602501499267,0.309166014648097,1.04721645779529,0.309166014648097
2020,"PWSO","yelloweye","private",0.0692021661654974,"Central",16,5,3.2,3.63125,1.60029945114448,0.390605354561048,30.2307692307692,10.9230769230769,2.92314335990807,5,8.005535888875,3.52805636876671,0.440702086373695,0.861137400158407,2.04749602735033,0.861137400158407
2021,"PWSO","yelloweye","private",0.0692021661654974,"Central",23,8,2.875,4.05270122921225,1.35034077397785,0.272110330123736,30.2307692307692,10.9230769230769,2.92314335990807,8,8.93467680202313,2.97699181501988,0.333195243765928,0.599900588926456,2.04749602735033,0.599900588926456
2022,"PWSO","yelloweye","private",0.0692021661654974,"Central",23,7,3.28571428571429,3.99691328714968,1.76977667197753,0.36078544545994,30.2307692307692,10.9230769230769,2.92314335990807,7,8.81168544302874,3.90168968338998,0.442785856192445,0.79539575402776,2.04749602735033,0.79539575402776
2023,"PWSO","yelloweye","private",0.0692021661654974,"Central",20,7,2.85714285714286,4.26275544211567,1.27311981905573,0.282566712236233,30.2307692307692,10.9230769230769,2.92314335990807,7,9.39776707121631,2.80674875106057,0.29866123833364,0.62295296545503,2.04749602735033,0.62295296545503
2024,"PWSO","yelloweye","private",0.0692021661654974,"Central",NA,NA,NA,NA,NA,NA,NA,NA,NA,NA,NA,NA,1,NA,2.04749602735033,2.04749602735033
2020,"BSAI","yelloweye","private",0.249729774703788,"Kodiak",NA,NA,NA,NA,NA,NA,NA,NA,NA,NA,NA,NA,1,NA,10,10
2021,"BSAI","yelloweye","private",0.249729774703788,"Kodiak",NA,NA,NA,NA,NA,NA,NA,NA,NA,NA,NA,NA,1,NA,10,10
2022,"BSAI","yelloweye","private",0.249729774703788,"Kodiak",NA,NA,NA,NA,NA,NA,NA,NA,NA,NA,NA,NA,1,NA,10,10
2023,"BSAI","yelloweye","private",0.249729774703788,"Kodiak",NA,NA,NA,NA,NA,NA,NA,NA,NA,NA,NA,NA,1,NA,10,10
2024,"BSAI","yelloweye","private",0.249729774703788,"Kodiak",NA,NA,NA,NA,NA,NA,NA,NA,NA,NA,NA,NA,1,NA,10,10
2020,"SOKO2SAP","yelloweye","private",0.249729774703788,"Kodiak",NA,NA,NA,NA,NA,NA,NA,NA,NA,NA,NA,NA,1,NA,10,10
2021,"SOKO2SAP","yelloweye","private",0.249729774703788,"Kodiak",NA,NA,NA,NA,NA,NA,NA,NA,NA,NA,NA,NA,1,NA,10,10
2022,"SOKO2SAP","yelloweye","private",0.249729774703788,"Kodiak",NA,NA,NA,NA,NA,NA,NA,NA,NA,NA,NA,NA,1,NA,10,10
2023,"SOKO2SAP","yelloweye","private",0.249729774703788,"Kodiak",NA,NA,NA,NA,NA,NA,NA,NA,NA,NA,NA,NA,1,NA,10,10
2024,"SOKO2SAP","yelloweye","private",0.249729774703788,"Kodiak",NA,NA,NA,NA,NA,NA,NA,NA,NA,NA,NA,NA,1,NA,10,10
2020,"WKMA","yelloweye","private",0.249729774703788,"Kodiak",NA,NA,NA,NA,NA,NA,NA,NA,NA,NA,NA,NA,1,NA,10,10
2021,"WKMA","yelloweye","private",0.249729774703788,"Kodiak",NA,NA,NA,NA,NA,NA,NA,NA,NA,NA,NA,NA,1,NA,10,10
2022,"WKMA","yelloweye","private",0.249729774703788,"Kodiak",NA,NA,NA,NA,NA,NA,NA,NA,NA,NA,NA,NA,1,NA,10,10
2023,"WKMA","yelloweye","private",0.249729774703788,"Kodiak",NA,NA,NA,NA,NA,NA,NA,NA,NA,NA,NA,NA,1,NA,10,10
2024,"WKMA","yelloweye","private",0.249729774703788,"Kodiak",NA,NA,NA,NA,NA,NA,NA,NA,NA,NA,NA,NA,1,NA,10,10
2020,"AFOGNAK","yelloweye","private",0.249729774703788,"Kodiak",NA,NA,NA,NA,NA,NA,NA,NA,NA,NA,NA,NA,1,NA,10,10
2021,"AFOGNAK","yelloweye","private",0.249729774703788,"Kodiak",NA,NA,NA,NA,NA,NA,NA,NA,NA,NA,NA,NA,1,NA,10,10
2022,"AFOGNAK","yelloweye","private",0.249729774703788,"Kodiak",NA,NA,NA,NA,NA,NA,NA,NA,NA,NA,NA,NA,1,NA,10,10
2023,"AFOGNAK","yelloweye","private",0.249729774703788,"Kodiak",NA,NA,NA,NA,NA,NA,NA,NA,NA,NA,NA,NA,1,NA,10,10
2024,"AFOGNAK","yelloweye","private",0.249729774703788,"Kodiak",NA,NA,NA,NA,NA,NA,NA,NA,NA,NA,NA,NA,1,NA,10,10
2020,"EASTSIDE","yelloweye","private",0.249729774703788,"Kodiak",NA,NA,NA,NA,NA,NA,NA,NA,NA,NA,NA,NA,1,NA,10,10
2021,"EASTSIDE","yelloweye","private",0.249729774703788,"Kodiak",NA,NA,NA,NA,NA,NA,NA,NA,NA,NA,NA,NA,1,NA,10,10
2022,"EASTSIDE","yelloweye","private",0.249729774703788,"Kodiak",NA,NA,NA,NA,NA,NA,NA,NA,NA,NA,NA,NA,1,NA,10,10
2023,"EASTSIDE","yelloweye","private",0.249729774703788,"Kodiak",NA,NA,NA,NA,NA,NA,NA,NA,NA,NA,NA,NA,1,NA,10,10
2024,"EASTSIDE","yelloweye","private",0.249729774703788,"Kodiak",NA,NA,NA,NA,NA,NA,NA,NA,NA,NA,NA,NA,1,NA,10,10
2020,"NORTHEAST","yelloweye","private",0.249729774703788,"Kodiak",NA,NA,NA,NA,NA,NA,NA,NA,NA,NA,NA,NA,1,NA,2.29437890158375,2.29437890158375
2021,"NORTHEAST","yelloweye","private",0.249729774703788,"Kodiak",NA,NA,NA,NA,NA,NA,NA,NA,NA,NA,NA,NA,1,NA,2.29437890158375,2.29437890158375
2022,"NORTHEAST","yelloweye","private",0.249729774703788,"Kodiak",NA,NA,NA,NA,NA,NA,NA,NA,NA,NA,NA,NA,1,NA,2.29437890158375,2.29437890158375
2023,"NORTHEAST","yelloweye","private",0.249729774703788,"Kodiak",NA,NA,NA,NA,NA,NA,NA,NA,NA,NA,NA,NA,1,NA,2.29437890158375,2.29437890158375
2024,"NORTHEAST","yelloweye","private",0.249729774703788,"Kodiak",13,8,1.625,4.07880571628308,1.93091513502748,0.520356382260051,9.375,6.625,1.40458603896104,8,8.99222734470298,4.25693918398194,0.473402086134928,1.14718945079187,2.29437890158375,1.14718945079187
2020,"CSEO","yelloweye","private",0.2,"Southeast",NA,NA,NA,NA,NA,NA,NA,NA,NA,NA,NA,NA,1,NA,2.20957142733811,2.20957142733811
2021,"CSEO","yelloweye","private",0.2,"Southeast",NA,NA,NA,NA,NA,NA,NA,NA,NA,NA,NA,NA,1,NA,2.20957142733811,2.20957142733811
2022,"CSEO","yelloweye","private",0.2,"Southeast",NA,NA,NA,NA,NA,NA,NA,NA,NA,NA,NA,NA,1,NA,2.20957142733811,2.20957142733811
2023,"CSEO","yelloweye","private",0.2,"Southeast",NA,NA,NA,NA,NA,NA,NA,NA,NA,NA,NA,NA,1,NA,2.20957142733811,2.20957142733811
2024,"CSEO","yelloweye","private",0.2,"Southeast",NA,NA,NA,NA,NA,NA,NA,NA,NA,NA,NA,NA,1,NA,2.20957142733811,2.20957142733811
2020,"EWYKT","yelloweye","private",0.2,"Southeast",NA,NA,NA,NA,NA,NA,NA,NA,NA,NA,NA,NA,1,NA,10,10
2021,"EWYKT","yelloweye","private",0.2,"Southeast",NA,NA,NA,NA,NA,NA,NA,NA,NA,NA,NA,NA,1,NA,10,10
2022,"EWYKT","yelloweye","private",0.2,"Southeast",NA,NA,NA,NA,NA,NA,NA,NA,NA,NA,NA,NA,1,NA,10,10
2023,"EWYKT","yelloweye","private",0.2,"Southeast",NA,NA,NA,NA,NA,NA,NA,NA,NA,NA,NA,NA,1,NA,10,10
2024,"EWYKT","yelloweye","private",0.2,"Southeast",NA,NA,NA,NA,NA,NA,NA,NA,NA,NA,NA,NA,1,NA,10,10
2020,"NSEI","yelloweye","private",0.2,"Southeast",NA,NA,NA,NA,NA,NA,NA,NA,NA,NA,NA,NA,1,NA,1.96461727355971,1.96461727355971
2021,"NSEI","yelloweye","private",0.2,"Southeast",NA,NA,NA,NA,NA,NA,NA,NA,NA,NA,NA,NA,1,NA,1.96461727355971,1.96461727355971
2022,"NSEI","yelloweye","private",0.2,"Southeast",NA,NA,NA,NA,NA,NA,NA,NA,NA,NA,NA,NA,1,NA,1.96461727355971,1.96461727355971
2023,"NSEI","yelloweye","private",0.2,"Southeast",NA,NA,NA,NA,NA,NA,NA,NA,NA,NA,NA,NA,1,NA,1.96461727355971,1.96461727355971
2024,"NSEI","yelloweye","private",0.2,"Southeast",NA,NA,NA,NA,NA,NA,NA,NA,NA,NA,NA,NA,1,NA,1.96461727355971,1.96461727355971
2020,"NSEO","yelloweye","private",0.2,"Southeast",NA,NA,NA,NA,NA,NA,NA,NA,NA,NA,NA,NA,1,NA,1.84722238044031,1.84722238044031
2021,"NSEO","yelloweye","private",0.2,"Southeast",NA,NA,NA,NA,NA,NA,NA,NA,NA,NA,NA,NA,1,NA,1.84722238044031,1.84722238044031
2022,"NSEO","yelloweye","private",0.2,"Southeast",NA,NA,NA,NA,NA,NA,NA,NA,NA,NA,NA,NA,1,NA,1.84722238044031,1.84722238044031
2023,"NSEO","yelloweye","private",0.2,"Southeast",NA,NA,NA,NA,NA,NA,NA,NA,NA,NA,NA,NA,1,NA,1.84722238044031,1.84722238044031
2024,"NSEO","yelloweye","private",0.2,"Southeast",NA,NA,NA,NA,NA,NA,NA,NA,NA,NA,NA,NA,1,NA,1.84722238044031,1.84722238044031
2020,"SSEI","yelloweye","private",0.2,"Southeast",NA,NA,NA,NA,NA,NA,NA,NA,NA,NA,NA,NA,1,NA,1.98592020709426,1.98592020709426
2021,"SSEI","yelloweye","private",0.2,"Southeast",NA,NA,NA,NA,NA,NA,NA,NA,NA,NA,NA,NA,1,NA,1.98592020709426,1.98592020709426
2022,"SSEI","yelloweye","private",0.2,"Southeast",12,6,2,2.32366724591667,1.61669331886835,0.450399127061089,193.066666666667,112,1.68733486463908,6,5.12280937170099,3.56419866038004,0.695750788633497,0.992960103547131,1.98592020709426,0.992960103547131
2023,"SSEI","yelloweye","private",0.2,"Southeast",NA,NA,NA,NA,NA,NA,NA,NA,NA,NA,NA,NA,1,NA,1.98592020709426,1.98592020709426
2024,"SSEI","yelloweye","private",0.2,"Southeast",NA,NA,NA,NA,NA,NA,NA,NA,NA,NA,NA,NA,1,NA,1.98592020709426,1.98592020709426
2020,"SSEO","yelloweye","private",0.2,"Southeast",NA,NA,NA,NA,NA,NA,NA,NA,NA,NA,NA,NA,1,NA,2.88884033557264,2.88884033557264
2021,"SSEO","yelloweye","private",0.2,"Southeast",NA,NA,NA,NA,NA,NA,NA,NA,NA,NA,NA,NA,1,NA,2.88884033557264,2.88884033557264
2022,"SSEO","yelloweye","private",0.2,"Southeast",NA,NA,NA,NA,NA,NA,NA,NA,NA,NA,NA,NA,1,NA,2.88884033557264,2.88884033557264
2023,"SSEO","yelloweye","private",0.2,"Southeast",NA,NA,NA,NA,NA,NA,NA,NA,NA,NA,NA,NA,1,NA,2.88884033557264,2.88884033557264
2024,"SSEO","yelloweye","private",0.2,"Southeast",NA,NA,NA,NA,NA,NA,NA,NA,NA,NA,NA,NA,1,NA,2.88884033557264,2.88884033557264
2020,"CSEO","pelnbrf","charter",0.15,"Southeast",21,13,1.61538461538462,1.03564442347619,0.366414952768664,0.0788188177969006,92.7333333333333,47.6,1.84126155247548,13,2.28320512227247,0.807806693180028,0.353803819595508,0.173765748596706,0.787814523130643,0.173765748596706
2021,"CSEO","pelnbrf","charter",0.15,"Southeast",14,8,1.75,0.857536184071429,0.419088883712324,0.109299778027613,92.7333333333333,47.6,1.84126155247548,8,1.89054366887236,0.923932832822739,0.488712769789567,0.240964763000655,0.787814523130643,0.240964763000655
2022,"CSEO","pelnbrf","charter",0.15,"Southeast",65,38,1.71052631578947,0.937077790261538,0.419069760824784,0.0501744511851283,92.7333333333333,47.6,1.84126155247548,38,2.0659028931102,0.923890674072309,0.447209148674649,0.11061573002882,0.787814523130643,0.11061573002882
2023,"CSEO","pelnbrf","charter",0.15,"Southeast",45,23,1.95652173913043,0.997884187688889,0.473306580099333,0.0708569740750861,92.7333333333333,47.6,1.84126155247548,23,2.19995805231925,1.04346239268183,0.474310131314453,0.156212887830688,0.787814523130643,0.156212887830688
2024,"CSEO","pelnbrf","charter",0.15,"Southeast",14,9,1.55555555555556,0.892911618428571,0.45814672489618,0.117784354557034,92.7333333333333,47.6,1.84126155247548,9,1.96853315164844,1.01004063298504,0.513093026723596,0.259670052338537,0.787814523130643,0.259670052338537
2020,"EWYKT","pelnbrf","charter",0.15,"Southeast",15,5,3,0.937522458466667,0.304880344624312,0.0759162329068876,27.9333333333333,12.3333333333333,2.18863487779277,5,2.06688321869362,0.672146104152154,0.325197910589735,0.167366644291713,0.660474193701001,0.167366644291713
2021,"EWYKT","pelnbrf","charter",0.15,"Southeast",15,6,2.5,0.787088348066667,0.182157738934561,0.0470039790847118,27.9333333333333,12.3333333333333,2.18863487779277,6,1.73523277608621,0.401589071663188,0.23143239177914,0.103626035520163,0.660474193701001,0.103626035520163
2022,"EWYKT","pelnbrf","charter",0.15,"Southeast",23,13,1.76923076923077,1.06234413695652,0.301549651015307,0.061674586200937,27.9333333333333,12.3333333333333,2.18863487779277,13,2.34206791455872,0.664803181681452,0.283853075971416,0.135969187817726,0.660474193701001,0.135969187817726
2023,"EWYKT","pelnbrf","charter",0.15,"Southeast",55,19,2.89473684210526,1.17446535574545,0.322102246932106,0.0426632288470103,27.9333333333333,12.3333333333333,2.18863487779277,19,2.58925288968277,0.710113899539346,0.274254362086026,0.0940563193583554,0.660474193701001,0.0940563193583554
2024,"EWYKT","pelnbrf","charter",0.15,"Southeast",60,24,2.5,1.02952550648333,0.242871648465519,0.0311188172248948,27.9333333333333,12.3333333333333,2.18863487779277,24,2.26971521946011,0.535440329963771,0.235906392737295,0.0686052483616487,0.660474193701001,0.0686052483616487
2020,"NSEI","pelnbrf","charter",0.15,"Southeast",67,15,4.46666666666667,0.952060077850746,0.381630847870172,0.0460888970861071,274,62.6,4.02240094844948,15,2.09893318322872,0.84135199970436,0.400847443085414,0.101608625046884,0.709179240583596,0.101608625046884
2021,"NSEI","pelnbrf","charter",0.15,"Southeast",304,53,5.73584905660377,0.855369160325658,0.30056712417848,0.0171266207317479,274,62.6,4.02240094844948,53,1.88576619930435,0.662637080792226,0.351388778225354,0.0377577354693724,0.709179240583596,0.0377577354693724
2022,"NSEI","pelnbrf","charter",0.15,"Southeast",454,91,4.98901098901099,0.942729495698238,0.279919968257268,0.0132800615796008,274,62.6,4.02240094844948,91,2.07836277075753,0.617117893809655,0.296925013521449,0.0292775241533809,0.709179240583596,0.0292775241533809
2023,"NSEI","pelnbrf","charter",0.15,"Southeast",379,77,4.92207792207792,0.943827542585752,0.299954008100145,0.015233017604835,274,62.6,4.02240094844948,77,2.08078354976356,0.661285391217243,0.317805949250408,0.0335830551824775,0.709179240583596,0.0335830551824775
2024,"NSEI","pelnbrf","charter",0.15,"Southeast",364,76,4.78947368421053,1.04680597950549,0.294488199748207,0.0155857873997153,274,62.6,4.02240094844948,76,2.30781214116906,0.649235346487975,0.281320708434741,0.0343607794519233,0.709179240583596,0.0343607794519233
2020,"NSEO","pelnbrf","charter",0.15,"Southeast",NA,NA,NA,NA,NA,NA,NA,NA,NA,NA,NA,NA,1,NA,0.606069644602426,0.606069644602426
2021,"NSEO","pelnbrf","charter",0.15,"Southeast",NA,NA,NA,NA,NA,NA,NA,NA,NA,NA,NA,NA,1,NA,0.606069644602426,0.606069644602426
2022,"NSEO","pelnbrf","charter",0.15,"Southeast",73,34,2.14705882352941,0.881361678767123,0.330756549268417,0.0400162990848951,58.5714285714286,29.1428571428571,2.12200803051883,34,1.94306989341117,0.729193370230297,0.375279022490619,0.088220838131245,0.606069644602426,0.088220838131245
2023,"NSEO","pelnbrf","charter",0.15,"Southeast",17,8,2.125,0.897632433647059,0.403903593855897,0.0965521344677431,58.5714285714286,29.1428571428571,2.12200803051883,8,1.97894076766396,0.890454999314004,0.449965463274145,0.212861019656868,0.606069644602426,0.212861019656868
2024,"NSEO","pelnbrf","charter",0.15,"Southeast",12,6,2,1.0146504345,0.313222058120607,0.0833621812289242,58.5714285714286,29.1428571428571,2.12200803051883,6,2.23692129929153,0.690536434415645,0.30869947665765,0.183782150389826,0.606069644602426,0.183782150389826
2020,"SSEI","pelnbrf","charter",0.15,"Southeast",270,79,3.41772151898734,0.994774044637037,0.359951628884711,0.0221826377580512,235.4,75.6666666666667,2.94853585603028,79,2.1931013605957,0.793557503145079,0.361842602172081,0.0489043449726658,0.909697238505081,0.0489043449726658
2021,"SSEI","pelnbrf","charter",0.15,"Southeast",563,114,4.93859649122807,0.806303603863233,0.347252798626173,0.0147935454000276,235.4,75.6666666666667,2.94853585603028,114,1.7775951636644,0.765561374709566,0.430672512143546,0.0326141848188978,0.909697238505081,0.0326141848188978
2022,"SSEI","pelnbrf","charter",0.15,"Southeast",222,86,2.58139534883721,0.906268750891892,0.371770650591178,0.0243853044915692,235.4,75.6666666666667,2.94853585603028,86,1.99798058801541,0.819613985745427,0.41022119567215,0.0537603938777011,0.909697238505081,0.0537603938777011
2023,"SSEI","pelnbrf","charter",0.15,"Southeast",328,85,3.85882352941176,0.883435748408537,0.328680832440009,0.0182844107141562,235.4,75.6666666666667,2.94853585603028,85,1.94764243425809,0.724617197957674,0.372048372541082,0.0403102254537991,0.909697238505081,0.0403102254537991
2024,"SSEI","pelnbrf","charter",0.15,"Southeast",373,92,4.05434782608696,0.928682550018767,0.412848501739592,0.0203813873977447,235.4,75.6666666666667,2.94853585603028,92,2.04739455657066,0.910175145568214,0.444552879486375,0.0449332676840509,0.909697238505081,0.0449332676840509
2020,"SSEO","pelnbrf","charter",0.15,"Southeast",16,9,1.77777777777778,1.2483677035,0.623119326253747,0.151193061714473,36.3333333333333,18.3333333333333,2.11712233157419,9,2.75217967721355,1.37374296161817,0.499147266071312,0.333323643842783,0.756455189372288,0.333323643842783
2021,"SSEO","pelnbrf","charter",0.15,"Southeast",47,20,2.35,0.919397228340425,0.437448964437725,0.0637908575035331,36.3333333333333,18.3333333333333,2.11712233157419,20,2.02692392636461,0.964409882094984,0.475799742432714,0.140634767401486,0.756455189372288,0.140634767401486
2022,"SSEO","pelnbrf","charter",0.15,"Southeast",16,8,2,0.8374647695625,0.338988323895799,0.0833022337877444,36.3333333333333,18.3333333333333,2.11712233157419,8,1.84629377443057,0.747341326776565,0.404779205306618,0.18364998890499,0.756455189372288,0.18364998890499
2023,"SSEO","pelnbrf","charter",0.15,"Southeast",37,21,1.76190476190476,0.903628574648649,0.307203388678068,0.0499174857723725,36.3333333333333,18.3333333333333,2.11712233157419,21,1.99215999574877,0.677267539620321,0.339966438973574,0.110049218267301,0.756455189372288,0.110049218267301
2024,"SSEO","pelnbrf","charter",0.15,"Southeast",94,41,2.29268292682927,0.852710804648936,0.374510842730474,0.0391637578783237,36.3333333333333,18.3333333333333,2.11712233157419,41,1.87990552824745,0.825655075318866,0.439200301777179,0.0863413065027556,0.756455189372288,0.0863413065027556
2020,"CSEO","pelnbrf","private",0.15,"Southeast",NA,NA,NA,NA,NA,NA,NA,NA,NA,NA,NA,NA,1,NA,0.76472354077977,0.76472354077977
2021,"CSEO","pelnbrf","private",0.15,"Southeast",NA,NA,NA,NA,NA,NA,NA,NA,NA,NA,NA,NA,1,NA,0.76472354077977,0.76472354077977
2022,"CSEO","pelnbrf","private",0.15,"Southeast",NA,NA,NA,NA,NA,NA,NA,NA,NA,NA,NA,NA,1,NA,0.76472354077977,0.76472354077977
2023,"CSEO","pelnbrf","private",0.15,"Southeast",NA,NA,NA,NA,NA,NA,NA,NA,NA,NA,NA,NA,1,NA,0.76472354077977,0.76472354077977
2024,"CSEO","pelnbrf","private",0.15,"Southeast",NA,NA,NA,NA,NA,NA,NA,NA,NA,NA,NA,NA,1,NA,0.76472354077977,0.76472354077977
2020,"EWYKT","pelnbrf","private",0.15,"Southeast",NA,NA,NA,NA,NA,NA,NA,NA,NA,NA,NA,NA,1,NA,10,10
2021,"EWYKT","pelnbrf","private",0.15,"Southeast",NA,NA,NA,NA,NA,NA,NA,NA,NA,NA,NA,NA,1,NA,10,10
2022,"EWYKT","pelnbrf","private",0.15,"Southeast",NA,NA,NA,NA,NA,NA,NA,NA,NA,NA,NA,NA,1,NA,10,10
2023,"EWYKT","pelnbrf","private",0.15,"Southeast",NA,NA,NA,NA,NA,NA,NA,NA,NA,NA,NA,NA,1,NA,10,10
2024,"EWYKT","pelnbrf","private",0.15,"Southeast",NA,NA,NA,NA,NA,NA,NA,NA,NA,NA,NA,NA,1,NA,10,10
2020,"NSEI","pelnbrf","private",0.15,"Southeast",150,59,2.54237288135593,1.06139356740667,0.326830518792802,0.0258321456299618,232.533333333333,96.8666666666667,2.42527739995474,59,2.33997226742724,0.720537954636946,0.307925852227798,0.0569501325789479,0.471333179586727,0.0569501325789479
2021,"NSEI","pelnbrf","private",0.15,"Southeast",212,72,2.94444444444444,1.0177565989434,0.268297021831773,0.0183315413155937,232.533333333333,96.8666666666667,2.42527739995474,72,2.24376921968489,0.591493683208961,0.263616096530654,0.0404141306438224,0.471333179586727,0.0404141306438224
2022,"NSEI","pelnbrf","private",0.15,"Southeast",279,95,2.93684210526316,0.973541629426523,0.308985720290774,0.0179465911283261,232.533333333333,96.8666666666667,2.42527739995474,95,2.14629189774537,0.681196908210033,0.31738316159401,0.039565460753399,0.471333179586727,0.039565460753399
2023,"NSEI","pelnbrf","private",0.15,"Southeast",321,109,2.94495412844037,0.969535520520249,0.328248245504167,0.0184282834853117,232.533333333333,96.8666666666667,2.42527739995474,109,2.13745993943242,0.7236635070138,0.338562371936647,0.0406274106194906,0.471333179586727,0.0406274106194906
2024,"NSEI","pelnbrf","private",0.15,"Southeast",322,130,2.47692307692308,0.995107495279503,0.314628007197197,0.0176489980235818,232.533333333333,96.8666666666667,2.42527739995474,130,2.19383649342474,0.693636021552463,0.316174894360358,0.0389093802631237,0.471333179586727,0.0389093802631237
2020,"NSEO","pelnbrf","private",0.15,"Southeast",NA,NA,NA,NA,NA,NA,NA,NA,NA,NA,NA,NA,1,NA,0.323189468944365,0.323189468944365
2021,"NSEO","pelnbrf","private",0.15,"Southeast",NA,NA,NA,NA,NA,NA,NA,NA,NA,NA,NA,NA,1,NA,0.323189468944365,0.323189468944365
2022,"NSEO","pelnbrf","private",0.15,"Southeast",NA,NA,NA,NA,NA,NA,NA,NA,NA,NA,NA,NA,1,NA,0.323189468944365,0.323189468944365
2023,"NSEO","pelnbrf","private",0.15,"Southeast",20,5,4,0.98871522525,0.33638153126134,0.073298138650225,14,6.91666666666667,1.88877314814815,5,2.17974395032455,0.741594332768987,0.340220846883677,0.161594734472182,0.323189468944365,0.161594734472182
2024,"NSEO","pelnbrf","private",0.15,"Southeast",NA,NA,NA,NA,NA,NA,NA,NA,NA,NA,NA,NA,1,NA,0.323189468944365,0.323189468944365
2020,"SSEI","pelnbrf","private",0.15,"Southeast",162,61,2.65573770491803,0.834260298135802,0.328172108058113,0.0253191577212288,119.466666666667,50.6,2.34803341297204,61,1.83922912423813,0.723495652678,0.393368962650423,0.0558191878315687,1.0344366668207,0.0558191878315687
2021,"SSEI","pelnbrf","private",0.15,"Southeast",159,65,2.44615384615385,0.843995656314465,0.370349043823493,0.0304016337254417,119.466666666667,50.6,2.34803341297204,65,1.86069191509262,0.816479879308644,0.438804442952612,0.0670241293960636,1.0344366668207,0.0670241293960636
2022,"SSEI","pelnbrf","private",0.15,"Southeast",68,38,1.78947368421053,0.824961442970588,0.342953997372907,0.0402366042578928,119.466666666667,50.6,2.34803341297204,38,1.8187286578008,0.756084140227731,0.415721244059565,0.0887065278989388,1.0344366668207,0.0887065278989388
2023,"SSEI","pelnbrf","private",0.15,"Southeast",94,38,2.47368421052632,0.934548529361702,0.336975665078193,0.0337575570680665,119.466666666667,50.6,2.34803341297204,38,2.06032682731854,0.742904173620928,0.360575887170191,0.0744226739082003,1.0344366668207,0.0744226739082003
2024,"SSEI","pelnbrf","private",0.15,"Southeast",195,69,2.82608695652174,0.83377862085641,0.317554378681322,0.0221894614728353,119.466666666667,50.6,2.34803341297204,69,1.83816720761245,0.700087566320888,0.380861742839062,0.0489193886886312,1.0344366668207,0.0489193886886312
2020,"SSEO","pelnbrf","private",0.15,"Southeast",NA,NA,NA,NA,NA,NA,NA,NA,NA,NA,NA,NA,1,NA,0.904973964793635,0.904973964793635
2021,"SSEO","pelnbrf","private",0.15,"Southeast",NA,NA,NA,NA,NA,NA,NA,NA,NA,NA,NA,NA,1,NA,0.904973964793635,0.904973964793635
2022,"SSEO","pelnbrf","private",0.15,"Southeast",NA,NA,NA,NA,NA,NA,NA,NA,NA,NA,NA,NA,1,NA,0.904973964793635,0.904973964793635
2023,"SSEO","pelnbrf","private",0.15,"Southeast",NA,NA,NA,NA,NA,NA,NA,NA,NA,NA,NA,NA,1,NA,0.904973964793635,0.904973964793635
2024,"SSEO","pelnbrf","private",0.15,"Southeast",13,6,2.16666666666667,0.752371329538462,0.145412001633865,0.0374788400915044,8.61538461538461,5.30769230769231,1.66373626373626,6,1.65869485173997,0.320578588021496,0.193271588011025,0.0826266986370935,0.904973964793635,0.0826266986370935
2020,"CSEO","dsrlessye","charter",0.2,"Southeast",NA,NA,NA,NA,NA,NA,NA,NA,NA,NA,NA,NA,1,NA,0.438413971483126,0.438413971483126
2021,"CSEO","dsrlessye","charter",0.2,"Southeast",NA,NA,NA,NA,NA,NA,NA,NA,NA,NA,NA,NA,1,NA,0.438413971483126,0.438413971483126
2022,"CSEO","dsrlessye","charter",0.2,"Southeast",NA,NA,NA,NA,NA,NA,NA,NA,NA,NA,NA,NA,1,NA,0.438413971483126,0.438413971483126
2023,"CSEO","dsrlessye","charter",0.2,"Southeast",NA,NA,NA,NA,NA,NA,NA,NA,NA,NA,NA,NA,1,NA,0.438413971483126,0.438413971483126
2024,"CSEO","dsrlessye","charter",0.2,"Southeast",NA,NA,NA,NA,NA,NA,NA,NA,NA,NA,NA,NA,1,NA,0.438413971483126,0.438413971483126
2020,"EWYKT","dsrlessye","charter",0.2,"Southeast",NA,NA,NA,NA,NA,NA,NA,NA,NA,NA,NA,NA,1,NA,0.401492127682297,0.401492127682297
2021,"EWYKT","dsrlessye","charter",0.2,"Southeast",NA,NA,NA,NA,NA,NA,NA,NA,NA,NA,NA,NA,1,NA,0.401492127682297,0.401492127682297
2022,"EWYKT","dsrlessye","charter",0.2,"Southeast",NA,NA,NA,NA,NA,NA,NA,NA,NA,NA,NA,NA,1,NA,0.401492127682297,0.401492127682297
2023,"EWYKT","dsrlessye","charter",0.2,"Southeast",NA,NA,NA,NA,NA,NA,NA,NA,NA,NA,NA,NA,1,NA,0.401492127682297,0.401492127682297
2024,"EWYKT","dsrlessye","charter",0.2,"Southeast",11,8,1.375,1.51942920572727,0.32802690853277,0.0910568829422374,116.846153846154,59.6923076923077,1.78738671882022,8,3.34976799643497,0.723175542520016,0.215888247571075,0.200746063841149,0.401492127682297,0.200746063841149
2020,"NSEI","dsrlessye","charter",0.2,"Southeast",NA,NA,NA,NA,NA,NA,NA,NA,NA,NA,NA,NA,1,NA,0.285683728505837,0.285683728505837
2021,"NSEI","dsrlessye","charter",0.2,"Southeast",NA,NA,NA,NA,NA,NA,NA,NA,NA,NA,NA,NA,1,NA,0.285683728505837,0.285683728505837
2022,"NSEI","dsrlessye","charter",0.2,"Southeast",NA,NA,NA,NA,NA,NA,NA,NA,NA,NA,NA,NA,1,NA,0.285683728505837,0.285683728505837
2023,"NSEI","dsrlessye","charter",0.2,"Southeast",NA,NA,NA,NA,NA,NA,NA,NA,NA,NA,NA,NA,1,NA,0.285683728505837,0.285683728505837
2024,"NSEI","dsrlessye","charter",0.2,"Southeast",NA,NA,NA,NA,NA,NA,NA,NA,NA,NA,NA,NA,1,NA,0.285683728505837,0.285683728505837
2020,"NSEO","dsrlessye","charter",0.2,"Southeast",NA,NA,NA,NA,NA,NA,NA,NA,NA,NA,NA,NA,1,NA,0.297324776168235,0.297324776168235
2021,"NSEO","dsrlessye","charter",0.2,"Southeast",NA,NA,NA,NA,NA,NA,NA,NA,NA,NA,NA,NA,1,NA,0.297324776168235,0.297324776168235
2022,"NSEO","dsrlessye","charter",0.2,"Southeast",NA,NA,NA,NA,NA,NA,NA,NA,NA,NA,NA,NA,1,NA,0.297324776168235,0.297324776168235
2023,"NSEO","dsrlessye","charter",0.2,"Southeast",NA,NA,NA,NA,NA,NA,NA,NA,NA,NA,NA,NA,1,NA,0.297324776168235,0.297324776168235
2024,"NSEO","dsrlessye","charter",0.2,"Southeast",NA,NA,NA,NA,NA,NA,NA,NA,NA,NA,NA,NA,1,NA,0.297324776168235,0.297324776168235
2020,"SSEI","dsrlessye","charter",0.2,"Southeast",NA,NA,NA,NA,NA,NA,NA,NA,NA,NA,NA,NA,1,NA,0.538243586246082,0.538243586246082
2021,"SSEI","dsrlessye","charter",0.2,"Southeast",NA,NA,NA,NA,NA,NA,NA,NA,NA,NA,NA,NA,1,NA,0.538243586246082,0.538243586246082
2022,"SSEI","dsrlessye","charter",0.2,"Southeast",NA,NA,NA,NA,NA,NA,NA,NA,NA,NA,NA,NA,1,NA,0.538243586246082,0.538243586246082
2023,"SSEI","dsrlessye","charter",0.2,"Southeast",10,6,1.66666666666667,1.1898511247,0.398000198818646,0.122071592063698,418.357142857143,150.214285714286,2.49380438643985,6,2.62317270394606,0.877440241080084,0.33449579578201,0.269121793123041,0.538243586246082,0.269121793123041
2024,"SSEI","dsrlessye","charter",0.2,"Southeast",NA,NA,NA,NA,NA,NA,NA,NA,NA,NA,NA,NA,1,NA,0.538243586246082,0.538243586246082
2020,"SSEO","dsrlessye","charter",0.2,"Southeast",NA,NA,NA,NA,NA,NA,NA,NA,NA,NA,NA,NA,1,NA,0.181111776645985,0.181111776645985
2021,"SSEO","dsrlessye","charter",0.2,"Southeast",NA,NA,NA,NA,NA,NA,NA,NA,NA,NA,NA,NA,1,NA,0.181111776645985,0.181111776645985
2022,"SSEO","dsrlessye","charter",0.2,"Southeast",NA,NA,NA,NA,NA,NA,NA,NA,NA,NA,NA,NA,1,NA,0.181111776645985,0.181111776645985
2023,"SSEO","dsrlessye","charter",0.2,"Southeast",NA,NA,NA,NA,NA,NA,NA,NA,NA,NA,NA,NA,1,NA,0.181111776645985,0.181111776645985
2024,"SSEO","dsrlessye","charter",0.2,"Southeast",NA,NA,NA,NA,NA,NA,NA,NA,NA,NA,NA,NA,1,NA,0.181111776645985,0.181111776645985
2020,"CSEO","dsrlessye","private",0.2,"Southeast",NA,NA,NA,NA,NA,NA,NA,NA,NA,NA,NA,NA,1,NA,0.447987071460733,0.447987071460733
2021,"CSEO","dsrlessye","private",0.2,"Southeast",NA,NA,NA,NA,NA,NA,NA,NA,NA,NA,NA,NA,1,NA,0.447987071460733,0.447987071460733
2022,"CSEO","dsrlessye","private",0.2,"Southeast",15,11,1.36363636363636,1.0241996952,0.396748259591856,0.101601758821819,89.5714285714286,43,1.8457825576957,11,2.25797381543503,0.874680187541838,0.387373928591515,0.223993535730367,0.447987071460733,0.223993535730367
2023,"CSEO","dsrlessye","private",0.2,"Southeast",NA,NA,NA,NA,NA,NA,NA,NA,NA,NA,NA,NA,1,NA,0.447987071460733,0.447987071460733
2024,"CSEO","dsrlessye","private",0.2,"Southeast",NA,NA,NA,NA,NA,NA,NA,NA,NA,NA,NA,NA,1,NA,0.447987071460733,0.447987071460733
2020,"EWYKT","dsrlessye","private",0.2,"Southeast",NA,NA,NA,NA,NA,NA,NA,NA,NA,NA,NA,NA,1,NA,0.787276473379588,0.787276473379588
2021,"EWYKT","dsrlessye","private",0.2,"Southeast",NA,NA,NA,NA,NA,NA,NA,NA,NA,NA,NA,NA,1,NA,0.787276473379588,0.787276473379588
2022,"EWYKT","dsrlessye","private",0.2,"Southeast",NA,NA,NA,NA,NA,NA,NA,NA,NA,NA,NA,NA,1,NA,0.787276473379588,0.787276473379588
2023,"EWYKT","dsrlessye","private",0.2,"Southeast",13,8,1.625,1.29117925515385,0.361819658953425,0.0903824985338608,15.6666666666667,8.2,1.60746812355171,8,2.84656299238693,0.797675804489406,0.28022418847669,0.199259300719866,0.787276473379588,0.199259300719866
2024,"EWYKT","dsrlessye","private",0.2,"Southeast",16,9,1.77777777777778,1.329833188875,0.445704963641848,0.106835223215974,15.6666666666667,8.2,1.60746812355171,9,2.93178032902056,0.982611244691096,0.335158550238095,0.235531349714685,0.787276473379588,0.235531349714685
2020,"NSEI","dsrlessye","private",0.2,"Southeast",18,15,1.2,0.975554883277778,0.372889009498346,0.0860054046034978,148.266666666667,87.6666666666667,1.63882055567949,15,2.15073036272565,0.822079545089448,0.38223273327839,0.189609460431123,0.413406845362261,0.189609460431123
2021,"NSEI","dsrlessye","private",0.2,"Southeast",10,7,1.42857142857143,1.1156014049,0.311946038558181,0.0937590954596712,148.266666666667,87.6666666666667,1.63882055567949,7,2.45948009214632,0.687723292824758,0.27962141064724,0.20670342268113,0.413406845362261,0.20670342268113
2022,"NSEI","dsrlessye","private",0.2,"Southeast",66,46,1.43478260869565,1.11017800127273,0.325826872874346,0.0391511819509209,148.266666666667,87.6666666666667,1.63882055567949,46,2.44752353383225,0.718325294142648,0.293490658705912,0.0863135813287359,0.413406845362261,0.0863135813287359
2023,"NSEI","dsrlessye","private",0.2,"Southeast",74,51,1.45098039215686,0.998156553324324,0.297348828650444,0.0330557984258707,148.266666666667,87.6666666666667,1.63882055567949,51,2.20055851576004,0.655541953673273,0.29789798770557,0.0728755609318349,0.413406845362261,0.0728755609318349
2024,"NSEI","dsrlessye","private",0.2,"Southeast",93,66,1.40909090909091,0.951092715763441,0.258201462622086,0.02752527906794,148.266666666667,87.6666666666667,1.63882055567949,66,2.09680051488931,0.569236785013735,0.271478751064588,0.060682852854993,0.413406845362261,0.060682852854993
2020,"NSEO","dsrlessye","private",0.2,"Southeast",NA,NA,NA,NA,NA,NA,NA,NA,NA,NA,NA,NA,1,NA,0.607125573149973,0.607125573149973
2021,"NSEO","dsrlessye","private",0.2,"Southeast",NA,NA,NA,NA,NA,NA,NA,NA,NA,NA,NA,NA,1,NA,0.607125573149973,0.607125573149973
2022,"NSEO","dsrlessye","private",0.2,"Southeast",NA,NA,NA,NA,NA,NA,NA,NA,NA,NA,NA,NA,1,NA,0.607125573149973,0.607125573149973
2023,"NSEO","dsrlessye","private",0.2,"Southeast",NA,NA,NA,NA,NA,NA,NA,NA,NA,NA,NA,NA,1,NA,0.607125573149973,0.607125573149973
2024,"NSEO","dsrlessye","private",0.2,"Southeast",NA,NA,NA,NA,NA,NA,NA,NA,NA,NA,NA,NA,1,NA,0.607125573149973,0.607125573149973
2020,"SSEI","dsrlessye","private",0.2,"Southeast",18,11,1.63636363636364,0.687418793444444,0.281059053639098,0.06459758950976,400.733333333333,172.6,2.12773973186714,11,1.51549902144073,0.619629147208549,0.408861463083949,0.142413307030692,0.284826614061383,0.142413307030692
2021,"SSEI","dsrlessye","private",0.2,"Southeast",34,20,1.7,0.865797996647059,0.318490403028579,0.0558481372086921,400.733333333333,172.6,2.12773973186714,20,1.90875784775879,0.702151146769722,0.367857634531362,0.123124066575146,0.284826614061383,0.123124066575146
2022,"SSEI","dsrlessye","private",0.2,"Southeast",101,63,1.6031746031746,0.992272789722772,0.418848149697409,0.0418329574317301,400.733333333333,172.6,2.12773973186714,63,2.18758703743333,0.923402105168054,0.422109881511948,0.0922258842154893,0.284826614061383,0.0922258842154893
2023,"SSEI","dsrlessye","private",0.2,"Southeast",95,59,1.61016949152542,1.1605423966,0.404310077014182,0.0403238302344379,400.733333333333,172.6,2.12773973186714,59,2.55855801901337,0.891351141279408,0.348380273050493,0.0888988282598817,0.284826614061383,0.0888988282598817
2024,"SSEI","dsrlessye","private",0.2,"Southeast",164,91,1.8021978021978,1.02698419706098,0.427438984246431,0.0330321558413449,400.733333333333,172.6,2.12773973186714,91,2.26411259122317,0.942341653339505,0.416207946986599,0.0728234379551941,0.284826614061383,0.0728234379551941
2020,"SSEO","dsrlessye","private",0.2,"Southeast",NA,NA,NA,NA,NA,NA,NA,NA,NA,NA,NA,NA,1,NA,0.695569555799557,0.695569555799557
2021,"SSEO","dsrlessye","private",0.2,"Southeast",NA,NA,NA,NA,NA,NA,NA,NA,NA,NA,NA,NA,1,NA,0.695569555799557,0.695569555799557
2022,"SSEO","dsrlessye","private",0.2,"Southeast",NA,NA,NA,NA,NA,NA,NA,NA,NA,NA,NA,NA,1,NA,0.695569555799557,0.695569555799557
2023,"SSEO","dsrlessye","private",0.2,"Southeast",NA,NA,NA,NA,NA,NA,NA,NA,NA,NA,NA,NA,1,NA,0.695569555799557,0.695569555799557
2024,"SSEO","dsrlessye","private",0.2,"Southeast",13,8,1.625,0.985936054923077,0.322393302797833,0.0895827613297071,42.8571428571429,21,1.81864959497312,8,2.17361692855698,0.710755567884612,0.326992101757539,0.197496181989534,0.695569555799557,0.197496181989534
2020,"CSEO","slope","charter",0.2,"Southeast",101,57,1.7719298245614,2.73498968622772,2.44824374242223,0.239153563720852,231.133333333333,114.2,2.03106810312452,57,6.02962012772433,5.3974535338175,0.89515648075405,0.527243356232602,1.7231188831473,0.527243356232602
2021,"CSEO","slope","charter",0.2,"Southeast",131,45,2.91111111111111,4.11837441096183,3.04438979678694,0.27937736788137,231.133333333333,114.2,2.03106810312452,45,9.07946138403563,6.71173061009369,0.73922122978516,0.61592166474733,1.7231188831473,0.61592166474733
2022,"CSEO","slope","charter",0.2,"Southeast",236,121,1.9504132231405,3.37929455518644,3.27475970800245,0.211262640929045,231.133333333333,114.2,2.03106810312452,121,7.45006921600686,7.2196093273268,0.96906607415339,0.46575439695311,1.7231188831473,0.46575439695311
2023,"CSEO","slope","charter",0.2,"Southeast",275,121,2.27272727272727,3.47700718180727,3.00403061296786,0.184310335681451,231.133333333333,114.2,2.03106810312452,121,7.66548868291476,6.62275384052141,0.863970206528717,0.40633473514312,1.7231188831473,0.40633473514312
2024,"CSEO","slope","charter",0.2,"Southeast",234,90,2.6,2.97171323244444,2.66916575912097,0.169205436939294,231.133333333333,114.2,2.03106810312452,90,6.55150621240033,5.88450320908756,0.898190892034827,0.373034133703351,1.7231188831473,0.373034133703351
2020,"EWYKT","slope","charter",0.2,"Southeast",NA,NA,NA,NA,NA,NA,NA,NA,NA,NA,NA,NA,1,NA,10,10
2021,"EWYKT","slope","charter",0.2,"Southeast",NA,NA,NA,NA,NA,NA,NA,NA,NA,NA,NA,NA,1,NA,10,10
2022,"EWYKT","slope","charter",0.2,"Southeast",NA,NA,NA,NA,NA,NA,NA,NA,NA,NA,NA,NA,1,NA,10,10
2023,"EWYKT","slope","charter",0.2,"Southeast",NA,NA,NA,NA,NA,NA,NA,NA,NA,NA,NA,NA,1,NA,10,10
2024,"EWYKT","slope","charter",0.2,"Southeast",NA,NA,NA,NA,NA,NA,NA,NA,NA,NA,NA,NA,1,NA,10,10
2020,"NSEI","slope","charter",0.2,"Southeast",NA,NA,NA,NA,NA,NA,NA,NA,NA,NA,NA,NA,1,NA,2.49696544727264,2.49696544727264
2021,"NSEI","slope","charter",0.2,"Southeast",99,50,1.98,1.26393288565657,0.691632834480827,0.067058080300996,74.2666666666667,40.2,2.06879845470816,50,2.78649502988035,1.52478939163115,0.547206930312243,0.147837760685352,2.49696544727264,0.147837760685352
2022,"NSEI","slope","charter",0.2,"Southeast",81,51,1.58823529411765,1.35052334569136,0.729216430448267,0.0792906551841665,74.2666666666667,40.2,2.06879845470816,51,2.97739431674925,1.60764703744191,0.539950999569701,0.174805971973634,2.49696544727264,0.174805971973634
2023,"NSEI","slope","charter",0.2,"Southeast",62,39,1.58974358974359,1.18415800925806,1.45988844607604,0.181623960068434,74.2666666666667,40.2,2.06879845470816,39,2.61062153286449,3.21850309089589,1.23284936187759,0.400412290700846,2.49696544727264,0.400412290700846
2024,"NSEI","slope","charter",0.2,"Southeast",77,44,1.75,1.20130484172727,0.87885047802722,0.100137157623379,74.2666666666667,40.2,2.06879845470816,44,2.64842382758746,1.93753364345662,0.731579901703871,0.220764642799007,2.49696544727264,0.220764642799007
2020,"NSEO","slope","charter",0.2,"Southeast",NA,NA,NA,NA,NA,NA,NA,NA,NA,NA,NA,NA,1,NA,3.22584867922553,3.22584867922553
2021,"NSEO","slope","charter",0.2,"Southeast",NA,NA,NA,NA,NA,NA,NA,NA,NA,NA,NA,NA,1,NA,3.22584867922553,3.22584867922553
2022,"NSEO","slope","charter",0.2,"Southeast",168,65,2.58461538461538,5.55739627909524,2.98158937615372,0.224728161861331,82.9285714285714,32.7857142857143,2.50542137383102,65,12.2519615451972,6.57327938222018,0.536508326276695,0.495440788990512,3.22584867922553,0.495440788990512
2023,"NSEO","slope","charter",0.2,"Southeast",154,48,3.20833333333333,5.0525564073961,2.69499622066412,0.214998315487995,82.9285714285714,32.7857142857143,2.50542137383102,48,11.1389801445714,5.94144962889063,0.533392604329779,0.47399014958673,3.22584867922553,0.47399014958673
2024,"NSEO","slope","charter",0.2,"Southeast",121,43,2.81395348837209,5.00734822498347,2.48642082387149,0.225526385671209,82.9285714285714,32.7857142857143,2.50542137383102,43,11.0393131630154,5.48161959114612,0.496554406075822,0.497200571257591,3.22584867922553,0.497200571257591
2020,"SSEI","slope","charter",0.2,"Southeast",66,35,1.88571428571429,1.55316606562121,0.609181404310238,0.0743859350188937,123.2,61.9333333333333,1.95660312910477,35,3.42414504088492,1.34301510362572,0.392219105087509,0.163992914952503,1.04347328541968,0.163992914952503
2021,"SSEI","slope","charter",0.2,"Southeast",87,49,1.77551020408163,1.5533833972069,1.81388770273249,0.189134298870702,123.2,61.9333333333333,1.95660312910477,49,3.42462417501478,3.99893785958388,1.16770122945436,0.41696975350819,1.04347328541968,0.41696975350819
2022,"SSEI","slope","charter",0.2,"Southeast",91,59,1.54237288135593,1.90206287706593,1.55580504843766,0.170608686768906,123.2,61.9333333333333,1.95660312910477,59,4.19333084344183,3.42996300209586,0.81795668649903,0.376127770019225,1.04347328541968,0.376127770019225
2023,"SSEI","slope","charter",0.2,"Southeast",48,25,1.92,1.475935273125,1.00878804102978,0.147091837528328,123.2,61.9333333333333,1.95660312910477,25,3.25388028878725,2.22399693403974,0.683490705452057,0.324281992232317,1.04347328541968,0.324281992232317
2024,"SSEI","slope","charter",0.2,"Southeast",123,59,2.08474576271186,1.31470506213821,0.920478027513643,0.0854105113601925,123.2,61.9333333333333,1.95660312910477,59,2.8984285186184,2.02930668066956,0.700140323500844,0.188297945330447,1.04347328541968,0.188297945330447
2020,"SSEO","slope","charter",0.2,"Southeast",29,21,1.38095238095238,1.62435297444828,0.742415334736503,0.140271889492624,67.6,45.1333333333333,1.45205046763777,21,3.58108531033296,1.63674564039497,0.457052959803068,0.309246580525579,1.56241953365501,0.309246580525579
2021,"SSEO","slope","charter",0.2,"Southeast",67,44,1.52272727272727,1.56384707201493,0.675177329635558,0.0831412496583344,67.6,45.1333333333333,1.45205046763777,44,3.44769262918488,1.48851121342575,0.431741275549168,0.183295079651831,1.56241953365501,0.183295079651831
2022,"SSEO","slope","charter",0.2,"Southeast",99,55,1.8,1.44997269787879,0.456915430062769,0.0453202840284332,67.6,45.1333333333333,1.45205046763777,55,3.19664260812601,1.00732609254341,0.315120023108852,0.0999141233139086,1.56241953365501,0.0999141233139086
2023,"SSEO","slope","charter",0.2,"Southeast",73,49,1.48979591836735,1.93636815708219,0.881999717142609,0.103972820438362,67.6,45.1333333333333,1.45205046763777,49,4.26896103975111,1.9444765272462,0.455491748259095,0.229220831803611,1.56241953365501,0.229220831803611
2024,"SSEO","slope","charter",0.2,"Southeast",115,69,1.66666666666667,1.83132198697391,0.814368534380645,0.0756759097780591,67.6,45.1333333333333,1.45205046763777,69,4.03737387698603,1.79537529191182,0.444688886046912,0.166836822485788,1.56241953365501,0.166836822485788
2020,"CSEO","slope","private",0.2,"Southeast",11,9,1.22222222222222,1.41334396972727,1.34005377982719,0.387597365730664,29.4666666666667,19.4666666666667,1.4739572262278,9,3.11589008550133,2.95431287502352,0.948144123815647,0.854505919942235,2.76356616412984,0.854505919942235
2021,"CSEO","slope","private",0.2,"Southeast",NA,NA,NA,NA,NA,NA,NA,NA,NA,NA,NA,NA,1,NA,2.76356616412984,2.76356616412984
2022,"CSEO","slope","private",0.2,"Southeast",18,12,1.5,2.36385951594444,2.64172295259419,0.617597053393017,29.4666666666667,19.4666666666667,1.4739572262278,12,5.21141815935336,5.82400217706234,1.11754651017776,1.36156843395559,2.76356616412984,1.36156843395559
2023,"CSEO","slope","private",0.2,"Southeast",19,9,2.11111111111111,3.27955578736842,2.90592344215923,0.626766263545331,29.4666666666667,19.4666666666667,1.4739572262278,9,7.23018287238433,6.4064645525725,0.886072270321402,1.38178308206492,2.76356616412984,1.38178308206492
2024,"CSEO","slope","private",0.2,"Southeast",NA,NA,NA,NA,NA,NA,NA,NA,NA,NA,NA,NA,1,NA,2.76356616412984,2.76356616412984
2020,"EWYKT","slope","private",0.2,"Southeast",NA,NA,NA,NA,NA,NA,NA,NA,NA,NA,NA,NA,1,NA,10,10
2021,"EWYKT","slope","private",0.2,"Southeast",NA,NA,NA,NA,NA,NA,NA,NA,NA,NA,NA,NA,1,NA,10,10
2022,"EWYKT","slope","private",0.2,"Southeast",NA,NA,NA,NA,NA,NA,NA,NA,NA,NA,NA,NA,1,NA,10,10
2023,"EWYKT","slope","private",0.2,"Southeast",NA,NA,NA,NA,NA,NA,NA,NA,NA,NA,NA,NA,1,NA,10,10
2024,"EWYKT","slope","private",0.2,"Southeast",NA,NA,NA,NA,NA,NA,NA,NA,NA,NA,NA,NA,1,NA,10,10
2020,"NSEI","slope","private",0.2,"Southeast",64,43,1.48837209302326,1.49535261326562,0.562094776397105,0.0706366418179812,107.933333333333,62.7333333333333,1.69758117461376,43,3.2966881960815,1.2392068586289,0.375894468910297,0.155727138352759,0.893059595405111,0.155727138352759
2021,"NSEI","slope","private",0.2,"Southeast",62,37,1.67567567567568,1.5525786073871,0.895249304776315,0.113487074899888,107.933333333333,62.7333333333333,1.69758117461376,37,3.4228499171737,1.97368686784914,0.576620919879199,0.250196172401927,0.893059595405111,0.250196172401927
2022,"NSEI","slope","private",0.2,"Southeast",89,56,1.58928571428571,1.80845576049438,1.29956487277703,0.134743781489481,107.933333333333,62.7333333333333,1.69758117461376,56,3.98696247685521,2.86505011468166,0.718604735136991,0.297059188576047,0.893059595405111,0.297059188576047
2023,"NSEI","slope","private",0.2,"Southeast",98,59,1.66101694915254,1.48060985588776,1.22437380702187,0.123571747480297,107.933333333333,62.7333333333333,1.69758117461376,59,3.2641859796851,2.69928219029593,0.826938846957591,0.272429069687991,0.893059595405111,0.272429069687991
2024,"NSEI","slope","private",0.2,"Southeast",108,60,1.8,1.57793604880556,0.748064012052653,0.0732528084367983,107.933333333333,62.7333333333333,1.69758117461376,60,3.47875350611016,1.64919884217923,0.474077522101678,0.161494798458292,0.893059595405111,0.161494798458292
2020,"NSEO","slope","private",0.2,"Southeast",NA,NA,NA,NA,NA,NA,NA,NA,NA,NA,NA,NA,1,NA,10,10
2021,"NSEO","slope","private",0.2,"Southeast",NA,NA,NA,NA,NA,NA,NA,NA,NA,NA,NA,NA,1,NA,10,10
2022,"NSEO","slope","private",0.2,"Southeast",NA,NA,NA,NA,NA,NA,NA,NA,NA,NA,NA,NA,1,NA,10,10
2023,"NSEO","slope","private",0.2,"Southeast",NA,NA,NA,NA,NA,NA,NA,NA,NA,NA,NA,NA,1,NA,10,10
2024,"NSEO","slope","private",0.2,"Southeast",NA,NA,NA,NA,NA,NA,NA,NA,NA,NA,NA,NA,1,NA,10,10
2020,"SSEI","slope","private",0.2,"Southeast",37,25,1.48,1.71850330464865,0.829938966695056,0.137029252546137,139.8,73.8666666666667,1.82537497036798,25,3.78865125797316,1.82970221919535,0.482942898305766,0.302097789764906,0.884106743124508,0.302097789764906
2021,"SSEI","slope","private",0.2,"Southeast",58,38,1.52631578947368,1.71974945412069,0.836798314703545,0.107640254813591,139.8,73.8666666666667,1.82537497036798,38,3.79139854728712,1.84482449297331,0.486581526569753,0.237306140584607,0.884106743124508,0.237306140584607
2022,"SSEI","slope","private",0.2,"Southeast",69,43,1.6046511627907,1.58218089863768,0.865810434084754,0.103834023858844,139.8,73.8666666666667,1.82537497036798,43,3.48811179806856,1.90878526761527,0.547225942893288,0.228914837724827,0.884106743124508,0.228914837724827
2023,"SSEI","slope","private",0.2,"Southeast",59,29,2.03448275862069,1.93720861374576,1.36327898128909,0.177373530218343,139.8,73.8666666666667,1.82537497036798,29,4.27081392952275,3.00551567952048,0.703733697865958,0.391041696908613,0.884106743124508,0.391041696908613
2024,"SSEI","slope","private",0.2,"Southeast",73,46,1.58695652173913,1.63788535009589,1.69797755423216,0.200512036641561,139.8,73.8666666666667,1.82537497036798,46,3.61091909178802,3.7433997243125,1.03668889530806,0.442053371562254,0.884106743124508,0.442053371562254
2020,"SSEO","slope","private",0.2,"Southeast",NA,NA,NA,NA,NA,NA,NA,NA,NA,NA,NA,NA,1,NA,1.3410568752139,1.3410568752139
2021,"SSEO","slope","private",0.2,"Southeast",NA,NA,NA,NA,NA,NA,NA,NA,NA,NA,NA,NA,1,NA,1.3410568752139,1.3410568752139
2022,"SSEO","slope","private",0.2,"Southeast",14,8,1.75,1.310652674,0.476261270281516,0.123259165260812,14.2666666666667,9.93333333333333,1.40035264930002,8,2.88949453206389,1.04997636949256,0.363377178202374,0.271739943856304,1.3410568752139,0.271739943856304
2023,"SSEO","slope","private",0.2,"Southeast",NA,NA,NA,NA,NA,NA,NA,NA,NA,NA,NA,NA,1,NA,1.3410568752139,1.3410568752139
2024,"SSEO","slope","private",0.2,"Southeast",20,12,1.66666666666667,1.66393397005,0.44651641940372,0.0991221939231774,14.2666666666667,9.93333333333333,1.40035264930002,12,3.66834646855863,0.984400198418848,0.268349842866843,0.218527030867063,1.3410568752139,0.218527030867063
