Region,year,RptArea,rfharv,pelagic_harv,nonpel_harv,ye_harv,not_ye_nonpel_harv,pPel,pYEinNonpel,pYEinNonpel_avgpost2006,var_pYEinNonpel_avgpost2006,pYE,pYE_avgRptArea,var_pYE_avgRptArea
SC,1998,AFOGNAK,416,329,87,NA,NA,0.790865385,,0.731684978,0.017710,,0.122227123,1.03E-03
SC,1999,AFOGNAK,506,419,87,NA,NA,0.828063241,,0.731684978,0.017710,,0.122227123,1.03E-03
SC,2000,AFOGNAK,1412,1224,188,NA,NA,0.866855524,,0.731684978,0.017710,,0.122227123,1.03E-03
SC,2001,AFOGNAK,535,477,58,NA,NA,0.891588785,,0.731684978,0.017710,,0.122227123,1.03E-03
SC,2002,AFOGNAK,345,291,54,NA,NA,0.843478261,,0.731684978,0.017710,,0.122227123,1.03E-03
SC,2003,AFOGNAK,567,484,83,NA,NA,0.85361552,,0.731684978,0.017710,,0.122227123,1.03E-03
SC,2004,AFOGNAK,468,338,130,NA,NA,0.722222222,,0.731684978,0.017710,,0.122227123,1.03E-03
SC,2005,AFOGNAK,1385,1179,206,NA,NA,0.851263538,,0.731684978,0.017710,,0.122227123,1.03E-03
SC,2006,AFOGNAK,925,766,159,133,26,0.828108108,0.836477987,0.731684978,0.017710,0.143783784,0.122227123,1.03E-03
SC,2007,AFOGNAK,2488,2184,304,217,87,0.877813505,0.713815789,0.731684978,0.017710,0.08721865,0.122227123,1.03E-03
SC,2008,AFOGNAK,2670,2069,601,509,92,0.774906367,0.846921797,0.731684978,0.017710,0.190636704,0.122227123,1.03E-03
SC,2009,AFOGNAK,3763,3206,557,466,91,0.851979803,0.836624776,0.731684978,0.017710,0.123837364,0.122227123,1.03E-03
SC,2010,AFOGNAK,3032,1971,1061,348,713,0.650065963,0.32799246,0.731684978,0.017710,0.114775726,0.122227123,1.03E-03
SC,2011,AFOGNAK,3052,2565,487,385,102,0.840432503,0.790554415,0.731684978,0.017710,0.126146789,0.122227123,1.03E-03
SC,2012,AFOGNAK,3025,2461,564,411,153,0.813553719,0.728723404,0.731684978,0.017710,0.135867769,0.122227123,1.03E-03
SC,2013,AFOGNAK,2487,2014,473,382,91,0.809811017,0.807610994,0.731684978,0.017710,0.153598713,0.122227123,1.03E-03
SC,2014,AFOGNAK,2843,2263,580,434,146,0.795990151,0.748275862,0.731684978,0.017710,0.152655645,0.122227123,1.03E-03
SC,2015,AFOGNAK,3919,3289,630,421,209,0.839244705,0.668253968,0.731684978,0.017710,0.107425364,0.122227123,1.03E-03
SC,2016,AFOGNAK,5287,4527,760,544,216,0.856251182,0.715789474,0.731684978,0.017710,0.102893891,0.122227123,1.03E-03
SC,2017,AFOGNAK,4756,4217,539,416,123,0.88666947,0.771799629,0.731684978,0.017710,0.087468461,0.122227123,1.03E-03
SC,2018,AFOGNAK,5694,5092,602,449,153,0.894274675,0.745847176,0.731684978,0.017710,0.078854935,0.122227123,1.03E-03
SC,2019,AFOGNAK,6782,5762,1020,719,301,0.849601887,0.704901961,0.731684978,0.017710,0.106015925,0.122227123,1.03E-03
SC,1998,ALEUTIAN,214,89,125,NA,NA,0.41588785,,,,,,
SC,1999,ALEUTIAN,45,13,32,NA,NA,0.288888889,,,,,,
SC,2000,ALEUTIAN,61,59,2,NA,NA,0.967213115,,,,,,
SC,2001,ALEUTIAN,67,47,20,NA,NA,0.701492537,,,,,,
SC,2002,ALEUTIAN,112,100,12,NA,NA,0.892857143,,,,,,
SC,2003,ALEUTIAN,178,178,0,0,0,1,,,,0,,
SC,2004,ALEUTIAN,51,40,11,NA,NA,0.784313725,,,,,,
SC,2005,ALEUTIAN,34,32,2,NA,NA,0.941176471,,,,,,
SC,2006,ALEUTIAN,8,3,5,5,0,0.375,1,,,0.625,,
SC,2007,ALEUTIAN,27,16,11,7,4,0.592592593,0.636363636,,,0.259259259,,
SC,2008,ALEUTIAN,25,17,8,8,0,0.68,1,,,0.32,,
SC,2009,ALEUTIAN,0,0,0,0,0,,,,,,,
SC,2010,ALEUTIAN,54,54,0,0,0,1,,,,0,,
SC,2011,ALEUTIAN,5,0,5,0,5,0,0,,,0,,
SC,2012,ALEUTIAN,13,13,0,0,0,1,,,,0,,
SC,2013,ALEUTIAN,0,0,0,0,0,,,,,,,
SC,2014,ALEUTIAN,44,44,0,0,0,1,,,,0,,
SC,2015,ALEUTIAN,21,1,20,2,18,0.047619048,0.1,,,0.095238095,,
SC,2016,ALEUTIAN,1,0,1,1,0,0,1,,,,,
SC,2017,ALEUTIAN,1,0,1,0,1,0,0,,,,,
SC,2018,ALEUTIAN,92,90,2,0,2,0.97826087,0,,,0,,
SC,2019,ALEUTIAN,91,91,0,0,0,1,,,,,,
SC,1998,BERING,0,0,0,0,0,,,,,,,
SC,1999,BERING,0,0,0,0,0,,,,,,,
SC,2000,BERING,0,0,0,0,0,,,,,,,
SC,2001,BERING,0,0,0,0,0,,,,,,,
SC,2002,BERING,1,1,0,0,0,1,,,,,,
SC,2003,BERING,0,0,0,0,0,,,,,,,
SC,2004,BERING,0,0,0,0,0,,,,,,,
SC,2005,BERING,0,0,0,0,0,,,,,,,
SC,2006,BERING,0,0,0,0,0,,,,,,,
SC,2007,BERING,0,0,0,0,0,,,,,,,
SC,2008,BERING,0,0,0,0,0,,,,,,,
SC,2009,BERING,0,0,0,0,0,,,,,,,
SC,2010,BERING,0,0,0,0,0,,,,,,,
SC,2011,BERING,0,0,0,0,0,,,,,,,
SC,2012,BERING,0,0,0,0,0,,,,,,,
SC,2013,BERING,0,0,0,0,0,,,,,,,
SC,2014,BERING,0,0,0,0,0,,,,,,,
SC,2015,BERING,0,0,0,0,0,,,,,,,
SC,2016,BERING,0,0,0,0,0,,,,,,,
SC,2017,BERING,6,6,0,0,0,1,,,,0,,
SC,2018,BERING,13,11,2,1,1,0.846153846,0.5,,,0.076923077,,
SC,2019,BERING,0,0,0,0,0,,,,,,,
SC,1998,CHIGNIK,1,0,1,NA,NA,,,,,,,
SC,1999,CHIGNIK,0,0,0,0,0,,,,,,,
SC,2000,CHIGNIK,0,0,0,0,0,,,,,,,
SC,2001,CHIGNIK,0,0,0,0,0,,,,,,,
SC,2002,CHIGNIK,0,0,0,0,0,,,,,,,
SC,2003,CHIGNIK,0,0,0,0,0,,,,,,,
SC,2004,CHIGNIK,29,23,6,NA,NA,0.793103448,,,,,,
SC,2005,CHIGNIK,61,61,0,NA,NA,1,,,,,,
SC,2006,CHIGNIK,68,66,2,0,2,0.970588235,0,,,0,,
SC,2007,CHIGNIK,154,154,0,0,0,1,,,,0,,
SC,2008,CHIGNIK,113,113,0,0,0,1,,,,0,,
SC,2009,CHIGNIK,4,4,0,0,0,1,,,,0,,
SC,2010,CHIGNIK,105,47,58,0,58,0.447619048,0,,,0,,
SC,2011,CHIGNIK,60,60,0,0,0,1,,,,0,,
SC,2012,CHIGNIK,121,99,22,0,22,0.818181818,0,,,0,,
SC,2013,CHIGNIK,69,19,50,0,50,0.275362319,0,,,0,,
SC,2014,CHIGNIK,62,56,6,0,6,0.903225806,0,,,0,,
SC,2015,CHIGNIK,43,3,40,0,40,0.069767442,0,,,0,,
SC,2016,CHIGNIK,7,0,7,0,7,0,0,,,0,,
SC,2017,CHIGNIK,0,0,0,0,0,,,,,,,
SC,2018,CHIGNIK,10,10,0,0,0,1,,,,0,,
SC,2019,CHIGNIK,8,6,0,2,0,0.75,,,,0.25,,
SC,1998,CI,994,723,271,NA,NA,0.727364185,,0.385491478,1.66E-02,,0.036273785,1.49E-04
SC,1999,CI,911,809,102,NA,NA,0.888035126,,0.385491478,1.66E-02,,0.036273785,1.49E-04
SC,2000,CI,1400,1225,175,NA,NA,0.875,,0.385491478,1.66E-02,,0.036273785,1.49E-04
SC,2001,CI,763,694,69,NA,NA,0.909567497,,0.385491478,1.66E-02,,0.036273785,1.49E-04
SC,2002,CI,2378,2107,271,NA,NA,0.886038688,,0.385491478,1.66E-02,,0.036273785,1.49E-04
SC,2003,CI,4623,4247,376,NA,NA,0.918667532,,0.385491478,1.66E-02,,0.036273785,1.49E-04
SC,2004,CI,4736,4470,266,NA,NA,0.943834459,,0.385491478,1.66E-02,,0.036273785,1.49E-04
SC,2005,CI,3615,3460,155,NA,NA,0.957123098,,0.385491478,1.66E-02,,0.036273785,1.49E-04
SC,2006,CI,2463,2250,213,98,115,0.913520097,0.460093897,0.385491478,1.66E-02,0.039788875,0.036273785,1.49E-04
SC,2007,CI,2559,2365,194,94,100,0.924189136,0.484536082,0.385491478,1.66E-02,0.036733099,0.036273785,1.49E-04
SC,2008,CI,2163,2006,157,96,61,0.927415626,0.611464968,0.385491478,1.66E-02,0.044382802,0.036273785,1.49E-04
SC,2009,CI,2918,2662,256,142,114,0.912268677,0.5546875,0.385491478,1.66E-02,0.048663468,0.036273785,1.49E-04
SC,2010,CI,4422,3249,1173,185,988,0.734735414,0.15771526,0.385491478,1.66E-02,0.041836273,0.036273785,1.49E-04
SC,2011,CI,3046,2570,476,174,302,0.843729481,0.365546218,0.385491478,1.66E-02,0.057124097,0.036273785,1.49E-04
SC,2012,CI,4677,4109,568,201,367,0.878554629,0.353873239,0.385491478,1.66E-02,0.042976267,0.036273785,1.49E-04
SC,2013,CI,4808,4380,428,162,266,0.910981697,0.378504673,0.385491478,1.66E-02,0.033693844,0.036273785,1.49E-04
SC,2014,CI,4731,4369,362,94,268,0.923483407,0.259668508,0.385491478,1.66E-02,0.019868949,0.036273785,1.49E-04
SC,2015,CI,6321,5864,457,134,323,0.927701313,0.29321663,0.385491478,1.66E-02,0.021199177,0.036273785,1.49E-04
SC,2016,CI,10123,9344,779,185,594,0.923046528,0.237483954,0.385491478,1.66E-02,0.018275215,0.036273785,1.49E-04
SC,2017,CI,8376,7453,923,391,532,0.889804202,0.423618635,0.385491478,1.66E-02,0.046680993,0.036273785,1.49E-04
SC,2018,CI,13009,11978,1031,376,655,0.920747175,0.364694471,0.385491478,1.66E-02,0.028903067,0.036273785,1.49E-04
SC,2019,CI,16061,15076,985,445,540,0.938671316,0.45177665,0.385491478,1.66E-02,0.027706868,0.036273785,1.49E-04
SC,1998,EASTSIDE,157,75,82,NA,NA,0.477707006,,0.603964641,6.00E-02,,0.032423716,4.15E-04
SC,1999,EASTSIDE,121,100,21,NA,NA,0.826446281,,0.603964641,6.00E-02,,0.032423716,4.15E-04
SC,2000,EASTSIDE,423,380,43,NA,NA,0.898345154,,0.603964641,6.00E-02,,0.032423716,4.15E-04
SC,2001,EASTSIDE,298,231,67,NA,NA,0.775167785,,0.603964641,6.00E-02,,0.032423716,4.15E-04
SC,2002,EASTSIDE,319,269,50,NA,NA,0.843260188,,0.603964641,6.00E-02,,0.032423716,4.15E-04
SC,2003,EASTSIDE,1012,964,48,NA,NA,0.95256917,,0.603964641,6.00E-02,,0.032423716,4.15E-04
SC,2004,EASTSIDE,730,672,58,NA,NA,0.920547945,,0.603964641,6.00E-02,,0.032423716,4.15E-04
SC,2005,EASTSIDE,1242,1074,168,NA,NA,0.8647343,,0.603964641,6.00E-02,,0.032423716,4.15E-04
SC,2006,EASTSIDE,1516,1356,160,122,38,0.894459103,0.7625,0.603964641,6.00E-02,0.080474934,0.032423716,4.15E-04
SC,2007,EASTSIDE,3481,3310,171,108,63,0.950876185,0.631578947,0.603964641,6.00E-02,0.031025567,0.032423716,4.15E-04
SC,2008,EASTSIDE,2311,2098,213,140,73,0.907832107,0.657276995,0.603964641,6.00E-02,0.060579836,0.032423716,4.15E-04
SC,2009,EASTSIDE,2296,2247,49,30,19,0.978658537,0.612244898,0.603964641,6.00E-02,0.013066202,0.032423716,4.15E-04
SC,2010,EASTSIDE,2555,1663,892,74,818,0.650880626,0.082959641,0.603964641,6.00E-02,0.028962818,0.032423716,4.15E-04
SC,2011,EASTSIDE,1928,1853,75,39,36,0.961099585,0.52,0.603964641,6.00E-02,0.020228216,0.032423716,4.15E-04
SC,2012,EASTSIDE,3433,3210,223,76,147,0.935042237,0.340807175,0.603964641,6.00E-02,0.022138072,0.032423716,4.15E-04
SC,2013,EASTSIDE,2207,2081,126,54,72,0.942908926,0.428571429,0.603964641,6.00E-02,0.024467603,0.032423716,4.15E-04
SC,2014,EASTSIDE,3551,3385,166,131,35,0.953252605,0.789156627,0.603964641,6.00E-02,0.036891017,0.032423716,4.15E-04
SC,2015,EASTSIDE,2787,2635,152,149,3,0.945461069,0.980263158,0.603964641,6.00E-02,0.053462504,0.032423716,4.15E-04
SC,2016,EASTSIDE,3561,3392,169,99,70,0.952541421,0.585798817,0.603964641,6.00E-02,0.027801179,0.032423716,4.15E-04
SC,2017,EASTSIDE,3933,3877,56,37,19,0.985761505,0.660714286,0.603964641,6.00E-02,0.009407577,0.032423716,4.15E-04
SC,2018,EASTSIDE,3914,3690,224,102,122,0.942769545,0.455357143,0.603964641,6.00E-02,0.026060296,0.032423716,4.15E-04
SC,2019,EASTSIDE,5680,5564,116,110,6,0.979577465,0.948275862,0.603964641,6.00E-02,0.019366197,0.032423716,4.15E-04
SC,1998,MAINLAND,6,5,1,NA,NA,0.833333333,,,,,,
SC,1999,MAINLAND,4,4,0,0,0,1,,,,0,,
SC,2000,MAINLAND,26,26,0,0,0,1,,,,0,,
SC,2001,MAINLAND,1,1,0,0,0,,,,,,,
SC,2002,MAINLAND,15,15,0,0,0,1,,,,0,,
SC,2003,MAINLAND,11,11,0,0,0,1,,,,0,,
SC,2004,MAINLAND,8,5,3,NA,NA,0.625,,,,,,
SC,2005,MAINLAND,31,31,0,0,0,1,,,,0,,
SC,2006,MAINLAND,15,15,0,0,0,1,,,,0,,
SC,2007,MAINLAND,31,15,16,16,0,0.483870968,1,,,0.516129032,,
SC,2008,MAINLAND,10,1,9,7,2,0.1,0.777777778,,,0.7,,
SC,2009,MAINLAND,3,1,2,2,0,0.333333333,1,,,0.666666667,,
SC,2010,MAINLAND,11,3,8,8,0,0.272727273,1,,,0.727272727,,
SC,2011,MAINLAND,99,98,1,1,0,0.98989899,,,,0.01010101,,
SC,2012,MAINLAND,0,0,0,0,0,,,,,,,
SC,2013,MAINLAND,4,3,1,0,1,0.75,,,,0,,
SC,2014,MAINLAND,0,0,0,0,0,,,,,,,
SC,2015,MAINLAND,9,9,0,0,0,1,,,,0,,
SC,2016,MAINLAND,1,0,1,0,1,,,,,,,
SC,2017,MAINLAND,2,1,1,1,0,0.5,,,,0.5,,
SC,2018,MAINLAND,3,3,0,0,0,1,,,,0,,
SC,2019,MAINLAND,0,0,0,0,0,,,,,,,
SC,1998,NG,5169,3927,1242,NA,NA,0.759721416,,0.615362779,7.41E-03,,0.105663341,6.29E-04
SC,1999,NG,9276,8138,1138,NA,NA,0.877317809,,0.615362779,7.41E-03,,0.105663341,6.29E-04
SC,2000,NG,13107,10703,2404,NA,NA,0.816586557,,0.615362779,7.41E-03,,0.105663341,6.29E-04
SC,2001,NG,20907,18457,2450,NA,NA,0.882814368,,0.615362779,7.41E-03,,0.105663341,6.29E-04
SC,2002,NG,17318,15088,2230,NA,NA,0.871232244,,0.615362779,7.41E-03,,0.105663341,6.29E-04
SC,2003,NG,17020,13573,3447,NA,NA,0.797473561,,0.615362779,7.41E-03,,0.105663341,6.29E-04
SC,2004,NG,19434,15959,3475,NA,NA,0.821189668,,0.615362779,7.41E-03,,0.105663341,6.29E-04
SC,2005,NG,22792,18621,4171,NA,NA,0.816997192,,0.615362779,7.41E-03,,0.105663341,6.29E-04
SC,2006,NG,19998,15867,4131,2876,1255,0.793429343,0.696199467,0.615362779,7.41E-03,0.143814381,0.105663341,6.29E-04
SC,2007,NG,23861,19743,4118,2978,1140,0.827417124,0.723166586,0.615362779,7.41E-03,0.124806169,0.105663341,6.29E-04
SC,2008,NG,25596,20867,4729,3376,1353,0.815244569,0.713893001,0.615362779,7.41E-03,0.131895609,0.105663341,6.29E-04
SC,2009,NG,21909,18588,3321,2548,773,0.848418458,0.767238783,0.615362779,7.41E-03,0.116299238,0.105663341,6.29E-04
SC,2010,NG,27027,20838,6189,3449,2740,0.771006771,0.557279043,0.615362779,7.41E-03,0.127613128,0.105663341,6.29E-04
SC,2011,NG,30322,24713,5609,3576,2033,0.815018798,0.6375468,0.615362779,7.41E-03,0.117934173,0.105663341,6.29E-04
SC,2012,NG,27771,22056,5715,3368,2347,0.794209787,0.589326334,0.615362779,7.41E-03,0.121277592,0.105663341,6.29E-04
SC,2013,NG,30558,25257,5301,3428,1873,0.826526605,0.64667044,0.615362779,7.41E-03,0.112180116,0.105663341,6.29E-04
SC,2014,NG,37025,31936,5089,2911,2178,0.86255233,0.572018078,0.615362779,7.41E-03,0.078622552,0.105663341,6.29E-04
SC,2015,NG,45883,39744,6139,3283,2856,0.866203169,0.534777651,0.615362779,7.41E-03,0.071551555,0.105663341,6.29E-04
SC,2016,NG,56991,49153,7838,4064,3774,0.862469513,0.518499617,0.615362779,7.41E-03,0.071309505,0.105663341,6.29E-04
SC,2017,NG,38626,32335,6291,3405,2886,0.83713043,0.541249404,0.615362779,7.41E-03,0.088153058,0.105663341,6.29E-04
SC,2018,NG,50115,41846,8269,4260,4009,0.834999501,0.515177168,0.615362779,7.41E-03,0.08500449,0.105663341,6.29E-04
SC,2019,NG,64565,55039,9526,5735,3791,0.852458762,0.602036532,0.615362779,7.41E-03,0.088825215,0.105663341,6.29E-04
SC,1998,NORTHEAS,1488,977,511,NA,NA,0.656586022,,0.529871894,3.09E-02,,0.030448345,3.30E-05
SC,1999,NORTHEAS,1866,1689,177,NA,NA,0.905144695,,0.529871894,3.09E-02,,0.030448345,3.30E-05
SC,2000,NORTHEAS,2115,1865,250,NA,NA,0.88179669,,0.529871894,3.09E-02,,0.030448345,3.30E-05
SC,2001,NORTHEAS,2081,1854,227,NA,NA,0.890917828,,0.529871894,3.09E-02,,0.030448345,3.30E-05
SC,2002,NORTHEAS,2262,2052,210,NA,NA,0.907161804,,0.529871894,3.09E-02,,0.030448345,3.30E-05
SC,2003,NORTHEAS,2743,2477,266,NA,NA,0.903025884,,0.529871894,3.09E-02,,0.030448345,3.30E-05
SC,2004,NORTHEAS,3291,3068,223,NA,NA,0.932239441,,0.529871894,3.09E-02,,0.030448345,3.30E-05
SC,2005,NORTHEAS,4641,4325,316,NA,NA,0.931911226,,0.529871894,3.09E-02,,0.030448345,3.30E-05
SC,2006,NORTHEAS,3693,3519,174,96,78,0.952883834,0.551724138,0.529871894,3.09E-02,0.025995126,0.030448345,3.30E-05
SC,2007,NORTHEAS,5080,4652,428,156,272,0.915748031,0.364485981,0.529871894,3.09E-02,0.030708661,0.030448345,3.30E-05
SC,2008,NORTHEAS,6260,5853,407,268,139,0.934984026,0.658476658,0.529871894,3.09E-02,0.042811502,0.030448345,3.30E-05
SC,2009,NORTHEAS,6369,6087,282,190,92,0.955723033,0.673758865,0.529871894,3.09E-02,0.029831999,0.030448345,3.30E-05
SC,2010,NORTHEAS,8141,6708,1433,288,1145,0.823977398,0.200976971,0.529871894,3.09E-02,0.035376489,0.030448345,3.30E-05
SC,2011,NORTHEAS,6904,6611,293,140,153,0.957560834,0.4778157,0.529871894,3.09E-02,0.0202781,0.030448345,3.30E-05
SC,2012,NORTHEAS,6813,6257,556,205,351,0.918391311,0.368705036,0.529871894,3.09E-02,0.030089535,0.030448345,3.30E-05
SC,2013,NORTHEAS,9965,9327,638,361,277,0.935975916,0.565830721,0.529871894,3.09E-02,0.036226794,0.030448345,3.30E-05
SC,2014,NORTHEAS,11896,10360,1536,392,1144,0.870880968,0.255208333,0.529871894,3.09E-02,0.032952253,0.030448345,3.30E-05
SC,2015,NORTHEAS,12377,11799,578,394,184,0.953300477,0.6816609,0.529871894,3.09E-02,0.031833239,0.030448345,3.30E-05
SC,2016,NORTHEAS,13580,12861,719,425,294,0.947054492,0.591098748,0.529871894,3.09E-02,0.031296024,0.030448345,3.30E-05
SC,2017,NORTHEAS,6719,6478,241,176,65,0.964131567,0.730290456,0.529871894,3.09E-02,0.026194374,0.030448345,3.30E-05
SC,2018,NORTHEAS,8479,8163,316,209,107,0.962731454,0.661392405,0.529871894,3.09E-02,0.024649133,0.030448345,3.30E-05
SC,2019,NORTHEAS,9881,9446,435,277,158,0.955976116,0.636781609,0.529871894,3.09E-02,0.0280336,0.030448345,3.30E-05
SC,1998,PWSI,3821,2098,1723,NA,NA,0.549070924,,0.461810221,1.15E-02,,0.131052896,2.06E-03
SC,1999,PWSI,4514,2609,1905,NA,NA,0.577979619,,0.461810221,1.15E-02,,0.131052896,2.06E-03
SC,2000,PWSI,6011,3391,2620,NA,NA,0.564132424,,0.461810221,1.15E-02,,0.131052896,2.06E-03
SC,2001,PWSI,7036,4209,2827,NA,NA,0.59820921,,0.461810221,1.15E-02,,0.131052896,2.06E-03
SC,2002,PWSI,7398,4880,2518,NA,NA,0.65963774,,0.461810221,1.15E-02,,0.131052896,2.06E-03
SC,2003,PWSI,11932,8745,3187,NA,NA,0.732903118,,0.461810221,1.15E-02,,0.131052896,2.06E-03
SC,2004,PWSI,10310,7438,2872,NA,NA,0.7214355,,0.461810221,1.15E-02,,0.131052896,2.06E-03
SC,2005,PWSI,10930,8176,2754,NA,NA,0.748032937,,0.461810221,1.15E-02,,0.131052896,2.06E-03
SC,2006,PWSI,7578,4593,2985,1907,1078,0.606096595,0.638860972,0.461810221,1.15E-02,0.251649512,0.131052896,2.06E-03
SC,2007,PWSI,12404,9289,3115,1944,1171,0.748871332,0.624077047,0.461810221,1.15E-02,0.156723638,0.131052896,2.06E-03
SC,2008,PWSI,9522,6899,2623,1495,1128,0.724532661,0.569958063,0.461810221,1.15E-02,0.157004831,0.131052896,2.06E-03
SC,2009,PWSI,8197,5973,2224,1306,918,0.728681225,0.587230216,0.461810221,1.15E-02,0.159326583,0.131052896,2.06E-03
SC,2010,PWSI,11909,8081,3828,1880,1948,0.678562432,0.491118077,0.461810221,1.15E-02,0.1578638,0.131052896,2.06E-03
SC,2011,PWSI,11367,8192,3175,1443,1732,0.720682678,0.454488189,0.461810221,1.15E-02,0.126946424,0.131052896,2.06E-03
SC,2012,PWSI,13580,9313,4267,1727,2540,0.685787923,0.404734005,0.461810221,1.15E-02,0.127172312,0.131052896,2.06E-03
SC,2013,PWSI,14209,10875,3334,1384,1950,0.765359983,0.415116977,0.461810221,1.15E-02,0.097403054,0.131052896,2.06E-03
SC,2014,PWSI,14913,10729,4184,1470,2714,0.719439415,0.351338432,0.461810221,1.15E-02,0.098571716,0.131052896,2.06E-03
SC,2015,PWSI,20073,14853,5220,1742,3478,0.739949185,0.333716475,0.461810221,1.15E-02,0.086783241,0.131052896,2.06E-03
SC,2016,PWSI,28893,22198,6695,2486,4209,0.768282975,0.371321882,0.461810221,1.15E-02,0.086041602,0.131052896,2.06E-03
SC,2017,PWSI,16300,11566,4734,1833,2901,0.709570552,0.387198986,0.461810221,1.15E-02,0.112453988,0.131052896,2.06E-03
SC,2018,PWSI,12107,8741,3366,1314,2052,0.72197902,0.390374332,0.461810221,1.15E-02,0.108532254,0.131052896,2.06E-03
SC,2019,PWSI,15083,11420,3663,1633,2030,0.757143804,0.445809446,0.461810221,1.15E-02,0.108267586,0.131052896,2.06E-03
SC,1998,PWSO,7091,5439,1652,NA,NA,0.767028628,,0.72173747,8.56E-03,,0.198995303,2.26E-03
SC,1999,PWSO,4594,3253,1341,NA,NA,0.708097519,,0.72173747,8.56E-03,,0.198995303,2.26E-03
SC,2000,PWSO,9244,7038,2206,NA,NA,0.761358719,,0.72173747,8.56E-03,,0.198995303,2.26E-03
SC,2001,PWSO,11235,8211,3024,NA,NA,0.730841121,,0.72173747,8.56E-03,,0.198995303,2.26E-03
SC,2002,PWSO,9018,6632,2386,NA,NA,0.735418053,,0.72173747,8.56E-03,,0.198995303,2.26E-03
SC,2003,PWSO,9696,7248,2448,NA,NA,0.747524752,,0.72173747,8.56E-03,,0.198995303,2.26E-03
SC,2004,PWSO,12216,9240,2976,NA,NA,0.756385069,,0.72173747,8.56E-03,,0.198995303,2.26E-03
SC,2005,PWSO,9664,7477,2177,NA,NA,0.773696192,,0.72173747,8.56E-03,,0.198995303,2.26E-03
SC,2006,PWSO,9129,6195,2934,2437,497,0.678606638,0.83060668,0.72173747,8.56E-03,0.266951473,0.198995303,2.26E-03
SC,2007,PWSO,12198,8339,3859,3287,572,0.683636662,0.851775071,0.72173747,8.56E-03,0.269470405,0.198995303,2.26E-03
SC,2008,PWSO,13387,9818,3569,2906,663,0.733398073,0.814233679,0.72173747,8.56E-03,0.217076268,0.198995303,2.26E-03
SC,2009,PWSO,13724,10348,3376,2889,487,0.754007578,0.855746445,0.72173747,8.56E-03,0.210507141,0.198995303,2.26E-03
SC,2010,PWSO,13038,8515,4523,3537,986,0.653090965,0.782003095,0.72173747,8.56E-03,0.271283939,0.198995303,2.26E-03
SC,2011,PWSO,15590,11330,4260,3189,1071,0.726747915,0.748591549,0.72173747,8.56E-03,0.204554201,0.198995303,2.26E-03
SC,2012,PWSO,16566,11401,5165,3484,1681,0.68821683,0.674540174,0.72173747,8.56E-03,0.210310274,0.198995303,2.26E-03
SC,2013,PWSO,19818,14223,5595,3409,2186,0.717680896,0.609294013,0.72173747,8.56E-03,0.17201534,0.198995303,2.26E-03
SC,2014,PWSO,21309,15752,5557,3473,2084,0.739218171,0.624977506,0.72173747,8.56E-03,0.162982777,0.198995303,2.26E-03
SC,2015,PWSO,24516,18386,6130,4084,2046,0.74995921,0.666231648,0.72173747,8.56E-03,0.166585087,0.198995303,2.26E-03
SC,2016,PWSO,29349,21660,7689,5233,2456,0.738014924,0.680582651,0.72173747,8.56E-03,0.178302498,0.198995303,2.26E-03
SC,2017,PWSO,28647,20918,7729,5242,2487,0.730198625,0.678224867,0.72173747,8.56E-03,0.182986002,0.198995303,2.26E-03
SC,2018,PWSO,27142,21809,5333,3304,2029,0.803514848,0.619538721,0.72173747,8.56E-03,0.12173016,0.198995303,2.26E-03
SC,2019,PWSO,33682,26059,7623,5092,2531,0.773677335,0.667978486,0.72173747,8.56E-03,0.151178671,0.198995303,2.26E-03
SC,1998,SAKPEN,0,0,0,0,0,,,,,,,
SC,1999,SAKPEN,0,0,0,0,0,,,,,,,
SC,2000,SAKPEN,0,0,0,0,0,,,,,,,
SC,2001,SAKPEN,0,0,0,0,0,,,,,,,
SC,2002,SAKPEN,105,105,0,0,0,1,,,,0,,
SC,2003,SAKPEN,0,0,0,0,0,,,,,,,
SC,2004,SAKPEN,0,0,0,0,0,,,,,,,
SC,2005,SAKPEN,14,2,12,NA,NA,0.142857143,,,,,,
SC,2006,SAKPEN,16,7,9,9,0,0.4375,1,,,0.5625,,
SC,2007,SAKPEN,0,0,0,0,0,,,,,,,
SC,2008,SAKPEN,0,0,0,0,0,,,,,,,
SC,2009,SAKPEN,38,22,16,0,16,0.578947368,0,,,0,,
SC,2010,SAKPEN,0,0,0,0,0,,,,,,,
SC,2011,SAKPEN,0,0,0,0,0,,,,,,,
SC,2012,SAKPEN,0,0,0,0,0,,,,,,,
SC,2013,SAKPEN,0,0,0,0,0,,,,,,,
SC,2014,SAKPEN,0,0,0,0,0,,,,,,,
SC,2015,SAKPEN,0,0,0,0,0,,,,,,,
SC,2016,SAKPEN,0,0,0,0,0,,,,,,,
SC,2017,SAKPEN,61,61,0,0,0,1,,,,0,,
SC,2018,SAKPEN,100,65,35,34,1,0.65,0.971428571,,,0.34,,
SC,2019,SAKPEN,38,34,4,4,0,0.894736842,1,,,0.105263158,,
SC,1998,SOUTHEAS,0,0,0,0,0,,,,,,,
SC,1999,SOUTHEAS,88,73,15,NA,NA,0.829545455,,,,,,
SC,2000,SOUTHEAS,62,2,60,NA,NA,0.032258065,,,,,,
SC,2001,SOUTHEAS,27,8,19,NA,NA,0.296296296,,,,,,
SC,2002,SOUTHEAS,98,87,11,NA,NA,0.887755102,,,,,,
SC,2003,SOUTHEAS,138,98,40,NA,NA,0.710144928,,,,,,
SC,2004,SOUTHEAS,197,157,40,NA,NA,0.796954315,,,,,,
SC,2005,SOUTHEAS,287,128,159,NA,NA,0.445993031,,,,,,
SC,2006,SOUTHEAS,303,191,112,69,43,0.630363036,0.616071429,,,0.227722772,,
SC,2007,SOUTHEAS,1148,969,179,157,22,0.844076655,0.877094972,,,0.136759582,,
SC,2008,SOUTHEAS,1130,1042,88,59,29,0.922123894,0.670454545,,,0.052212389,,
SC,2009,SOUTHEAS,775,686,89,76,13,0.88516129,0.853932584,,,0.098064516,,
SC,2010,SOUTHEAS,644,400,244,80,164,0.621118012,0.327868852,,,0.124223602,,
SC,2011,SOUTHEAS,689,552,137,77,60,0.801161103,0.562043796,,,0.111756168,,
SC,2012,SOUTHEAS,918,568,350,107,243,0.618736383,0.305714286,,,0.116557734,,
SC,2013,SOUTHEAS,1035,868,167,113,54,0.838647343,0.676646707,,,0.109178744,,
SC,2014,SOUTHEAS,653,557,96,49,47,0.852986217,0.510416667,,,0.075038285,,
SC,2015,SOUTHEAS,619,547,72,68,4,0.88368336,0.944444444,,,0.109854604,,
SC,2016,SOUTHEAS,774,684,90,87,3,0.88372093,0.966666667,,,0.112403101,,
SC,2017,SOUTHEAS,666,607,59,51,8,0.911411411,0.86440678,,,0.076576577,,
SC,2018,SOUTHEAS,652,580,72,71,1,0.889570552,0.986111111,,,0.108895706,,
SC,2019,SOUTHEAS,700,576,124,117,7,0.822857143,0.943548387,,,0.167142857,,
SC,1998,SOUTHWES,27,22,5,NA,NA,0.814814815,,,,,,
SC,1999,SOUTHWES,0,0,0,0,0,,,,,,,
SC,2000,SOUTHWES,3,3,0,0,0,1,,,,0,,
SC,2001,SOUTHWES,0,0,0,0,0,,,,,,,
SC,2002,SOUTHWES,1,1,0,0,0,,,,,,,
SC,2003,SOUTHWES,6,6,0,0,0,1,,,,0,,
SC,2004,SOUTHWES,3,2,1,NA,NA,0.666666667,,,,,,
SC,2005,SOUTHWES,0,0,0,0,0,,,,,,,
SC,2006,SOUTHWES,0,0,0,0,0,,,,,,,
SC,2007,SOUTHWES,0,0,0,0,0,,,,,,,
SC,2008,SOUTHWES,0,0,0,0,0,,,,,,,
SC,2009,SOUTHWES,35,35,0,0,0,1,,,,0,,
SC,2010,SOUTHWES,0,0,0,0,0,,,,,,,
SC,2011,SOUTHWES,0,0,0,0,0,,,,,,,
SC,2012,SOUTHWES,0,0,0,0,0,,,,,,,
SC,2013,SOUTHWES,0,0,0,0,0,,,,,,,
SC,2014,SOUTHWES,0,0,0,0,0,,,,,,,
SC,2015,SOUTHWES,0,0,0,0,0,,,,,,,
SC,2016,SOUTHWES,30,29,1,1,0,0.966666667,,,,0.033333333,,
SC,2017,SOUTHWES,0,0,0,0,0,,,,,,,
SC,2018,SOUTHWES,19,19,0,0,0,1,,,,0,,
SC,2019,SOUTHWES,16,12,4,3,1,0.75,0.75,,,0.1875,,
SC,1998,WESTSIDE,142,112,30,NA,NA,0.788732394,,,,,,
SC,1999,WESTSIDE,224,219,5,NA,NA,0.977678571,,,,,,
SC,2000,WESTSIDE,360,282,78,NA,NA,0.783333333,,,,,,
SC,2001,WESTSIDE,1181,1157,24,NA,NA,0.979678239,,,,,,
SC,2002,WESTSIDE,865,796,69,NA,NA,0.920231214,,,,,,
SC,2003,WESTSIDE,1096,947,149,NA,NA,0.864051095,,,,,,
SC,2004,WESTSIDE,802,711,91,NA,NA,0.886533666,,,,,,
SC,2005,WESTSIDE,1235,1102,133,NA,NA,0.892307692,,,,,,
SC,2006,WESTSIDE,722,567,155,118,37,0.78531856,0.761290323,,,0.163434903,,
SC,2007,WESTSIDE,1614,1293,321,226,95,0.801115242,0.704049844,,,0.140024783,,
SC,2008,WESTSIDE,1186,899,287,204,83,0.758010118,0.710801394,,,0.172006745,,
SC,2009,WESTSIDE,1846,1516,330,247,83,0.821235103,0.748484848,,,0.133802817,,
SC,2010,WESTSIDE,1255,790,465,309,156,0.629482072,0.664516129,,,0.246215139,,
SC,2011,WESTSIDE,1267,1019,248,162,86,0.804262036,0.653225806,,,0.127861089,,
SC,2012,WESTSIDE,1747,1322,425,335,90,0.756725816,0.788235294,,,0.191757298,,
SC,2013,WESTSIDE,1979,1623,356,279,77,0.820111167,0.783707865,,,0.140980293,,
SC,2014,WESTSIDE,2396,1757,639,404,235,0.733305509,0.632237872,,,0.168614357,,
SC,2015,WESTSIDE,2022,1655,367,285,82,0.818496538,0.776566757,,,0.140949555,,
SC,2016,WESTSIDE,3336,2644,692,588,104,0.792565947,0.849710983,,,0.176258993,,
SC,2017,WESTSIDE,2897,2300,597,492,105,0.79392475,0.824120603,,,0.16983086,,
SC,2018,WESTSIDE,4288,3580,708,540,168,0.83488806,0.762711864,,,0.125932836,,
SC,2019,WESTSIDE,6954,5644,1310,1037,273,0.811619212,0.791603053,,,0.149122807,,
SE,1998,CSEO,9366,4464,4902,NA,NA,0.476617553,,0.469554336,2.35E-02,,0.125306883,6.45E-03
SE,1999,CSEO,9636,3836,5800,NA,NA,0.398090494,,0.469554336,2.35E-02,,0.125306883,6.45E-03
SE,2000,CSEO,16855,5777,11078,NA,NA,0.342746959,,0.469554336,2.35E-02,,0.125306883,6.45E-03
SE,2001,CSEO,15083,4037,11046,NA,NA,0.267652324,,0.469554336,2.35E-02,,0.125306883,6.45E-03
SE,2002,CSEO,14004,5206,8798,NA,NA,0.371750928,,0.469554336,2.35E-02,,0.125306883,6.45E-03
SE,2003,CSEO,15272,6711,8561,NA,NA,0.43943164,,0.469554336,2.35E-02,,0.125306883,6.45E-03
SE,2004,CSEO,21796,9789,12007,NA,NA,0.449119104,,0.469554336,2.35E-02,,0.125306883,6.45E-03
SE,2005,CSEO,27304,12886,14418,NA,NA,0.471945502,,0.469554336,2.35E-02,,0.125306883,6.45E-03
SE,2006,CSEO,33748,20139,13609,9779,3830,0.596746474,0.718568594,0.469554336,2.35E-02,0.289765319,0.125306883,6.45E-03
SE,2007,CSEO,38443,24055,14388,9950,4438,0.625731603,0.691548513,0.469554336,2.35E-02,0.258824754,0.125306883,6.45E-03
SE,2008,CSEO,52901,37625,15276,8863,6413,0.711234192,0.58019115,0.469554336,2.35E-02,0.167539366,0.125306883,6.45E-03
SE,2009,CSEO,31717,22290,9427,6423,3004,0.70277769,0.68134083,0.469554336,2.35E-02,0.202509695,0.125306883,6.45E-03
SE,2010,CSEO,43813,30785,13028,7150,5878,0.702645334,0.548817931,0.469554336,2.35E-02,0.163193573,0.125306883,6.45E-03
SE,2011,CSEO,58843,46504,12339,4215,8124,0.790306409,0.341599805,0.469554336,2.35E-02,0.07163129,0.125306883,6.45E-03
SE,2012,CSEO,57675,43380,14295,4550,9745,0.752145644,0.318293109,0.469554336,2.35E-02,0.078890334,0.125306883,6.45E-03
SE,2013,CSEO,60735,48283,12452,4216,8236,0.794978184,0.338580148,0.469554336,2.35E-02,0.069416317,0.125306883,6.45E-03
SE,2014,CSEO,73709,60201,13508,4240,9268,0.816738797,0.313888066,0.469554336,2.35E-02,0.057523505,0.125306883,6.45E-03
SE,2015,CSEO,80105,63217,16888,5352,11536,0.789176706,0.316911416,0.469554336,2.35E-02,0.066812309,0.125306883,6.45E-03
SE,2016,CSEO,54908,42288,12620,5433,7187,0.770160997,0.430507132,0.469554336,2.35E-02,0.09894733,0.125306883,6.45E-03
SE,2017,CSEO,57388,46059,11329,4871,6458,0.802589392,0.429958514,0.469554336,2.35E-02,0.084878372,0.125306883,6.45E-03
SE,2018,CSEO,55460,44943,10517,4329,6188,0.810367833,0.411619283,0.469554336,2.35E-02,0.078056257,0.125306883,6.45E-03
SE,2019,CSEO,59842,51062,8780,3968,4812,0.853280305,0.451936219,0.469554336,2.35E-02,0.066307944,0.125306883,6.45E-03
SE,1998,EYKT,311,209,102,NA,NA,0.672025723,,,,,,
SE,1999,EYKT,27,22,5,NA,NA,0.814814815,,,,,,
SE,2000,EYKT,61,54,7,NA,NA,0.885245902,,,,,,
SE,2001,EYKT,72,57,15,NA,NA,0.791666667,,,,,,
SE,2002,EYKT,9,9,0,NA,NA,1,,,,,,
SE,2003,EYKT,169,84,85,NA,NA,0.49704142,,,,,,
SE,2004,EYKT,66,27,39,NA,NA,0.409090909,,,,,,
SE,2005,EYKT,47,6,41,NA,NA,0.127659574,,,,,,
SE,2006,EYKT,272,182,90,42,48,0.669117647,0.466666667,,,0.154411765,,
SE,2007,EYKT,242,146,96,51,45,0.603305785,0.53125,,,0.210743802,,
SE,2008,EYKT,309,177,132,56,76,0.572815534,0.424242424,,,0.181229773,,
SE,2009,EYKT,476,377,99,39,60,0.792016807,0.393939394,,,0.081932773,,
SE,2010,EYKT,133,48,85,23,62,0.360902256,0.270588235,,,0.172932331,,
SE,2011,EYKT,283,165,118,36,82,0.583038869,0.305084746,,,0.127208481,,
SE,2012,EYKT,541,418,123,38,85,0.772643253,0.308943089,,,0.070240296,,
SE,2013,EYKT,616,514,102,22,80,0.834415584,0.215686275,,,0.035714286,,
SE,2014,EYKT,517,424,93,30,63,0.820116054,0.322580645,,,0.058027079,,
SE,2015,EYKT,1353,1021,332,81,251,0.754619364,0.243975904,,,0.059866962,,
SE,2016,EYKT,1761,1385,376,123,253,0.786484952,0.32712766,,,0.069846678,,
SE,2017,EYKT,2287,2009,278,105,173,0.878443376,0.377697842,,,0.045911675,,
SE,2018,EYKT,2998,2663,335,134,201,0.888258839,0.4,,,0.044696464,,
SE,2019,EYKT,1469,1376,93,23,70,0.936691627,0.247311828,,,0.015656909,,
SE,1998,IBS,994,490,504,NA,NA,0.492957746,,,,,,
SE,1999,IBS,636,525,111,NA,NA,0.825471698,,,,,,
SE,2000,IBS,1138,1003,135,NA,NA,0.881370826,,,,,,
SE,2001,IBS,971,834,137,NA,NA,0.858908342,,,,,,
SE,2002,IBS,884,782,102,NA,NA,0.884615385,,,,,,
SE,2003,IBS,1458,1100,358,NA,NA,0.754458162,,,,,,
SE,2004,IBS,1435,1096,339,NA,NA,0.763763066,,,,,,
SE,2005,IBS,1629,1386,243,NA,NA,0.850828729,,,,,,
SE,2006,IBS,2257,1907,350,125,225,0.844926894,0.357142857,,,0.055383252,,
SE,2007,IBS,2048,1810,238,57,181,0.883789063,0.239495798,,,0.027832031,,
SE,2008,IBS,2548,2279,269,105,164,0.894427002,0.390334572,,,0.041208791,,
SE,2009,IBS,2018,1816,202,40,162,0.899900892,0.198019802,,,0.019821606,,
SE,2010,IBS,2302,1884,418,96,322,0.818418766,0.229665072,,,0.041702867,,
SE,2011,IBS,2565,2198,367,75,292,0.856920078,0.204359673,,,0.029239766,,
SE,2012,IBS,2700,2309,391,109,282,0.855185185,0.278772379,,,0.04037037,,
SE,2013,IBS,3268,2918,350,34,316,0.892900857,0.097142857,,,0.010403917,,
SE,2014,IBS,4178,3596,582,95,487,0.860698899,0.163230241,,,0.022738152,,
SE,2015,IBS,4376,3694,682,134,548,0.844149909,0.196480938,,,0.030621572,,
SE,2016,IBS,5738,4852,886,191,695,0.845590798,0.215575621,,,0.03328686,,
SE,2017,IBS,4037,3518,519,125,394,0.871439188,0.240847784,,,0.030963587,,
SE,2018,IBS,5661,5019,642,152,490,0.886592475,0.236760125,,,0.02685038,,
SE,2019,IBS,6439,5793,646,131,515,0.899673862,0.202786378,,,0.020344774,,
SE,1998,NSEI,5285,2544,2741,NA,NA,0.481362346,,0.261559668,7.33E-03,,0.092049952,2.66E-03
SE,1999,NSEI,6363,3857,2506,NA,NA,0.606160616,,0.261559668,7.33E-03,,0.092049952,2.66E-03
SE,2000,NSEI,9746,5582,4164,NA,NA,0.572747794,,0.261559668,7.33E-03,,0.092049952,2.66E-03
SE,2001,NSEI,7242,3909,3333,NA,NA,0.53976802,,0.261559668,7.33E-03,,0.092049952,2.66E-03
SE,2002,NSEI,4958,3120,1838,NA,NA,0.629286002,,0.261559668,7.33E-03,,0.092049952,2.66E-03
SE,2003,NSEI,6069,3551,2518,NA,NA,0.58510463,,0.261559668,7.33E-03,,0.092049952,2.66E-03
SE,2004,NSEI,6052,3328,2724,NA,NA,0.549900859,,0.261559668,7.33E-03,,0.092049952,2.66E-03
SE,2005,NSEI,7678,4465,3213,NA,NA,0.581531649,,0.261559668,7.33E-03,,0.092049952,2.66E-03
SE,2006,NSEI,6437,3476,2961,1422,1539,0.540003107,0.480243161,0.261559668,7.33E-03,0.220910362,0.092049952,2.66E-03
SE,2007,NSEI,7499,4164,3335,1191,2144,0.555274037,0.357121439,0.261559668,7.33E-03,0.158821176,0.092049952,2.66E-03
SE,2008,NSEI,10923,6828,4095,1308,2787,0.625102994,0.319413919,0.261559668,7.33E-03,0.119747322,0.092049952,2.66E-03
SE,2009,NSEI,9325,5994,3331,955,2376,0.642788204,0.28670069,0.261559668,7.33E-03,0.102412869,0.092049952,2.66E-03
SE,2010,NSEI,11942,7473,4469,1377,3092,0.625774577,0.308122623,0.261559668,7.33E-03,0.115307319,0.092049952,2.66E-03
SE,2011,NSEI,13281,8325,4956,1146,3810,0.626835329,0.231234867,0.261559668,7.33E-03,0.086288683,0.092049952,2.66E-03
SE,2012,NSEI,15243,9183,6060,1252,4808,0.602440464,0.20660066,0.261559668,7.33E-03,0.082136062,0.092049952,2.66E-03
SE,2013,NSEI,14770,9583,5187,1159,4028,0.648815166,0.223443223,0.261559668,7.33E-03,0.078469871,0.092049952,2.66E-03
SE,2014,NSEI,19857,13571,6286,1206,5080,0.683436571,0.191854916,0.261559668,7.33E-03,0.06073425,0.092049952,2.66E-03
SE,2015,NSEI,22095,13976,8119,1555,6564,0.632541299,0.19152605,0.261559668,7.33E-03,0.070377914,0.092049952,2.66E-03
SE,2016,NSEI,25877,16646,9231,1642,7589,0.64327395,0.177878886,0.261559668,7.33E-03,0.063454033,0.092049952,2.66E-03
SE,2017,NSEI,24305,19203,5102,1254,3848,0.790084345,0.245785966,0.261559668,7.33E-03,0.051594322,0.092049952,2.66E-03
SE,2018,NSEI,34673,28268,6405,1370,5035,0.815274133,0.213895394,0.261559668,7.33E-03,0.039512012,0.092049952,2.66E-03
SE,2019,NSEI,36293,30096,6197,1413,4784,0.82925082,0.228013555,0.261559668,7.33E-03,0.038933128,0.092049952,2.66E-03
SE,1998,NSEO,1123,601,522,NA,NA,0.535173642,,0.464719804,9.31E-03,,0.137846884,5.63E-03
SE,1999,NSEO,1071,484,587,NA,NA,0.451914099,,0.464719804,9.31E-03,,0.137846884,5.63E-03
SE,2000,NSEO,2883,1457,1426,NA,NA,0.505376344,,0.464719804,9.31E-03,,0.137846884,5.63E-03
SE,2001,NSEO,2839,1235,1604,NA,NA,0.435012328,,0.464719804,9.31E-03,,0.137846884,5.63E-03
SE,2002,NSEO,2029,687,1342,NA,NA,0.338590439,,0.464719804,9.31E-03,,0.137846884,5.63E-03
SE,2003,NSEO,3083,1424,1659,NA,NA,0.461887772,,0.464719804,9.31E-03,,0.137846884,5.63E-03
SE,2004,NSEO,2923,999,1924,NA,NA,0.341772152,,0.464719804,9.31E-03,,0.137846884,5.63E-03
SE,2005,NSEO,2796,1188,1608,NA,NA,0.424892704,,0.464719804,9.31E-03,,0.137846884,5.63E-03
SE,2006,NSEO,3058,1407,1651,931,720,0.460104644,0.563900666,0.464719804,9.31E-03,0.304447351,0.137846884,5.63E-03
SE,2007,NSEO,4266,2518,1748,1014,734,0.590248476,0.580091533,0.464719804,9.31E-03,0.23769339,0.137846884,5.63E-03
SE,2008,NSEO,5010,3047,1963,1009,954,0.608183633,0.51400917,0.464719804,9.31E-03,0.201397206,0.137846884,5.63E-03
SE,2009,NSEO,2818,1954,864,580,284,0.693399574,0.671296296,0.464719804,9.31E-03,0.20581973,0.137846884,5.63E-03
SE,2010,NSEO,4613,2971,1642,737,905,0.644049426,0.448842875,0.464719804,9.31E-03,0.159765879,0.137846884,5.63E-03
SE,2011,NSEO,8950,6832,2118,831,1287,0.763351955,0.392351275,0.464719804,9.31E-03,0.092849162,0.137846884,5.63E-03
SE,2012,NSEO,8600,6467,2133,737,1396,0.751976744,0.345522738,0.464719804,9.31E-03,0.085697674,0.137846884,5.63E-03
SE,2013,NSEO,6970,5295,1675,713,962,0.759684362,0.425671642,0.464719804,9.31E-03,0.102295552,0.137846884,5.63E-03
SE,2014,NSEO,8688,6428,2260,820,1440,0.739871087,0.362831858,0.464719804,9.31E-03,0.094383057,0.137846884,5.63E-03
SE,2015,NSEO,9156,6577,2579,911,1668,0.71832678,0.353237689,0.464719804,9.31E-03,0.099497597,0.137846884,5.63E-03
SE,2016,NSEO,5839,4347,1492,698,794,0.744476794,0.467828418,0.464719804,9.31E-03,0.119541017,0.137846884,5.63E-03
SE,2017,NSEO,9211,7495,1716,756,960,0.81370101,0.440559441,0.464719804,9.31E-03,0.082075779,0.137846884,5.63E-03
SE,2018,NSEO,11024,9189,1835,858,977,0.833544993,0.467574932,0.464719804,9.31E-03,0.077830189,0.137846884,5.63E-03
SE,2019,NSEO,11553,9925,1628,769,859,0.859084221,0.472358722,0.464719804,9.31E-03,0.066562798,0.137846884,5.63E-03
SE,1998,SSEI,6261,2769,3492,NA,NA,0.44226162,,0.27132219,3.17E-03,,0.147739871,1.92E-03
SE,1999,SSEI,7370,3832,3538,NA,NA,0.519945726,,0.27132219,3.17E-03,,0.147739871,1.92E-03
SE,2000,SSEI,11989,5112,6877,NA,NA,0.426390858,,0.27132219,3.17E-03,,0.147739871,1.92E-03
SE,2001,SSEI,9348,4514,4834,NA,NA,0.482884039,,0.27132219,3.17E-03,,0.147739871,1.92E-03
SE,2002,SSEI,8033,3969,4064,NA,NA,0.494086892,,0.27132219,3.17E-03,,0.147739871,1.92E-03
SE,2003,SSEI,11263,5648,5615,NA,NA,0.501464974,,0.27132219,3.17E-03,,0.147739871,1.92E-03
SE,2004,SSEI,13195,5266,7929,NA,NA,0.399090565,,0.27132219,3.17E-03,,0.147739871,1.92E-03
SE,2005,SSEI,15329,5745,9584,NA,NA,0.374779829,,0.27132219,3.17E-03,,0.147739871,1.92E-03
SE,2006,SSEI,17714,6326,11388,4211,7177,0.357118663,0.369775202,0.27132219,3.17E-03,0.237721576,0.147739871,1.92E-03
SE,2007,SSEI,20368,8353,12015,3637,8378,0.410104085,0.302704952,0.27132219,3.17E-03,0.178564415,0.147739871,1.92E-03
SE,2008,SSEI,18756,8206,10550,3569,6981,0.437513329,0.338293839,0.27132219,3.17E-03,0.190285775,0.147739871,1.92E-03
SE,2009,SSEI,14837,6518,8319,2902,5417,0.439307138,0.348840005,0.27132219,3.17E-03,0.195592101,0.147739871,1.92E-03
SE,2010,SSEI,20015,8957,11058,3159,7899,0.447514364,0.285675529,0.27132219,3.17E-03,0.157831626,0.147739871,1.92E-03
SE,2011,SSEI,17328,9231,8097,2407,5690,0.532721607,0.297270594,0.27132219,3.17E-03,0.138908126,0.147739871,1.92E-03
SE,2012,SSEI,20908,9031,11877,3147,8730,0.431939927,0.2649659,0.27132219,3.17E-03,0.150516549,0.147739871,1.92E-03
SE,2013,SSEI,24779,11207,13572,3164,10408,0.452278139,0.233127026,0.27132219,3.17E-03,0.127688769,0.147739871,1.92E-03
SE,2014,SSEI,25686,10668,15018,2923,12095,0.415323523,0.194633107,0.27132219,3.17E-03,0.113797399,0.147739871,1.92E-03
SE,2015,SSEI,29160,11218,17942,4271,13671,0.384705075,0.238044811,0.27132219,3.17E-03,0.146467764,0.147739871,1.92E-03
SE,2016,SSEI,32540,13373,19167,4529,14638,0.410971112,0.236291543,0.27132219,3.17E-03,0.139182545,0.147739871,1.92E-03
SE,2017,SSEI,30249,16481,13768,3574,10194,0.544844458,0.259587449,0.27132219,3.17E-03,0.118152666,0.147739871,1.92E-03
SE,2018,SSEI,42049,25419,16630,3678,12952,0.604509025,0.221166566,0.27132219,3.17E-03,0.087469381,0.147739871,1.92E-03
SE,2019,SSEI,35867,21016,14851,3091,11760,0.58594251,0.208134132,0.27132219,3.17E-03,0.086179496,0.147739871,1.92E-03
SE,1998,SSEO,3185,1462,1723,NA,NA,0.459026688,,0.430252719,9.49E-03,,0.146794423,8.32E-03
SE,1999,SSEO,4616,1568,3048,NA,NA,0.339688042,,0.430252719,9.49E-03,,0.146794423,8.32E-03
SE,2000,SSEO,6910,2150,4760,NA,NA,0.311143271,,0.430252719,9.49E-03,,0.146794423,8.32E-03
SE,2001,SSEO,5756,1879,3877,NA,NA,0.326441974,,0.430252719,9.49E-03,,0.146794423,8.32E-03
SE,2002,SSEO,7617,3492,4125,NA,NA,0.458448208,,0.430252719,9.49E-03,,0.146794423,8.32E-03
SE,2003,SSEO,6896,2806,4090,NA,NA,0.406902552,,0.430252719,9.49E-03,,0.146794423,8.32E-03
SE,2004,SSEO,10061,4143,5918,NA,NA,0.411788093,,0.430252719,9.49E-03,,0.146794423,8.32E-03
SE,2005,SSEO,12666,5423,7243,NA,NA,0.428154113,,0.430252719,9.49E-03,,0.146794423,8.32E-03
SE,2006,SSEO,12007,4774,7233,4257,2976,0.397601399,0.588552468,0.430252719,9.49E-03,0.354543183,0.146794423,8.32E-03
SE,2007,SSEO,12018,5924,6094,3554,2540,0.492927276,0.583196587,0.430252719,9.49E-03,0.295723082,0.146794423,8.32E-03
SE,2008,SSEO,17754,10801,6953,3418,3535,0.608369945,0.491586366,0.430252719,9.49E-03,0.192519995,0.146794423,8.32E-03
SE,2009,SSEO,9645,5953,3692,1788,1904,0.61721099,0.484290358,0.430252719,9.49E-03,0.185381026,0.146794423,8.32E-03
SE,2010,SSEO,12415,7422,4993,2393,2600,0.597825211,0.479270979,0.430252719,9.49E-03,0.192750705,0.146794423,8.32E-03
SE,2011,SSEO,11926,8143,3783,1424,2359,0.682793896,0.37642083,0.430252719,9.49E-03,0.119402985,0.146794423,8.32E-03
SE,2012,SSEO,14290,9606,4684,1749,2935,0.672218334,0.373398804,0.430252719,9.49E-03,0.122393282,0.146794423,8.32E-03
SE,2013,SSEO,15619,11144,4475,1811,2664,0.71348998,0.404692737,0.430252719,9.49E-03,0.115948524,0.146794423,8.32E-03
SE,2014,SSEO,18453,13323,5130,1522,3608,0.721996423,0.29668616,0.430252719,9.49E-03,0.082479814,0.146794423,8.32E-03
SE,2015,SSEO,17669,12749,4920,1419,3501,0.721546211,0.288414634,0.430252719,9.49E-03,0.080310148,0.146794423,8.32E-03
SE,2016,SSEO,17707,13558,4149,1399,2750,0.765685887,0.337189684,0.430252719,9.49E-03,0.079008302,0.146794423,8.32E-03
SE,2017,SSEO,20760,16390,4370,1924,2446,0.789499037,0.4402746,0.430252719,9.49E-03,0.092678227,0.146794423,8.32E-03
SE,2018,SSEO,26949,22414,4535,1795,2740,0.831719173,0.395810364,0.430252719,9.49E-03,0.066607295,0.146794423,8.32E-03
SE,2019,SSEO,22912,19342,3570,1727,1843,0.844186453,0.483753501,0.430252719,9.49E-03,0.075375349,0.146794423,8.32E-03
SC,1998,BSAI,214,89,125,NA,NA,0.41588785,,,,,,
SC,1999,BSAI,45,13,32,NA,NA,0.288888889,,,,,,
SC,2000,BSAI,61,59,2,NA,NA,0.967213115,,,,,,
SC,2001,BSAI,67,47,20,NA,NA,0.701492537,,,,,,
SC,2002,BSAI,113,101,12,NA,NA,0.89380531,,,,,,
SC,2003,BSAI,178,178,0,0,0,1,,,,0,,
SC,2004,BSAI,51,40,11,NA,NA,0.784313725,,,,,,
SC,2005,BSAI,34,32,2,NA,NA,0.941176471,,,,,,
SC,2006,BSAI,8,3,5,5,0,0.375,1,,,0.625,,
SC,2007,BSAI,27,16,11,7,4,0.592592593,0.636363636,,,0.259259259,,
SC,2008,BSAI,25,17,8,8,0,0.68,1,,,0.32,,
SC,2009,BSAI,0,0,0,0,0,,,,,,,
SC,2010,BSAI,54,54,0,0,0,1,,,,0,,
SC,2011,BSAI,5,0,5,0,5,0,0,,,0,,
SC,2012,BSAI,13,13,0,0,0,1,,,,0,,
SC,2013,BSAI,0,0,0,0,0,,,,,,,
SC,2014,BSAI,44,44,0,0,0,1,,,,0,,
SC,2015,BSAI,21,1,20,2,18,0.047619048,0.1,,,0.095238095,,
SC,2016,BSAI,1,0,1,1,0,,,,,,,
SC,2017,BSAI,7,6,1,0,1,0.857142857,,,,0,,
SC,2018,BSAI,105,101,4,1,3,0.961904762,0.25,,,0.00952381,,
SC,2019,BSAI,91,91,0,0,0,1,,,,0,,
SC,1998,SOKO2SAP,28,22,6,NA,NA,0.785714286,,,,,,
SC,1999,SOKO2SAP,88,73,15,NA,NA,0.829545455,,,,,,
SC,2000,SOKO2SAP,65,5,60,NA,NA,0.076923077,,,,,,
SC,2001,SOKO2SAP,27,8,19,NA,NA,0.296296296,,,,,,
SC,2002,SOKO2SAP,204,193,11,NA,NA,0.946078431,,,,,,
SC,2003,SOKO2SAP,144,104,40,NA,NA,0.722222222,,,,,,
SC,2004,SOKO2SAP,229,182,47,NA,NA,0.794759825,,,,,,
SC,2005,SOKO2SAP,362,191,171,NA,NA,0.527624309,,,,,,
SC,2006,SOKO2SAP,387,264,123,78,45,0.682170543,0.634146341,,,0.201550388,,
SC,2007,SOKO2SAP,1302,1123,179,157,22,0.862519201,0.877094972,,,0.120583717,,
SC,2008,SOKO2SAP,1243,1155,88,59,29,0.92920354,0.670454545,,,0.047465809,,
SC,2009,SOKO2SAP,852,747,105,76,29,0.876760563,0.723809524,,,0.089201878,,
SC,2010,SOKO2SAP,749,447,302,80,222,0.596795728,0.264900662,,,0.106809079,,
SC,2011,SOKO2SAP,749,612,137,77,60,0.817089453,0.562043796,,,0.102803738,,
SC,2012,SOKO2SAP,1039,667,372,107,265,0.641963426,0.287634409,,,0.102983638,,
SC,2013,SOKO2SAP,1104,887,217,113,104,0.803442029,0.520737327,,,0.102355072,,
SC,2014,SOKO2SAP,715,613,102,49,53,0.857342657,0.480392157,,,0.068531469,,
SC,2015,SOKO2SAP,662,550,112,68,44,0.83081571,0.607142857,,,0.102719033,,
SC,2016,SOKO2SAP,811,713,98,88,10,0.879161529,0.897959184,,,0.108508015,,
SC,2017,SOKO2SAP,727,668,59,51,8,0.918844567,0.86440678,,,0.070151307,,
SC,2018,SOKO2SAP,781,674,107,105,2,0.862996159,0.981308411,,,0.134443022,,
SC,2019,SOKO2SAP,762,628,132,126,8,0.824146982,0.954545455,,,0.165354331,,
SC,1998,WKMA,148,117,31,NA,NA,0.790540541,,0.748057486,4.29E-03,,0.160761157,1.19E-03
SC,1999,WKMA,228,223,5,NA,NA,0.978070175,,0.748057486,4.29E-03,,0.160761157,1.19E-03
SC,2000,WKMA,386,308,78,NA,NA,0.797927461,,0.748057486,4.29E-03,,0.160761157,1.19E-03
SC,2001,WKMA,1182,1158,24,NA,NA,0.979695431,,0.748057486,4.29E-03,,0.160761157,1.19E-03
SC,2002,WKMA,880,811,69,NA,NA,0.921590909,,0.748057486,4.29E-03,,0.160761157,1.19E-03
SC,2003,WKMA,1107,958,149,NA,NA,0.865401987,,0.748057486,4.29E-03,,0.160761157,1.19E-03
SC,2004,WKMA,810,716,94,NA,NA,0.883950617,,0.748057486,4.29E-03,,0.160761157,1.19E-03
SC,2005,WKMA,1266,1133,133,NA,NA,0.894944708,,0.748057486,4.29E-03,,0.160761157,1.19E-03
SC,2006,WKMA,737,582,155,118,37,0.789687924,0.761290323,0.748057486,4.29E-03,0.160108548,0.160761157,1.19E-03
SC,2007,WKMA,1645,1308,337,242,95,0.795136778,0.71810089,0.748057486,4.29E-03,0.147112462,0.160761157,1.19E-03
SC,2008,WKMA,1196,900,296,211,85,0.752508361,0.712837838,0.748057486,4.29E-03,0.176421405,0.160761157,1.19E-03
SC,2009,WKMA,1849,1517,332,249,83,0.820443483,0.75,0.748057486,4.29E-03,0.134667388,0.160761157,1.19E-03
SC,2010,WKMA,1266,793,473,317,156,0.626382306,0.670190275,0.748057486,4.29E-03,0.250394945,0.160761157,1.19E-03
SC,2011,WKMA,1366,1117,249,163,86,0.817715959,0.654618474,0.748057486,4.29E-03,0.119326501,0.160761157,1.19E-03
SC,2012,WKMA,1747,1322,425,335,90,0.756725816,0.788235294,0.748057486,4.29E-03,0.191757298,0.160761157,1.19E-03
SC,2013,WKMA,1983,1626,357,279,78,0.819969743,0.781512605,0.748057486,4.29E-03,0.140695915,0.160761157,1.19E-03
SC,2014,WKMA,2396,1757,639,404,235,0.733305509,0.632237872,0.748057486,4.29E-03,0.168614357,0.160761157,1.19E-03
SC,2015,WKMA,2031,1664,367,285,82,0.819300837,0.776566757,0.748057486,4.29E-03,0.140324963,0.160761157,1.19E-03
SC,2016,WKMA,3337,2644,693,588,105,0.792328439,0.848484848,0.748057486,4.29E-03,0.176206173,0.160761157,1.19E-03
SC,2017,WKMA,2899,2301,598,493,105,0.793721973,0.824414716,0.748057486,4.29E-03,0.170058641,0.160761157,1.19E-03
SC,2018,WKMA,4291,3583,708,540,168,0.835003496,0.762711864,0.748057486,4.29E-03,0.125844791,0.160761157,1.19E-03
SC,2019,WKMA,6954,5644,1310,1037,273,0.811619212,0.791603053,0.748057486,4.29E-03,0.149122807,0.160761157,1.19E-03
SE,1998,EWYKT,1305,699,606,NA,NA,0.535632184,,0.262708493,5.89E-03,,0.038838679,2.05E-04
SE,1999,EWYKT,663,547,116,NA,NA,0.825037707,,0.262708493,5.89E-03,,0.038838679,2.05E-04
SE,2000,EWYKT,1199,1057,142,NA,NA,0.881567973,,0.262708493,5.89E-03,,0.038838679,2.05E-04
SE,2001,EWYKT,1043,891,152,NA,NA,0.854266539,,0.262708493,5.89E-03,,0.038838679,2.05E-04
SE,2002,EWYKT,893,791,102,NA,NA,0.885778275,,0.262708493,5.89E-03,,0.038838679,2.05E-04
SE,2003,EWYKT,1627,1184,443,NA,NA,0.72771973,,0.262708493,5.89E-03,,0.038838679,2.05E-04
SE,2004,EWYKT,1501,1123,378,NA,NA,0.748167888,,0.262708493,5.89E-03,,0.038838679,2.05E-04
SE,2005,EWYKT,1676,1392,284,NA,NA,0.830548926,,0.262708493,5.89E-03,,0.038838679,2.05E-04
SE,2006,EWYKT,2529,2089,440,167,273,0.826018189,0.379545455,0.262708493,5.89E-03,0.066034006,0.038838679,2.05E-04
SE,2007,EWYKT,2290,1956,334,108,226,0.854148472,0.323353293,0.262708493,5.89E-03,0.047161572,0.038838679,2.05E-04
SE,2008,EWYKT,2857,2456,401,161,240,0.859642982,0.401496259,0.262708493,5.89E-03,0.056352818,0.038838679,2.05E-04
SE,2009,EWYKT,2494,2193,301,79,222,0.879310345,0.262458472,0.262708493,5.89E-03,0.031676022,0.038838679,2.05E-04
SE,2010,EWYKT,2435,1932,503,119,384,0.793429158,0.236580517,0.262708493,5.89E-03,0.048870637,0.038838679,2.05E-04
SE,2011,EWYKT,2848,2363,485,111,374,0.829705056,0.228865979,0.262708493,5.89E-03,0.038974719,0.038838679,2.05E-04
SE,2012,EWYKT,3241,2727,514,147,367,0.841406973,0.285992218,0.262708493,5.89E-03,0.045356371,0.038838679,2.05E-04
SE,2013,EWYKT,3884,3432,452,56,396,0.883625129,0.123893805,0.262708493,5.89E-03,0.014418126,0.038838679,2.05E-04
SE,2014,EWYKT,4695,4020,675,125,550,0.856230032,0.185185185,0.262708493,5.89E-03,0.026624068,0.038838679,2.05E-04
SE,2015,EWYKT,5729,4715,1014,215,799,0.82300576,0.212031558,0.262708493,5.89E-03,0.037528364,0.038838679,2.05E-04
SE,2016,EWYKT,7499,6237,1262,314,948,0.831710895,0.24881141,0.262708493,5.89E-03,0.04187225,0.038838679,2.05E-04
SE,2017,EWYKT,6324,5527,797,230,567,0.87397217,0.288582183,0.262708493,5.89E-03,0.036369386,0.038838679,2.05E-04
SE,2018,EWYKT,8659,7682,977,286,691,0.887169419,0.292732856,0.262708493,5.89E-03,0.033029218,0.038838679,2.05E-04
SE,2019,EWYKT,7908,7169,739,154,585,0.906550329,0.208389716,0.262708493,5.89E-03,0.01947395,0.038838679,2.05E-04
SC,1998,SKMA,27,22,5,NA,NA,0.814814815,,0.721409939,5.79E-02,,0.11546931,1.95E-03
SC,1999,SKMA,88,73,15,NA,NA,0.829545455,,0.721409939,5.79E-02,,0.11546931,1.95E-03
SC,2000,SKMA,65,5,60,NA,NA,0.076923077,,0.721409939,5.79E-02,,0.11546931,1.95E-03
SC,2001,SKMA,27,8,19,NA,NA,0.296296296,,0.721409939,5.79E-02,,0.11546931,1.95E-03
SC,2002,SKMA,99,88,11,NA,NA,0.888888889,,0.721409939,5.79E-02,,0.11546931,1.95E-03
SC,2003,SKMA,144,104,40,NA,NA,0.722222222,,0.721409939,5.79E-02,,0.11546931,1.95E-03
SC,2004,SKMA,200,159,41,NA,NA,0.795,,0.721409939,5.79E-02,,0.11546931,1.95E-03
SC,2005,SKMA,287,128,159,NA,NA,0.445993031,,0.721409939,5.79E-02,,0.11546931,1.95E-03
SC,2006,SKMA,303,191,112,69,43,0.630363036,0.616071429,0.721409939,5.79E-02,0.227722772,0.11546931,1.95E-03
SC,2007,SKMA,1148,969,179,157,22,0.844076655,0.877094972,0.721409939,5.79E-02,0.136759582,0.11546931,1.95E-03
SC,2008,SKMA,1130,1042,88,59,29,0.922123894,0.670454545,0.721409939,5.79E-02,0.052212389,0.11546931,1.95E-03
SC,2009,SKMA,810,721,89,76,13,0.890123457,0.853932584,0.721409939,5.79E-02,0.09382716,0.11546931,1.95E-03
SC,2010,SKMA,644,400,244,80,164,0.621118012,0.327868852,0.721409939,5.79E-02,0.124223602,0.11546931,1.95E-03
SC,2011,SKMA,689,552,137,77,60,0.801161103,0.562043796,0.721409939,5.79E-02,0.111756168,0.11546931,1.95E-03
SC,2012,SKMA,918,568,350,107,243,0.618736383,0.305714286,0.721409939,5.79E-02,0.116557734,0.11546931,1.95E-03
SC,2013,SKMA,1035,868,167,113,54,0.838647343,0.676646707,0.721409939,5.79E-02,0.109178744,0.11546931,1.95E-03
SC,2014,SKMA,653,557,96,49,47,0.852986217,0.510416667,0.721409939,5.79E-02,0.075038285,0.11546931,1.95E-03
SC,2015,SKMA,619,547,72,68,4,0.88368336,0.944444444,0.721409939,5.79E-02,0.109854604,0.11546931,1.95E-03
SC,2016,SKMA,804,713,91,88,3,0.88681592,0.967032967,0.721409939,5.79E-02,0.109452736,0.11546931,1.95E-03
SC,2017,SKMA,666,607,59,51,8,0.911411411,0.86440678,0.721409939,5.79E-02,0.076576577,0.11546931,1.95E-03
SC,2018,SKMA,671,599,72,71,1,0.892697466,0.986111111,0.721409939,5.79E-02,0.105812221,0.11546931,1.95E-03
,2019,SKMA,716,588,128,120,8,0.82122905,0.9375,0.721409939,5.79E-02,0.167597765,0.11546931,1.95E-03
