"port_site","RptArea","region","N_obs","total_rfharv","total_prockkept","total_yrockkept","total_orockkept"
"CORDOVA","PWSI","SC",155,716,377,126,213
"CORDOVA","PWSO","SC",12,204,186,16,2
"HOMER","NG","SC",2155,22992,18158,2900,1934
"HOMER","PWSO","SC",1,0,0,0,0
"SEWARD","NG","SC",2266,28785,23582,2406,2797
"SEWARD","PWSI","SC",241,4154,3527,247,380
"SEWARD","PWSO","SC",1020,16225,13756,1233,1236
"VALDEZ","PWSI","SC",410,1307,934,132,241
"VALDEZ","PWSO","SC",505,6739,5607,718,414
"WHITTIER","PWSI","SC",783,6184,4192,408,1584
"WHITTIER","PWSO","SC",73,711,563,67,81
