"RptArea","year","N_obs","rclient_sum","nclient_sum"
"AFOGNAK",2025,608,291,3323
"CHIGNIK",2025,1,0,2
"CI",2025,1272,1046,6121
"CSEO",2025,6664,323,29950
"EASTSIDE",2025,303,80,1356
"EYKT",2025,105,0,425
"IBS",2025,553,71,2524
"MAINLAND",2025,21,2,128
"NG",2025,4075,4322,24087
"NORTHEAST",2025,624,234,2849
"NSEI",2025,2925,243,12222
"NSEO",2025,1314,63,5365
"PWSI",2025,1154,1893,5296
"PWSO",2025,1470,3230,7799
"SAKPEN",2025,2,1,2
"SOUTHEAST",2025,157,61,544
"SOUTHWEST",2025,1,1,9
"SSEI",2025,5800,489,24191
"SSEO",2025,3654,220,13318
"WESTSIDE",2025,768,116,3395
"ZZZZ",2025,9,6,32
