"Region","year","RptArea","Log_rfharv","guiSWHS_rfharv","var_guiSWHS_rfharv","privSWHS_rfharv","var_privSWHS_rfharv","SWHS_gprop","var_SWHS_gprop","TOTAL_rfharv","var_TOTAL_rfharv","sd_Rfharv","RFharv_UPRLWR95","PRIV_rfharv","var_PRIV_rfharv","sd_PRIV_rfharv","privrfharv_UPERLWR95"
"SC",2025,"AFOGNAK",12107,12918,8511258.8,1727,654731.5,0.882075793786275,0.0029270286113606,13725.5778758322,708722.85094892,841.856787671703,1650.03930383654,1618.57787583218,708722.85094892,841.856787671703,1650.03930383654
"SC",2025,"BSAI",NA,115,13125.59,269,66909.14,0.299479166666667,0.0843780181699513,NA,NA,NA,NA,NA,NA,NA,NA
"SC",2025,"CI",10563,10849,2390081.6,4204,518787.7,0.72072012223477,0.00201196841814847,14656.1746704766,832011.115912132,912.146433371381,1787.80700940791,4093.17467047655,832011.115912132,912.146433371381,1787.80700940791
"SE",2025,"CSEO",60611,53263,16486897,9295,2490840,0.851417884203459,0.000554392320329436,71188.3096708785,3875689.98567073,1968.67721723769,3858.60734578587,10577.3096708785,3875689.98567073,1968.67721723769,3858.60734578587
"SC",2025,"EASTSIDE",4034,2073,848194.38,3821,1507788,0.833534378769602,0.0108735463892877,4839.63241678726,366563.258189359,605.444678058499,1186.67156899466,805.632416787264,366563.258189359,605.444678058499,1186.67156899466
"SE",2025,"EWYKT",6926,6452,1656344,3092,1277886,0.676026823134954,0.00832006068737966,10245.1556106634,1910890.30183729,1382.34955848269,2709.40513462607,3319.15561066336,1910890.30183729,1382.34955848269,2709.40513462607
"SC",2025,"NG",58124,48047,7593752,15407,7151224,0.757194187915655,0.00112949040198459,76762.3430391076,11608188.346012,3407.07915170927,6677.87513735017,18638.3430391076,11608188.346012,3407.07915170927,6677.87513735017
"SC",2025,"NORTHEAST",8961,7151,1448475,3821,1507788,0.651749908858914,0.00677945661056695,13749.1388616977,3017059.83822628,1736.96857721327,3404.458411338,4788.13886169765,3017059.83822628,1736.96857721327,3404.458411338
"SE",2025,"NSEI",24645,19198,8035876,12470,5284695,0.606227106227106,0.00317910540381196,40653.081570997,14296218.1958679,3781.03401146669,7410.82666247471,16008.081570997,14296218.1958679,3781.03401146669,7410.82666247471
"SE",2025,"NSEO",11357,9234,3175514,11942,6733911,0.436059690215338,0.00510755401645286,26044.5995235001,18220338.9667091,4268.52889959868,8366.31664321341,14687.5995235001,18220338.9667091,4268.52889959868,8366.31664321341
"SC",2025,"PWSI",12707,11850,2062557,17158,7607394,0.408507997793712,0.00236626219837804,31105.8781434599,13719764.9587976,3704.02010777448,7259.87941123797,18398.8781434599,13719764.9587976,3704.02010777448,7259.87941123797
"SC",2025,"PWSO",24237,9728,1803423.9,1674,447987.3,0.853183651990879,0.00280736236483875,28407.7173108553,3112333.29096335,1764.18062878021,3457.79403240922,4170.71731085526,3112333.29096335,1764.18062878021,3457.79403240922
"SC",2025,"SOKO2SAP",NA,132,8283.139,201,40824.217,0.396396396396396,0.0850631713620948,NA,NA,NA,NA,NA,NA,NA,NA
"SE",2025,"SSEI",42862,44436,18972604,27071,11196805,0.621421678996462,0.00137740079083828,68974.0983436853,16969130.585078,4119.36045826024,8073.94649819008,26112.0983436853,16969130.585078,4119.36045826024,8073.94649819008
"SE",2025,"SSEO",35697,20605,10781130,5777,2374010,0.781024941247821,0.00282338216920458,45705.3265712205,9668820.43313466,3109.47269374321,6094.56647973669,10008.3265712205,9668820.43313466,3109.47269374321,6094.56647973669
"SC",2025,"WKMA",8109,7520,3105082,724,160011,0.912178554099952,0.00231136564580579,8889.70691489361,219524.918656273,468.534863864231,918.328333173892,780.706914893612,219524.918656273,468.534863864231,918.328333173892
"SC",2025,"SKMA",2385,7520,3105082,724,160011,0.912178554099952,0.00231136564580579,2614.61968085106,18990.0448664596,137.804371724774,270.096568580557,229.619680851063,18990.0448664596,137.804371724774,270.096568580557
