"Region","year","RptArea","Log_rfharv","guiSWHS_rfharv","var_guiSWHS_rfharv","privSWHS_rfharv","var_privSWHS_rfharv","SWHS_gprop","var_SWHS_gprop"
"SC",2025,"AFOGNAK",NA,12918,8511258.8,1727,654731.5,0.882075793786275,0.0029270286113606
"SC",2025,"BSAI",NA,115,13125.59,269,66909.14,0.299479166666667,0.0843780181699513
"SC",2025,"CI",NA,10849,2390081.6,4204,518787.7,0.72072012223477,0.00201196841814847
"SE",2025,"CSEO",NA,53263,16486897,9295,2490840,0.851417884203459,0.000554392320329436
"SC",2025,"EASTSIDE",NA,2073,848194.38,3821,1507788,0.833534378769602,0.0108735463892877
"SE",2025,"EWYKT",NA,6452,1656344,3092,1277886,0.676026823134954,0.00832006068737966
"SC",2025,"NG",NA,48047,7593752,15407,7151224,0.757194187915655,0.00112949040198459
"SC",2025,"NORTHEAST",NA,7151,1448475,3821,1507788,0.651749908858914,0.00677945661056695
"SE",2025,"NSEI",NA,19198,8035876,12470,5284695,0.606227106227106,0.00317910540381196
"SE",2025,"NSEO",NA,9234,3175514,11942,6733911,0.436059690215338,0.00510755401645286
"SC",2025,"PWSI",NA,11850,2062557,17158,7607394,0.408507997793712,0.00236626219837804
"SC",2025,"PWSO",NA,9728,1803423.9,1674,447987.3,0.853183651990879,0.00280736236483875
"SC",2025,"SOKO2SAP",NA,132,8283.139,201,40824.217,0.396396396396396,0.0850631713620948
"SE",2025,"SSEI",NA,44436,18972604,27071,11196805,0.621421678996462,0.00137740079083828
"SE",2025,"SSEO",NA,20605,10781130,5777,2374010,0.781024941247821,0.00282338216920458
"SC",2025,"WKMA",NA,7520,3105082,724,160011,0.912178554099952,0.00231136564580579
"SC",2025,"SKMA",NA,7520,3105082,724,160011,0.912178554099952,0.00231136564580579
