"Region","year","RptArea","Log_rfrel","guiSWHS_rfrel","var_guiSWHS_rfrel","privSWHS_rfrel","var_privSWHS_rfrel","SWHS_gprop","var_SWHS_gprop"
"SC",2025,"AFOGNAK",NA,5932,29359104,2719,5808192,0.685701075020229,0.0752425120980192
"SC",2025,"BSAI",NA,0,26251.17,883,1295677.26,0,0.0336687704969545
"SC",2025,"CI",NA,3976,7265663,2524,1941387,0.611692307692308,0.043122872317804
"SE",2025,"CSEO",NA,16151,52749035,11059,15541276,0.593568540977582,0.019164361589501
"SC",2025,"EASTSIDE",NA,615,1851858.2,4503,8764389,0.575842696629214,0.381538545104614
"SE",2025,"EWYKT",NA,807,4132104,2143,3967455,0.273559322033898,0.284686119150742
"SC",2025,"NG",NA,12413,22017899,8731,25195540,0.587069617858494,0.0278211500938437
"SC",2025,"NORTHEAST",NA,3080,4699003,4503,8764389,0.406171699854939,0.0539621938032217
"SE",2025,"NSEI",NA,10980,31669309,15631,21750433,0.412611326143324,0.0206591603732561
"SE",2025,"NSEO",NA,5526,13209498,16482,85128611,0.251090512540894,0.026377108577802
"SC",2025,"PWSI",NA,5895,7955091,15630,32575315,0.273867595818815,0.01432627084554
"SC",2025,"PWSO",NA,2039,4970850,1964,2090275,0.509367974019485,0.108519395805661
"SC",2025,"SOKO2SAP",NA,0,16566.28,0,81648.43,NA,NA
"SE",2025,"SSEI",NA,21423,52823184,37525,52765568,0.36342199905001,0.0081656836351676
"SE",2025,"SSEO",NA,5400,26134492,3967,9210224,0.57649193978862,0.0883103555312269
"SC",2025,"WKMA",NA,7522,18177954.2,136,345954.1,0.982240793940977,0.00578922009439425
"SC",2025,"SKMA",NA,7522,18177954.2,136,345954.1,0.982240793940977,0.00578922009439425
