"Region","year","RptArea","Log_rfrel","guiSWHS_rfrel","var_guiSWHS_rfrel","privSWHS_rfrel","var_privSWHS_rfrel","SWHS_gprop","var_SWHS_gprop","TOTAL_rfrel","var_TOTAL_rfrel","sd_Rfrel","RFrel_UPRLWR95","PRIV_rfrel","var_PRIV_rfrel","sd_PRIV_rfrel","privrfrel_UPERLWR95"
"SC",2025,"AFOGNAK",596,5932,29359104,2719,5808192,0.685701075020229,0.0752425120980192,869.183412002697,120897.267438279,347.702843586702,681.497573429936,273.183412002697,120897.267438279,347.702843586702,681.497573429936
"SC",2025,"BSAI",NA,0,26251.17,883,1295677.26,0,0.0336687704969545,NA,NA,NA,NA,NA,NA,NA,NA
"SC",2025,"CI",295,3976,7265663,2524,1941387,0.611692307692308,0.043122872317804,482.26861167002,26805.2360576941,163.723046812885,320.897171753254,187.26861167002,26805.2360576941,163.723046812885,320.897171753254
"SE",2025,"CSEO",8843,16151,52749035,11059,15541276,0.593568540977582,0.019164361589501,14898.0267475698,12072858.3485286,3474.60189784796,6810.219719782,6055.0267475698,12072858.3485286,3474.60189784796,6810.219719782
"SC",2025,"EASTSIDE",454,615,1851858.2,4503,8764389,0.575842696629214,0.381538545104614,788.40975609756,715211.802610437,845.701958499823,1657.57583865965,334.40975609756,715211.802610437,845.701958499823,1657.57583865965
"SE",2025,"EWYKT",828,807,4132104,2143,3967455,0.273559322033898,0.284686119150742,3026.76579925651,34851453.1328355,5903.5119321329,11570.8833869805,2198.76579925651,34851453.1328355,5903.5119321329,11570.8833869805
"SC",2025,"NG",3281,12413,22017899,8731,25195540,0.587069617858494,0.0278211500938437,5588.77499395795,2521326.67727918,1587.86859572169,3112.22244761451,2307.77499395795,2521326.67727918,1587.86859572169,3112.22244761451
"SC",2025,"NORTHEAST",614,3080,4699003,4503,8764389,0.406171699854939,0.0539621938032217,1511.67597402597,747459.554327296,864.557432636662,1694.53256796786,897.675974025973,747459.554327296,864.557432636662,1694.53256796786
"SE",2025,"NSEI",5783,10980,31669309,15631,21750433,0.412611326143324,0.0206591603732561,14015.6113843352,23837157.7754811,4882.33118248661,9569.36911767375,8232.61138433516,23837157.7754811,4882.33118248661,9569.36911767375
"SE",2025,"NSEO",1294,5526,13209498,16482,85128611,0.251090512540894,0.026377108577802,5153.52008686211,11111546.9828393,3333.39871345138,6533.4614783647,3859.52008686211,11111546.9828393,3333.39871345138,6533.4614783647
"SC",2025,"PWSI",1425,5895,7955091,15630,32575315,0.273867595818815,0.01432627084554,5203.24427480917,5171306.61955174,2274.0507073396,4457.13938638562,3778.24427480917,5171306.61955174,2274.0507073396,4457.13938638562
"SC",2025,"PWSO",1192,2039,4970850,1964,2090275,0.509367974019485,0.108519395805661,2340.15497793036,2290516.02856758,1513.445086076,2966.35236870896,1148.15497793036,2290516.02856758,1513.445086076,2966.35236870896
"SC",2025,"SOKO2SAP",NA,0,16566.28,0,81648.43,NA,NA,NA,NA,NA,NA,NA,NA,NA,NA
"SE",2025,"SSEI",24551,21423,52823184,37525,52765568,0.36342199905001,0.0081656836351676,67555.0738925454,282153908.571141,16797.4375596738,32922.9776169607,43004.0738925454,282153908.571141,16797.4375596738,32922.9776169607
"SE",2025,"SSEO",2174,5400,26134492,3967,9210224,0.57649193978862,0.0883103555312269,3771.08481481481,3778833.47860825,1943.92218944284,3810.08749130797,1597.08481481481,3778833.47860825,1943.92218944284,3810.08749130797
"SC",2025,"WKMA",3053,7522,18177954.2,136,345954.1,0.982240793940977,0.00578922009439425,3108.19914916246,57969.799886222,240.769183838426,471.907600323316,55.1991491624563,57969.799886222,240.769183838426,471.907600323316
"SC",2025,"SKMA",177,7522,18177954.2,136,345954.1,0.982240793940977,0.00578922009439425,180.200212709386,194.847449468758,13.9587767898465,27.3592025080992,3.20021270938577,194.847449468758,13.9587767898465,27.3592025080992
